rank,ticker,price,sma50,sma200,pct_above_200sma,rsi14,pattern_type,bottom1_date,bottom2_date,bottom3_date,bottom1_price,bottom2_price,bottom3_price,avg_bottom,bottom_variation_pct,neckline,pattern_span_days,breakout_date,days_since_breakout,pct_above_neckline,pct_to_neckline,volume_ratio,name,indices,region,score
1,SLB,60.17,49.8,48.26,24.7,76.3,triple_bottom_breakout,2024-08-07 13:30:00,2026-03-13 13:30:00,2026-07-21 13:30:00,42.81,43.55,45.18,43.85,3.04,58.82,488,2026-08-31 13:30:00,0.0,2.3,,1.71,Schlumberger,S&P 500,US,0.7310253968253968
2,ANF,143.07,101.77,95.23,50.2,73.8,triple_bottom_breakout,2025-04-30 13:30:00,2025-11-24 14:30:00,2026-05-20 13:30:00,66.87,65.45,69.68,67.33,3.49,133.11,265,2026-08-26 13:30:00,2.0,7.48,,15.48,Abercrombie & Fitch,S&P MidCap 400,US,0.5661126984126984
3,ROKU,156.93,146.31,116.62,34.6,64.1,triple_bottom_breakout,2022-03-15 13:30:00,2025-09-12 13:30:00,2025-11-21 14:30:00,97.91,92.41,90.54,93.62,4.58,139.58,927,2026-06-12 13:30:00,53.0,12.43,,6.04,"Roku, Inc.",S&P MidCap 400,US,0.5158074074074074
4,RVTY,128.72,113.79,101.35,27.0,69.6,triple_bottom_breakout,2024-12-19 14:30:00,2025-03-04 14:30:00,2026-07-21 13:30:00,107.64,106.61,102.37,105.54,3.0,128.29,394,2026-08-27 13:30:00,1.0,0.34,,1.29,Revvity,S&P 500,US,0.4898412698412698
5,SJM,131.23,116.7,104.33,25.8,70.4,triple_bottom_breakout,2024-03-08 14:30:00,2024-08-28 13:30:00,2026-07-15 13:30:00,116.94,112.7,107.45,112.36,4.37,127.59,588,2026-08-26 13:30:00,2.0,2.85,,2.06,J.M. Smucker Company (The),S&P 500,US,0.4770444444444444
6,ABNB,182.91,158.64,137.82,32.7,61.7,triple_bottom_breakout,2022-03-08 14:30:00,2026-05-20 13:30:00,2026-07-23 13:30:00,131.5,128.2,135.72,131.81,2.97,179.09,1097,2026-08-10 13:30:00,14.0,2.13,,2.5,Airbnb,S&P 500,US,0.45615555555555554
7,HAE,103.05,84.84,71.95,43.2,67.2,triple_bottom_breakout,2022-12-16 14:30:00,2025-12-15 14:30:00,2026-07-09 13:30:00,76.0,78.68,71.81,75.5,4.88,97.97,890,2026-08-18 13:30:00,8.0,5.19,,2.78,Haemonetics,S&P MidCap 400,US,0.45128888888888885
8,LAD,367.38,343.47,308.4,19.1,52.5,triple_bottom_breakout,2025-04-04 13:30:00,2026-04-28 13:30:00,2026-06-30 13:30:00,262.1,269.0,283.36,271.49,4.37,360.56,309,2026-07-29 13:30:00,22.0,1.89,,5.84,Lithia Motors,S&P MidCap 400,US,0.4413008281573499
9,ABBV,256.55,251.2,224.99,14.0,51.9,triple_bottom_breakout,2024-09-26 13:30:00,2026-02-04 14:30:00,2026-04-29 13:30:00,189.62,204.27,190.75,194.88,4.82,244.81,397,2026-06-26 13:30:00,44.0,4.8,,8.36,AbbVie,S&P 500,US,0.4412587301587302
10,GRMN,284.37,268.35,235.15,20.9,47.0,triple_bottom_breakout,2024-11-20 14:30:00,2025-08-01 13:30:00,2026-05-19 13:30:00,204.16,214.44,224.54,214.38,4.77,273.32,372,2026-07-29 13:30:00,22.0,4.04,,4.25,Garmin,S&P 500,US,0.43191193926846105
11,SDR.L,584.0,585.99,530.86,10.0,44.5,triple_bottom_setup,2022-01-24 08:00:00,2026-06-08 07:00:00,2026-08-11 07:00:00,553.52,582.0,582.0,572.51,3.32,599.5,1147,,,,2.65,0.0,Schroders,STOXX 600,Europe,0.4281166666666667
12,DAR,66.27,60.67,52.75,25.6,57.9,triple_bottom_setup,2023-06-21 13:30:00,2026-05-22 13:30:00,2026-08-05 13:30:00,58.0,57.65,57.76,57.8,0.34,71.6,783,,,,8.04,0.0,Darling Ingredients,S&P MidCap 400,US,0.42789999999999995
13,NWSA,30.72,27.89,26.06,17.9,64.9,triple_bottom_setup,2021-10-27 13:30:00,2024-01-18 14:30:00,2026-06-22 13:30:00,22.72,23.29,24.35,23.45,3.82,31.61,1165,,,,2.9,0.0,News Corp (Class A),S&P 500,US,0.4185333333333333
14,ILMN,213.63,193.48,149.52,42.9,58.0,triple_bottom_breakout,2023-05-09 13:30:00,2023-07-18 13:30:00,2026-08-10 13:30:00,185.08,174.15,186.64,181.96,4.29,208.08,815,2026-08-20 13:30:00,6.0,2.67,,1.7,"Illumina, Inc.",S&P MidCap 400,US,0.4157873015873016
15,WTRG,41.18,39.14,38.3,7.5,59.9,triple_bottom_setup,2023-09-07 13:30:00,2024-02-26 14:30:00,2026-06-18 13:30:00,35.44,33.94,36.34,35.24,3.69,42.37,697,,,,2.89,0.0,Essential Utilities,S&P MidCap 400,US,0.4127624338624339
16,AV.L,730.4,686.58,651.62,12.1,62.3,triple_bottom_breakout,2025-07-02 07:00:00,2026-05-14 07:00:00,2026-07-13 07:00:00,602.2,600.18,608.6,603.66,0.82,700.8,260,2026-08-03 07:00:00,19.0,4.22,,2.8,Aviva,STOXX 600,Europe,0.41074285714285713
17,SHC,18.9,18.07,16.74,12.9,53.2,triple_bottom_setup,2023-02-13 14:30:00,2023-08-03 13:30:00,2026-07-21 13:30:00,16.15,15.82,16.83,16.27,3.46,19.85,860,,,,5.03,0.0,Sotera Health,S&P MidCap 400,US,0.40618333333333334
18,VZ,50.03,45.76,44.39,12.7,65.9,triple_bottom_setup,2022-07-22 13:30:00,2025-03-12 13:30:00,2026-06-04 13:30:00,43.77,41.17,44.3,43.08,4.43,51.68,970,,,,3.29,0.0,Verizon,S&P 500,US,0.40613333333333335
19,WTW,338.55,307.74,298.32,13.5,58.7,triple_bottom_setup,2022-12-16 14:30:00,2023-12-15 14:30:00,2026-06-22 13:30:00,237.1,234.01,250.24,240.45,4.07,352.79,878,,,,4.21,0.0,Willis Towers Watson,S&P 500,US,0.4038666666666667
20,TMO,618.02,557.4,534.59,15.6,63.3,triple_bottom_setup,2022-11-03 13:30:00,2026-04-23 13:30:00,2026-07-21 13:30:00,475.77,455.6,495.04,475.47,4.18,643.99,928,,,,4.2,0.0,Thermo Fisher Scientific,S&P 500,US,0.4023
21,CVX,206.22,186.29,176.74,16.7,66.5,triple_bottom_setup,2022-04-25 13:30:00,2023-02-22 14:30:00,2026-07-01 13:30:00,151.36,158.91,164.78,158.35,4.41,214.71,1049,,,,4.12,0.0,Chevron Corporation,S&P 500,US,0.39951666666666663
22,ABDN.L,252.2,246.51,220.87,14.2,58.8,triple_bottom_setup,2021-10-06 07:00:00,2022-01-24 08:00:00,2026-07-29 07:00:00,242.1,228.78,228.0,232.96,3.92,265.3,1213,,,,5.19,0.0,Aberdeen Group,STOXX 600,Europe,0.39795
23,EW,90.86,89.4,84.83,7.1,54.0,triple_bottom_setup,2024-06-17 13:30:00,2025-12-15 14:30:00,2026-06-12 13:30:00,85.12,81.85,83.17,83.38,2.09,95.25,498,,,,4.83,0.0,Edwards Lifesciences,S&P 500,US,0.3942730158730159
24,ADM,81.29,79.71,70.6,15.1,54.0,triple_bottom_setup,2023-03-17 13:30:00,2023-06-01 13:30:00,2026-06-24 13:30:00,73.98,69.92,71.62,71.84,2.98,87.3,819,,,,7.39,0.0,Archer Daniels Midland,S&P 500,US,0.3937166666666667
25,MSI,485.57,436.19,418.77,16.0,67.1,triple_bottom_setup,2025-03-13 13:30:00,2025-06-18 13:30:00,2026-06-24 13:30:00,404.14,403.92,389.02,399.03,2.51,492.22,321,,,,1.37,0.0,Motorola Solutions,S&P 500,US,0.3933936507936508
26,UGI,38.45,36.09,36.13,6.4,64.2,triple_bottom_setup,2023-03-24 13:30:00,2025-03-13 13:30:00,2026-06-18 13:30:00,32.1,31.79,33.37,32.42,2.93,41.34,811,,,,7.52,0.0,UGI Corp,S&P MidCap 400,US,0.3933833333333333
27,IVZ,32.85,29.75,26.66,23.2,62.2,triple_bottom_breakout,2021-12-20 14:30:00,2025-11-18 14:30:00,2026-04-07 13:30:00,21.33,22.1,21.82,21.75,1.93,29.61,1076,2026-07-15 13:30:00,32.0,10.93,,1.25,Invesco,S&P 500,US,0.3929656565656565
28,BKH,71.67,73.12,71.28,0.5,43.8,triple_bottom_setup,2023-01-20 14:30:00,2026-05-07 13:30:00,2026-08-04 13:30:00,69.34,71.8,70.52,70.55,1.77,78.69,886,,,,9.79,0.0,Black Hills Corporation,S&P MidCap 400,US,0.3918666666666667
29,MA,589.44,547.81,528.15,11.6,63.8,triple_bottom_setup,2025-04-07 13:30:00,2026-03-27 13:30:00,2026-06-03 13:30:00,465.59,480.5,464.52,470.2,2.19,601.77,290,,,,2.09,0.0,Mastercard,S&P 500,US,0.3880931216931217
30,UU.L,1431.0,1374.82,1310.42,9.2,58.8,triple_bottom_setup,2022-05-09 07:00:00,2026-01-22 08:00:00,2026-06-30 07:00:00,1068.73,1177.5,1119.0,1121.74,4.97,1497.0,1045,,,,4.61,0.0,United Utilities,STOXX 600,Europe,0.38703333333333334
31,VEEV,285.52,207.79,198.93,43.5,80.3,triple_bottom_setup,2022-05-19 13:30:00,2022-09-26 13:30:00,2026-06-18 13:30:00,152.04,157.64,150.39,153.36,2.79,310.5,1023,,,,8.75,0.0,Veeva Systems,S&P 500,US,0.3852333333333333
32,PBF,72.95,60.31,42.99,69.7,58.2,triple_bottom_breakout,2023-06-01 13:30:00,2026-04-17 13:30:00,2026-06-18 13:30:00,35.46,36.12,36.39,35.99,1.47,62.88,764,2026-07-20 13:30:00,29.0,16.01,,0.92,PBF Energy,S&P MidCap 400,US,0.3850444444444444
33,FLR,54.51,51.69,47.56,14.6,57.0,triple_bottom_setup,2024-11-12 14:30:00,2026-04-21 13:30:00,2026-07-08 13:30:00,47.72,46.63,47.81,47.39,1.6,57.5,411,,,,5.49,0.0,Fluor,S&P MidCap 400,US,0.3846150793650793
34,SVT.L,3146.0,3030.2,2991.42,5.2,58.8,triple_bottom_setup,2021-10-18 07:00:00,2022-02-22 08:00:00,2026-06-22 07:00:00,2588.63,2720.0,2812.0,2706.88,4.37,3335.0,1178,,,,6.01,0.0,Severn Trent,STOXX 600,Europe,0.38436666666666663
35,APA,43.12,36.72,32.74,31.7,63.9,triple_bottom_setup,2023-12-07 14:30:00,2026-04-17 13:30:00,2026-07-01 13:30:00,33.58,33.43,31.77,32.93,3.51,45.66,641,,,,5.89,0.0,APA Corporation,S&P 500,US,0.3830550264550265
36,OVV,65.64,59.32,51.71,26.9,61.4,triple_bottom_breakout,2024-04-16 13:30:00,2026-04-17 13:30:00,2026-07-01 13:30:00,51.16,51.03,51.86,51.35,0.99,63.46,553,2026-08-10 13:30:00,14.0,3.44,,1.16,Ovintiv,S&P MidCap 400,US,0.3810333333333334
37,SWX,88.31,90.27,85.84,2.9,41.4,triple_bottom_setup,2022-06-21 13:30:00,2026-03-20 13:30:00,2026-08-05 13:30:00,82.01,83.51,88.0,84.51,4.13,94.47,1034,,,,6.98,0.0,Southwest Gas Corp,S&P MidCap 400,US,0.37988333333333335
38,LONN.SW,576.6,567.15,525.82,9.7,51.8,triple_bottom_setup,2025-05-23 07:00:00,2025-08-11 07:00:00,2026-07-22 07:00:00,550.4,538.2,527.4,538.67,2.18,594.8,289,,,,3.16,0.0,Lonza Group AG,STOXX 600,Europe,0.3791941798941799
39,LECO,281.23,267.52,259.38,8.4,54.1,triple_bottom_setup,2024-03-14 13:30:00,2026-06-01 13:30:00,2026-07-30 13:30:00,245.46,247.92,243.12,245.5,0.99,310.0,595,,,,10.23,0.0,Lincoln Electric,S&P MidCap 400,US,0.3786037037037037
40,GALP.LS,21.4,19.63,18.08,18.3,62.5,triple_bottom_setup,2024-05-16 08:00:00,2024-07-11 08:00:00,2026-06-18 08:00:00,19.48,19.22,18.2,18.97,4.04,22.26,533,,,,4.02,0.0,Galp Energia,STOXX 600,Europe,0.3764026455026455
41,COP,132.6,116.91,110.18,20.4,65.2,triple_bottom_setup,2024-06-17 13:30:00,2026-04-17 13:30:00,2026-07-01 13:30:00,108.48,112.21,102.69,107.79,4.73,135.87,510,,,,2.46,0.0,ConocoPhillips,S&P 500,US,0.37601031746031743
42,TTC,97.78,95.89,90.06,8.6,51.5,triple_bottom_setup,2023-09-21 13:30:00,2023-12-05 14:30:00,2026-06-05 13:30:00,78.35,81.35,84.25,81.32,3.65,105.19,678,,,,7.58,0.0,Toro,S&P MidCap 400,US,0.37176587301587305
43,CRDA.L,3459.0,3130.15,2916.03,18.6,65.6,triple_bottom_breakout,2025-02-11 08:00:00,2025-07-01 07:00:00,2026-07-09 07:00:00,3025.9,2881.0,2832.0,2912.97,3.88,3372.6,355,2026-08-21 07:00:00,5.0,2.56,,1.99,Croda International,STOXX 600,Europe,0.37005873015873014
44,BALL,63.0,62.58,58.49,7.7,50.4,triple_bottom_setup,2025-01-10 14:30:00,2025-08-06 13:30:00,2026-06-08 13:30:00,51.96,52.42,51.96,52.11,0.59,68.29,352,,,,8.4,0.0,Ball Corporation,S&P 500,US,0.36771084656084657
45,TROW,111.26,114.13,101.82,9.3,43.7,triple_bottom_setup,2023-08-21 13:30:00,2024-01-17 14:30:00,2026-06-24 13:30:00,106.46,104.51,104.4,105.12,1.27,125.81,712,,,,13.08,0.0,T. Rowe Price,S&P 500,US,0.3661298941798942
46,CFR,160.9,161.13,141.31,13.9,41.2,triple_bottom_breakout,2022-09-29 13:30:00,2026-03-19 13:30:00,2026-06-02 13:30:00,131.25,128.65,132.57,130.82,1.66,160.6,920,2026-07-16 13:30:00,31.0,0.19,,0.66,Frost Bank,S&P MidCap 400,US,0.36596666666666666
47,GEF,82.67,80.24,70.31,17.6,44.3,triple_bottom_breakout,2023-01-05 14:30:00,2026-01-29 14:30:00,2026-07-14 13:30:00,65.81,68.6,69.35,67.92,3.11,77.14,881,2026-07-24 13:30:00,25.0,7.17,,1.1,"Greif, Inc.",S&P MidCap 400,US,0.3642957264957265
48,ALV,121.27,119.8,117.36,3.3,50.0,triple_bottom_setup,2024-04-19 13:30:00,2025-08-01 13:30:00,2026-07-01 13:30:00,113.96,109.4,113.29,112.22,2.51,132.17,550,,,,8.99,0.0,Autoliv,S&P MidCap 400,US,0.3601846560846561
49,TRYG.CO,154.1,152.7,151.76,1.5,51.2,triple_bottom_setup,2022-10-13 07:00:00,2023-01-30 08:00:00,2026-06-08 07:00:00,149.05,152.75,146.5,149.43,2.22,173.9,908,,,,12.85,0.0,Tryg,STOXX 600,Europe,0.3596166666666667
50,CNC,64.33,65.2,49.58,29.8,47.7,triple_bottom_setup,2024-11-18 14:30:00,2025-02-13 14:30:00,2026-07-28 13:30:00,57.2,55.17,56.67,56.35,2.09,69.36,421,,,,7.82,0.0,Centene Corporation,S&P 500,US,0.359171164021164
51,NDAQ,98.66,91.14,89.75,9.9,64.8,triple_bottom_setup,2025-01-13 14:30:00,2026-03-27 13:30:00,2026-06-30 13:30:00,75.33,81.0,76.55,77.63,4.35,101.79,366,,,,3.17,0.0,"Nasdaq, Inc.",S&P 500,US,0.35674603174603176
52,PK,15.3,14.82,11.84,29.2,51.5,triple_bottom_setup,2024-06-14 13:30:00,2024-09-11 13:30:00,2026-07-08 13:30:00,14.45,13.54,13.66,13.88,4.07,16.23,515,,,,6.08,0.0,Park Hotels & Resorts,S&P MidCap 400,US,0.3564050264550265
53,NEU,896.63,837.99,725.88,23.5,51.4,triple_bottom_breakout,2024-03-13 13:30:00,2026-02-17 14:30:00,2026-04-23 13:30:00,603.0,585.82,607.58,598.8,2.17,875.97,529,2026-08-04 13:30:00,18.0,2.36,,1.32,NewMarket Corporation,S&P MidCap 400,US,0.3559462823725982
54,SSB,104.92,103.79,96.94,8.2,44.3,triple_bottom_setup,2024-11-04 14:30:00,2026-04-24 13:30:00,2026-07-08 13:30:00,95.01,93.8,96.85,95.22,1.71,114.27,417,,,,8.91,0.0,South State Bank,S&P MidCap 400,US,0.3552587301587302
55,GMAB.CO,2122.0,1932.71,1877.62,13.0,60.9,triple_bottom_setup,2024-05-24 07:00:00,2026-01-20 08:00:00,2026-08-03 07:00:00,1906.0,1976.0,1819.5,1900.5,4.26,2257.0,545,,,,6.36,0.0,Genmab,STOXX 600,Europe,0.3551899470899471
56,FHN,24.33,25.44,24.0,1.4,35.6,triple_bottom_setup,2022-03-16 13:30:00,2022-09-30 13:30:00,2026-07-15 13:30:00,22.85,22.89,24.48,23.41,4.59,26.56,1085,,,,9.19,0.0,First Horizon,S&P MidCap 400,US,0.3545666666666667
57,INVP.L,663.0,636.57,607.25,9.2,57.5,triple_bottom_setup,2024-10-02 07:00:00,2025-10-17 07:00:00,2026-07-01 07:00:00,548.5,542.0,585.0,558.5,4.74,690.0,440,,,,4.07,0.0,Investec,STOXX 600,Europe,0.3531843915343915
58,BLND.L,426.2,429.1,401.92,6.0,43.3,triple_bottom_setup,2024-07-25 07:00:00,2026-02-13 08:00:00,2026-06-22 07:00:00,383.13,394.6,394.6,390.78,1.96,467.8,481,,,,9.76,0.0,British Land,STOXX 600,Europe,0.3528910052910053
59,A,153.73,140.12,131.12,17.2,60.8,triple_bottom_setup,2024-12-19 14:30:00,2026-01-02 14:30:00,2026-07-21 13:30:00,131.62,135.27,125.0,130.63,4.31,160.27,394,,,,4.25,0.0,Agilent Technologies,S&P 500,US,0.3520497354497355
60,IFF,86.25,80.39,73.61,17.2,60.6,triple_bottom_breakout,2025-06-23 13:30:00,2026-05-20 13:30:00,2026-07-23 13:30:00,72.63,71.3,72.11,72.01,0.99,84.45,272,2026-08-05 13:30:00,17.0,2.14,,1.72,International Flavors & Fragrances,S&P 500,US,0.35194603174603173
61,NWS,34.44,31.65,29.7,16.0,60.3,triple_bottom_setup,2025-06-13 13:30:00,2026-05-20 13:30:00,2026-07-23 13:30:00,31.2,29.34,29.6,30.05,3.84,35.58,277,,,,3.31,0.0,News Corp (Class B),S&P 500,US,0.3514568783068783
62,OZK,49.08,50.72,47.54,3.2,36.9,triple_bottom_setup,2022-01-31 14:30:00,2026-04-22 13:30:00,2026-07-23 13:30:00,45.67,46.6,49.49,47.25,4.73,53.66,1122,,,,9.33,0.0,Bank OZK,S&P MidCap 400,US,0.35129999999999995
63,PLD,140.07,142.44,135.69,3.2,43.7,triple_bottom_setup,2024-01-18 14:30:00,2026-03-20 13:30:00,2026-07-01 13:30:00,124.67,127.29,135.1,129.02,4.71,150.18,614,,,,7.21,0.0,Prologis,S&P 500,US,0.3504835978835979
64,EHC,120.23,113.03,106.75,12.6,56.0,triple_bottom_setup,2025-07-16 13:30:00,2025-12-10 14:30:00,2026-07-31 13:30:00,105.7,105.71,109.04,106.82,2.08,127.99,262,,,,6.45,0.0,Encompass Health,S&P MidCap 400,US,0.34970608465608466
65,MKS.L,394.8,386.98,360.85,9.4,53.7,triple_bottom_setup,2025-05-12 07:00:00,2025-07-11 07:00:00,2026-06-22 07:00:00,342.8,326.24,344.9,337.98,3.47,411.8,281,,,,4.31,0.0,Marks & Spencer,STOXX 600,Europe,0.3492026455026455
66,WBD,28.5,26.94,27.15,5.0,62.7,triple_bottom_setup,2022-01-26 14:30:00,2026-04-28 13:30:00,2026-07-27 13:30:00,24.18,26.6,25.25,25.34,4.96,31.12,1127,,,,9.19,0.0,Warner Bros. Discovery,S&P 500,US,0.34901666666666664
67,NVST,27.12,27.08,25.11,8.0,47.1,triple_bottom_setup,2023-12-12 14:30:00,2026-01-02 14:30:00,2026-06-03 13:30:00,22.19,21.58,22.35,22.04,2.11,30.42,619,,,,12.15,0.0,Envista Holdings,S&P MidCap 400,US,0.3489783068783069
68,MSFT,507.54,429.85,429.37,18.2,71.8,triple_bottom_setup,2023-12-04 14:30:00,2025-03-11 13:30:00,2026-06-25 13:30:00,362.9,376.91,349.2,363.0,3.83,555.45,640,,,,9.44,0.0,Microsoft,S&P 500,US,0.348539417989418
69,XEL,75.69,79.15,77.99,-2.9,36.8,triple_bottom_setup,2022-05-03 13:30:00,2026-06-01 13:30:00,2026-08-07 13:30:00,71.82,76.16,76.08,74.69,3.84,84.23,1069,,,,11.28,0.0,Xcel Energy,S&P 500,US,0.34840000000000004
70,STAG,37.24,38.51,37.67,-1.1,45.6,triple_bottom_setup,2022-02-24 14:30:00,2026-03-31 13:30:00,2026-06-03 13:30:00,37.23,35.61,36.28,36.37,2.36,42.49,1071,,,,14.08,0.0,STAG Industrial,S&P MidCap 400,US,0.3472666666666666
71,CHD,99.9,98.76,94.0,6.3,49.2,triple_bottom_setup,2025-05-12 13:30:00,2025-07-16 13:30:00,2026-06-04 13:30:00,90.99,95.28,92.57,92.95,2.51,106.04,267,,,,6.15,0.0,Church & Dwight,S&P 500,US,0.3464174603174603
72,AFG,142.59,141.85,132.88,7.3,47.3,triple_bottom_setup,2025-01-10 14:30:00,2025-12-03 14:30:00,2026-07-15 13:30:00,127.6,130.0,136.73,131.44,4.02,150.02,377,,,,5.21,0.0,American Financial Group,S&P MidCap 400,US,0.3461510582010582
73,BBOX.L,157.4,163.23,156.32,0.7,38.6,triple_bottom_setup,2022-12-20 08:00:00,2023-08-02 07:00:00,2026-06-08 07:00:00,133.8,134.4,143.24,137.15,4.44,174.0,872,,,,10.55,0.0,Tritax Big Box REIT,STOXX 600,Europe,0.34548333333333336
74,GEN,30.92,26.91,24.28,27.3,70.9,triple_bottom_setup,2025-03-13 13:30:00,2025-11-07 14:30:00,2026-07-23 13:30:00,26.29,24.35,24.97,25.2,4.31,32.22,341,,,,4.22,0.0,Gen Digital,S&P 500,US,0.34528915343915345
75,IQV,261.51,221.25,200.77,30.3,72.0,triple_bottom_breakout,2024-07-05 13:30:00,2025-12-04 14:30:00,2026-07-22 13:30:00,205.06,214.01,197.6,205.56,4.11,252.88,512,2026-08-20 13:30:00,6.0,3.41,,1.22,IQVIA,S&P 500,US,0.3443079365079365
76,FRT,116.07,121.3,109.19,6.3,33.9,triple_bottom_setup,2022-03-16 13:30:00,2024-10-08 13:30:00,2026-07-01 13:30:00,114.68,109.41,119.97,114.69,4.61,128.13,1076,,,,10.39,0.0,Federal Realty Investment Trust,S&P 500,US,0.3442666666666666
77,UBSI,47.13,47.36,42.46,11.0,41.3,triple_bottom_breakout,2023-01-19 14:30:00,2026-03-12 13:30:00,2026-05-15 13:30:00,38.5,38.46,41.43,39.46,4.98,45.93,833,2026-06-25 13:30:00,45.0,2.61,,1.53,United Bankshares,S&P MidCap 400,US,0.344095652173913
78,QLYS,186.14,157.14,123.93,50.2,61.6,triple_bottom_breakout,2025-07-14 13:30:00,2026-01-07 14:30:00,2026-07-30 13:30:00,134.06,127.79,131.0,130.95,2.41,167.86,263,2026-08-05 13:30:00,17.0,10.89,,2.08,Qualys,S&P MidCap 400,US,0.3417603174603175
79,FANG,200.46,192.74,177.64,12.8,51.1,triple_bottom_setup,2024-06-04 13:30:00,2024-08-05 13:30:00,2026-07-02 13:30:00,185.1,179.61,170.1,178.27,4.58,214.51,520,,,,7.01,0.0,Diamondback Energy,S&P 500,US,0.3416664021164021
80,VLY,13.64,14.55,12.94,5.4,29.7,triple_bottom_setup,2021-10-29 13:30:00,2022-01-28 14:30:00,2026-07-23 13:30:00,13.15,13.17,14.01,13.44,4.22,15.2,1185,,,,11.44,0.0,Valley Bank,S&P MidCap 400,US,0.3413666666666667
81,HAS,94.1,87.75,87.87,7.1,55.5,triple_bottom_setup,2021-10-04 13:30:00,2022-01-28 14:30:00,2026-06-10 13:30:00,86.05,85.97,82.16,84.73,3.03,106.98,1175,,,,13.69,0.0,Hasbro,S&P 500,US,0.3404666666666667
82,ZION,66.69,69.43,61.15,9.1,37.2,triple_bottom_breakout,2022-05-20 13:30:00,2025-11-18 14:30:00,2026-03-19 13:30:00,50.62,48.5,52.7,50.61,4.16,66.18,959,2026-06-12 13:30:00,53.0,0.77,,1.18,Zions Bancorporation,S&P MidCap 400,US,0.33976296296296293
83,EGP,199.48,207.21,192.16,3.8,36.8,triple_bottom_setup,2022-01-28 14:30:00,2026-06-02 13:30:00,2026-08-12 13:30:00,188.37,192.68,199.51,193.52,3.1,226.71,1137,,,,13.65,0.0,EastGroup Properties,S&P MidCap 400,US,0.33975
84,VOD.L,118.45,112.91,108.76,8.9,53.4,triple_bottom_setup,2022-10-12 07:00:00,2026-03-09 08:00:00,2026-07-09 07:00:00,97.4,104.25,96.92,99.52,4.75,131.1,944,,,,10.68,0.0,Vodafone Group,STOXX 600,Europe,0.33975
85,V,379.4,357.89,331.79,14.4,63.9,triple_bottom_breakout,2025-04-07 13:30:00,2026-04-01 13:30:00,2026-06-03 13:30:00,299.0,293.89,309.0,300.63,2.78,375.51,290,2026-08-24 13:30:00,4.0,1.04,,1.04,Visa Inc.,S&P 500,US,0.33971746031746036
86,ALLY,42.21,44.34,42.22,-0.0,39.7,triple_bottom_setup,2022-03-08 14:30:00,2026-01-21 14:30:00,2026-07-24 13:30:00,39.85,39.7,42.21,40.59,4.0,47.29,1098,,,,12.04,0.0,Ally Financial,S&P MidCap 400,US,0.3396666666666667
87,BG,116.51,112.2,112.28,3.8,57.2,triple_bottom_setup,2022-03-16 13:30:00,2022-05-12 13:30:00,2026-07-01 13:30:00,102.96,106.58,104.12,104.55,1.94,134.87,1076,,,,15.76,0.0,Bunge Global,S&P 500,US,0.3395666666666667
88,MCO,505.83,483.13,470.63,7.5,60.3,triple_bottom_setup,2024-09-11 13:30:00,2024-11-06 14:30:00,2026-06-26 13:30:00,467.61,450.44,437.51,451.85,3.49,546.88,448,,,,8.12,0.0,Moody's Corporation,S&P 500,US,0.3392425925925926
89,NLY,22.94,22.75,21.51,6.7,48.9,triple_bottom_setup,2024-05-29 13:30:00,2025-09-30 13:30:00,2026-06-08 13:30:00,19.02,20.0,20.88,19.97,4.74,24.52,507,,,,6.89,0.0,Annaly Capital Management,S&P MidCap 400,US,0.33854682539682535
90,SBUX,106.24,104.53,96.08,10.6,51.7,triple_bottom_setup,2023-07-07 13:30:00,2026-06-05 13:30:00,2026-08-04 13:30:00,95.55,93.64,101.8,97.0,4.95,117.46,771,,,,10.56,0.0,Starbucks,S&P 500,US,0.33775
91,D,65.97,69.0,63.28,4.2,33.3,triple_bottom_setup,2022-10-13 13:30:00,2026-05-08 13:30:00,2026-08-07 13:30:00,61.7,61.04,66.0,62.91,4.91,72.99,956,,,,10.64,0.0,Dominion Energy,S&P 500,US,0.33768333333333334
92,FTV,58.87,61.0,57.84,1.8,41.6,triple_bottom_setup,2024-04-24 13:30:00,2024-07-05 13:30:00,2026-07-30 13:30:00,54.65,53.99,57.48,55.37,3.8,64.56,567,,,,9.67,0.0,Fortive,S&P 500,US,0.33741666666666664
93,HSIC,89.88,86.56,78.65,14.3,60.0,triple_bottom_breakout,2022-08-05 13:30:00,2026-02-03 14:30:00,2026-05-11 13:30:00,73.56,73.08,68.7,71.78,4.29,89.72,943,2026-08-12 13:30:00,12.0,0.18,,0.75,Henry Schein,S&P 500,US,0.3366358974358974
94,BEN,34.19,33.62,27.82,22.9,52.1,triple_bottom_setup,2021-09-20 13:30:00,2022-01-24 14:30:00,2026-07-21 13:30:00,29.31,30.21,31.73,30.42,4.32,38.27,1212,,,,11.93,0.0,Franklin Resources,S&P 500,US,0.3357833333333333
95,PEN,323.19,320.64,323.46,-0.1,49.9,triple_bottom_setup,2023-05-23 13:30:00,2026-01-13 14:30:00,2026-06-30 13:30:00,301.43,290.0,314.8,302.08,4.21,362.41,777,,,,12.14,0.0,"Penumbra, Inc.",S&P MidCap 400,US,0.33568333333333333
96,AMGN,430.11,385.9,351.46,22.4,62.6,triple_bottom_breakout,2024-09-25 13:30:00,2026-04-07 13:30:00,2026-06-18 13:30:00,312.16,335.06,334.05,327.09,4.56,391.29,433,2026-08-05 13:30:00,17.0,9.92,,2.13,Amgen,S&P 500,US,0.335268253968254
97,KIM,23.72,25.03,22.67,4.6,32.8,triple_bottom_setup,2022-01-24 14:30:00,2022-04-07 13:30:00,2026-07-10 13:30:00,22.74,23.57,24.7,23.67,4.35,26.57,1118,,,,12.02,0.0,Kimco Realty,S&P 500,US,0.33458333333333334
98,ROP.SW,352.8,349.95,329.32,7.1,44.1,triple_bottom_setup,2021-09-29 07:00:00,2022-03-07 08:00:00,2026-06-19 07:00:00,332.15,328.15,315.3,325.2,3.04,404.2,1184,,,,14.57,0.0,Roche Holding AG,STOXX 600,Europe,0.3329833333333333
99,CCK,116.38,115.17,105.12,10.7,46.6,triple_bottom_setup,2021-10-26 13:30:00,2026-03-30 13:30:00,2026-06-08 13:30:00,98.2,97.2,91.31,95.57,4.46,130.42,1157,,,,12.06,0.0,Crown Holdings,S&P MidCap 400,US,0.3326
100,BRK-B,504.51,501.69,492.4,2.5,50.3,triple_bottom_setup,2025-04-07 13:30:00,2026-05-05 13:30:00,2026-07-23 13:30:00,462.1,464.34,486.06,470.83,3.23,542.07,324,,,,7.44,0.0,Berkshire Hathaway,S&P 500,US,0.33240714285714285
101,ELS,63.45,64.71,63.07,0.6,41.0,triple_bottom_setup,2025-04-09 13:30:00,2025-06-30 13:30:00,2026-06-22 13:30:00,58.86,60.58,61.42,60.29,2.37,69.0,300,,,,8.75,0.0,Equity Lifestyle Properties,S&P MidCap 400,US,0.33121587301587296
102,DVN,48.58,44.25,42.85,13.4,62.0,triple_bottom_setup,2024-08-05 13:30:00,2026-05-07 13:30:00,2026-08-05 13:30:00,40.87,44.2,42.04,42.37,4.32,52.71,501,,,,8.5,0.0,Devon Energy,S&P 500,US,0.3306365079365079
103,PSA,307.65,321.91,293.52,4.8,33.5,triple_bottom_setup,2024-12-19 14:30:00,2025-05-22 13:30:00,2026-07-21 13:30:00,288.67,292.14,307.56,296.12,3.86,331.79,394,,,,7.85,0.0,Public Storage,S&P 500,US,0.32879973544973545
104,GPC,135.82,126.47,118.16,14.9,58.4,triple_bottom_setup,2024-10-22 13:30:00,2024-12-20 14:30:00,2026-07-21 13:30:00,112.74,113.48,109.5,111.91,2.15,151.57,435,,,,11.6,0.0,Genuine Parts Company,S&P 500,US,0.3286230158730159
105,LIVN,79.81,80.5,69.12,15.5,50.1,triple_bottom_setup,2021-12-17 14:30:00,2022-03-14 13:30:00,2026-08-07 13:30:00,76.75,70.64,74.67,74.02,4.57,89.69,1162,,,,12.38,0.0,LivaNova,S&P MidCap 400,US,0.32828333333333326
106,BLK,1152.74,1080.49,1050.77,9.7,56.0,triple_bottom_setup,2025-01-13 14:30:00,2025-03-13 13:30:00,2026-06-03 13:30:00,943.34,898.26,983.75,941.78,4.62,1219.94,348,,,,5.83,0.0,BlackRock,S&P 500,US,0.3281484126984127
107,HUM,384.1,384.85,274.64,39.9,51.0,triple_bottom_setup,2024-01-25 14:30:00,2024-05-29 13:30:00,2026-08-05 13:30:00,342.69,328.09,353.69,341.49,3.92,428.88,633,,,,11.66,0.0,Humana,S&P 500,US,0.3277634920634921
108,DT,54.62,45.91,41.37,32.0,72.1,triple_bottom_setup,2025-04-07 13:30:00,2025-11-21 14:30:00,2026-07-23 13:30:00,39.3,42.72,40.4,40.81,4.7,57.55,324,,,,5.36,0.0,Dynatrace,S&P MidCap 400,US,0.3276904761904762
109,ELAN,23.92,24.6,23.68,1.0,47.3,triple_bottom_setup,2022-05-12 13:30:00,2025-11-07 14:30:00,2026-08-10 13:30:00,20.51,20.83,21.32,20.89,2.07,27.98,1063,,,,17.0,0.0,Elanco,S&P MidCap 400,US,0.32728333333333337
110,CART,50.52,47.32,42.08,20.1,58.1,triple_bottom_setup,2024-11-19 14:30:00,2025-03-04 14:30:00,2026-06-03 13:30:00,40.17,36.69,38.95,38.6,4.96,53.5,383,,,,5.9,0.0,Maplebear Inc.,S&P MidCap 400,US,0.327094708994709
111,RGEN,180.98,151.88,141.51,27.9,72.8,triple_bottom_breakout,2025-03-10 13:30:00,2025-11-07 14:30:00,2026-07-21 13:30:00,135.69,139.4,129.0,134.7,4.23,175.77,342,2026-08-19 13:30:00,7.0,2.96,,1.68,Repligen,S&P MidCap 400,US,0.32659047619047615
112,DRI,214.44,208.68,197.86,8.4,49.8,triple_bottom_setup,2025-01-13 14:30:00,2025-03-14 13:30:00,2026-06-04 13:30:00,179.0,180.22,191.73,183.65,4.4,228.27,349,,,,6.45,0.0,Darden Restaurants,S&P 500,US,0.3264140211640212
113,VRSN,288.28,274.48,259.26,11.2,53.9,triple_bottom_setup,2025-05-27 13:30:00,2026-04-24 13:30:00,2026-07-23 13:30:00,265.24,253.51,255.21,257.99,2.81,312.48,290,,,,8.39,0.0,Verisign,S&P 500,US,0.3262931216931217
114,WPC,69.96,72.36,69.58,0.5,36.8,triple_bottom_setup,2024-01-05 14:30:00,2026-03-25 13:30:00,2026-07-08 13:30:00,63.88,66.89,70.31,67.03,4.9,76.97,626,,,,10.02,0.0,W. P. Carey,S&P MidCap 400,US,0.3258042328042328
115,SHEL.L,3344.5,3201.29,3071.89,8.9,52.8,triple_bottom_setup,2023-02-22 08:00:00,2023-08-18 07:00:00,2026-07-08 07:00:00,2439.5,2331.5,2559.5,2443.5,4.75,3758.5,851,,,,12.38,0.0,Shell plc,STOXX 600,Europe,0.32558333333333334
116,ESS,283.38,288.95,262.92,7.8,45.1,triple_bottom_setup,2025-05-23 13:30:00,2025-09-04 13:30:00,2026-07-31 13:30:00,269.1,258.82,279.32,269.08,3.81,303.35,297,,,,7.05,0.0,Essex Property Trust,S&P 500,US,0.3233857142857143
117,CRL,288.69,245.05,197.14,46.4,65.0,triple_bottom_breakout,2024-01-17 14:30:00,2024-07-05 13:30:00,2026-07-21 13:30:00,201.01,197.5,213.4,203.97,4.62,275.0,628,2026-08-10 13:30:00,14.0,4.98,,1.16,Charles River Laboratories,S&P 500,US,0.3233142857142857
118,ALSN,125.77,119.91,113.12,11.2,52.7,triple_bottom_setup,2024-12-19 14:30:00,2026-05-21 13:30:00,2026-08-04 13:30:00,106.3,106.12,111.86,108.09,3.48,137.62,404,,,,9.42,0.0,Allison Transmission,S&P MidCap 400,US,0.32273915343915344
119,EQH,50.12,48.12,43.89,14.2,53.4,triple_bottom_setup,2024-06-17 13:30:00,2024-09-11 13:30:00,2026-06-03 13:30:00,39.24,37.99,39.42,38.88,2.3,56.61,491,,,,12.95,0.0,Equitable Holdings,S&P MidCap 400,US,0.32253042328042325
120,PATH,18.65,13.16,12.8,45.7,79.8,triple_bottom_setup,2025-03-13 13:30:00,2026-02-25 14:30:00,2026-07-23 13:30:00,9.5,9.47,10.16,9.71,4.65,19.84,341,,,,6.38,0.0,UiPath,S&P MidCap 400,US,0.32218915343915344
121,POR,48.84,50.93,49.92,-2.2,39.8,triple_bottom_setup,2024-11-04 14:30:00,2026-05-15 13:30:00,2026-08-10 13:30:00,45.73,47.07,47.91,46.9,2.5,54.62,440,,,,11.83,0.0,Portland General Electric,S&P MidCap 400,US,0.3221177248677249
122,EXC,43.74,46.03,45.54,-4.0,36.1,triple_bottom_setup,2022-05-12 13:30:00,2022-07-21 13:30:00,2026-06-04 13:30:00,45.4,42.73,44.15,44.09,3.09,50.65,1018,,,,15.8,0.0,Exelon,S&P 500,US,0.3219833333333333
123,MTD,1406.51,1341.99,1320.74,6.5,56.2,triple_bottom_setup,2024-11-20 14:30:00,2025-06-23 13:30:00,2026-07-21 13:30:00,1155.59,1131.61,1216.9,1168.03,4.18,1525.17,414,,,,8.44,0.0,Mettler Toledo,S&P 500,US,0.3217285714285715
124,CTAS,202.11,193.79,185.55,8.9,51.9,triple_bottom_setup,2024-07-02 13:30:00,2026-03-27 13:30:00,2026-06-30 13:30:00,172.2,165.6,167.82,168.54,2.17,229.24,499,,,,13.42,0.0,Cintas,S&P 500,US,0.32162195767195767
125,DCC.L,6370.0,6300.7,5418.42,17.6,57.6,triple_bottom_breakout,2024-06-17 07:00:00,2025-02-10 08:00:00,2026-07-01 07:00:00,5510.0,5265.0,5730.0,5501.67,4.3,6345.0,516,2026-07-13 07:00:00,34.0,0.39,,1.67,DCC Energy,STOXX 600,Europe,0.32058730158730164
126,USB,61.62,62.68,55.63,10.8,40.1,triple_bottom_breakout,2022-05-12 13:30:00,2026-03-09 13:30:00,2026-05-15 13:30:00,47.68,50.32,52.33,50.11,4.85,61.19,1005,2026-07-01 13:30:00,41.0,0.7,,1.04,U.S. Bancorp,S&P 500,US,0.3203015873015873
127,EXR,141.13,147.03,139.21,1.4,32.6,triple_bottom_setup,2025-06-30 13:30:00,2026-04-28 13:30:00,2026-07-09 13:30:00,142.7,138.0,142.31,141.0,2.13,155.19,257,,,,9.96,0.0,Extra Space Storage,S&P 500,US,0.31904470899470894
128,MSA,186.6,178.67,172.81,8.0,51.6,triple_bottom_setup,2025-05-23 13:30:00,2026-03-31 13:30:00,2026-06-11 13:30:00,156.12,158.56,155.78,156.82,1.11,208.92,263,,,,11.96,0.0,MSA Safety,S&P MidCap 400,US,0.3184716931216931
129,INF.L,901.4,896.12,855.21,5.4,52.3,triple_bottom_setup,2023-11-30 08:00:00,2024-03-11 08:00:00,2026-06-08 07:00:00,731.2,788.2,788.6,769.33,4.96,1000.0,634,,,,10.94,0.0,Informa,STOXX 600,Europe,0.3182957671957672
130,CL,90.09,91.69,86.63,4.0,44.8,triple_bottom_setup,2025-04-09 13:30:00,2025-06-25 13:30:00,2026-06-04 13:30:00,87.48,87.07,84.3,86.28,2.3,99.33,289,,,,10.26,0.0,Colgate-Palmolive,S&P 500,US,0.31822751322751325
131,WST,341.17,349.59,291.59,17.0,41.7,triple_bottom_setup,2024-06-18 13:30:00,2025-01-15 14:30:00,2026-07-27 13:30:00,310.0,321.46,325.27,318.91,2.79,386.0,526,,,,13.14,0.0,West Pharmaceutical Services,S&P 500,US,0.3182267195767196
132,ED,107.24,109.08,105.45,1.7,46.8,triple_bottom_setup,2025-04-09 13:30:00,2026-03-24 13:30:00,2026-06-04 13:30:00,103.28,108.48,102.82,104.86,3.45,116.23,289,,,,8.38,0.0,Consolidated Edison,S&P 500,US,0.31664417989417987
133,BEKB.BR,39.05,39.55,39.09,-0.1,52.5,triple_bottom_setup,2024-06-28 07:00:00,2025-09-11 07:00:00,2026-06-30 07:00:00,38.8,37.65,38.35,38.27,1.61,45.0,510,,,,15.24,0.0,Bekaert,STOXX 600,Europe,0.31631031746031746
134,SYY,81.15,82.81,78.46,3.4,40.0,triple_bottom_setup,2021-09-20 13:30:00,2022-01-24 14:30:00,2026-07-21 13:30:00,74.52,73.97,79.91,76.13,4.96,91.85,1212,,,,13.19,0.0,Sysco,S&P 500,US,0.3156833333333333
135,LIN,489.61,504.63,477.24,2.6,48.3,triple_bottom_setup,2024-08-08 13:30:00,2024-10-07 13:30:00,2026-07-31 13:30:00,440.93,460.77,466.88,456.19,3.35,548.2,495,,,,11.97,0.0,Linde plc,S&P 500,US,0.31547619047619047
136,KEY,21.62,22.83,21.09,2.6,34.9,triple_bottom_setup,2022-03-08 14:30:00,2026-05-15 13:30:00,2026-07-29 13:30:00,22.1,20.69,22.13,21.64,4.39,24.71,1101,,,,14.27,0.0,KeyCorp,S&P 500,US,0.31523333333333337
137,ADP,286.12,255.52,234.05,22.2,68.2,triple_bottom_setup,2023-11-01 13:30:00,2026-02-24 14:30:00,2026-06-22 13:30:00,205.53,203.26,213.8,207.53,3.02,329.93,659,,,,15.31,0.0,Automatic Data Processing,S&P 500,US,0.31428597883597886
138,RGA,246.11,233.47,210.45,16.9,60.0,triple_bottom_breakout,2024-12-18 14:30:00,2026-03-20 13:30:00,2026-06-03 13:30:00,201.07,196.43,195.1,197.53,1.79,232.97,363,2026-07-13 13:30:00,34.0,5.64,,1.19,Reinsurance Group of America,S&P MidCap 400,US,0.3137634920634921
139,ITRK.L,5845.0,5826.6,4934.26,18.5,61.5,triple_bottom_breakout,2021-10-06 07:00:00,2025-09-26 07:00:00,2026-02-03 08:00:00,4724.0,4572.0,4364.0,4553.33,4.16,5824.0,1091,2026-07-15 07:00:00,32.0,0.36,,0.62,Intertek,STOXX 600,Europe,0.31336565656565657
140,PB,71.56,73.16,69.74,2.6,37.7,triple_bottom_setup,2025-06-17 13:30:00,2026-01-28 14:30:00,2026-07-06 13:30:00,66.91,65.12,69.79,67.27,3.74,77.2,262,,,,7.88,0.0,Prosperity Bancshares,S&P MidCap 400,US,0.312889417989418
141,ACGL,98.08,99.52,95.93,2.2,44.8,triple_bottom_setup,2024-11-04 14:30:00,2025-01-13 14:30:00,2026-08-12 13:30:00,94.95,89.47,96.95,93.79,4.61,107.09,442,,,,9.19,0.0,Arch Capital Group,S&P 500,US,0.3127322751322751
142,ADC,72.26,76.48,74.46,-3.0,31.0,triple_bottom_setup,2021-10-06 13:30:00,2022-06-14 13:30:00,2026-06-04 13:30:00,66.18,66.14,71.22,67.85,4.97,82.08,1169,,,,13.59,0.0,Agree Realty,S&P MidCap 400,US,0.31220000000000003
143,DLTR,126.9,125.76,116.46,9.0,47.0,triple_bottom_setup,2024-07-10 13:30:00,2025-11-20 14:30:00,2026-06-17 13:30:00,101.83,98.4,105.22,101.82,3.36,142.4,486,,,,12.21,0.0,Dollar Tree,S&P 500,US,0.3121357142857143
144,OGS,79.25,78.63,80.37,-1.4,48.6,triple_bottom_setup,2022-05-02 13:30:00,2022-09-01 13:30:00,2026-06-17 13:30:00,81.84,77.85,75.35,78.35,4.46,90.78,1035,,,,14.55,0.0,One Gas,S&P MidCap 400,US,0.31184999999999996
145,SIGI,91.29,94.66,85.03,7.4,42.5,triple_bottom_setup,2025-01-13 14:30:00,2025-04-30 13:30:00,2026-07-28 13:30:00,87.68,85.25,91.41,88.11,3.74,100.4,385,,,,9.98,0.0,Selective Insurance Group,S&P MidCap 400,US,0.31165925925925925
146,MAS,72.2,76.2,68.74,5.0,42.5,triple_bottom_setup,2025-01-08 14:30:00,2025-09-02 13:30:00,2026-07-30 13:30:00,71.02,71.53,70.93,71.16,0.52,83.64,389,,,,15.84,0.0,Masco,S&P 500,US,0.31165502645502646
147,CACI,622.64,535.88,559.2,11.3,56.5,triple_bottom_setup,2024-11-20 14:30:00,2026-05-11 13:30:00,2026-07-21 13:30:00,438.17,465.0,435.92,446.36,4.18,683.5,414,,,,9.77,0.0,CACI International,S&P MidCap 400,US,0.31064523809523814
148,BIO,386.13,325.82,300.22,28.6,74.7,triple_bottom_breakout,2025-05-06 13:30:00,2025-07-22 13:30:00,2026-05-13 13:30:00,228.91,237.63,236.73,234.42,2.35,343.12,256,2026-08-05 13:30:00,17.0,12.53,,1.52,Bio-Rad Laboratories,S&P MidCap 400,US,0.3104603174603175
149,STE,232.78,222.9,233.0,-0.1,52.7,triple_bottom_setup,2021-10-01 13:30:00,2022-01-27 14:30:00,2026-06-17 13:30:00,202.03,211.99,198.01,204.01,3.91,269.44,1181,,,,15.75,0.0,Steris,S&P 500,US,0.31010000000000004
150,WM,219.03,228.21,223.75,-2.1,37.0,triple_bottom_setup,2024-04-17 13:30:00,2024-06-13 13:30:00,2026-06-18 13:30:00,204.37,198.88,212.22,205.16,3.44,248.13,544,,,,13.29,0.0,Waste Management,S&P 500,US,0.30960767195767197
151,AWK,138.38,133.27,129.67,6.7,57.1,triple_bottom_setup,2025-05-14 13:30:00,2026-02-09 14:30:00,2026-08-04 13:30:00,131.65,121.28,129.74,127.56,4.92,147.87,306,,,,6.85,0.0,American Water Works,S&P 500,US,0.30959285714285717
152,T,25.91,23.09,24.66,5.0,68.3,triple_bottom_setup,2021-09-20 13:30:00,2022-04-29 13:30:00,2026-07-02 13:30:00,20.35,18.81,19.89,19.68,4.43,29.79,1200,,,,15.0,0.0,AT&T,S&P 500,US,0.30855
153,YUM,153.37,153.2,153.97,-0.4,52.8,triple_bottom_setup,2025-08-06 13:30:00,2026-06-01 13:30:00,2026-08-11 13:30:00,139.06,145.44,143.0,142.5,2.41,170.14,254,,,,10.93,0.0,Yum! Brands,S&P 500,US,0.30636455026455023
154,FOX,60.25,52.83,56.82,6.0,61.2,triple_bottom_setup,2025-01-21 14:30:00,2025-04-07 13:30:00,2026-06-25 13:30:00,45.04,43.18,44.08,44.1,2.13,68.18,358,,,,13.15,0.0,Fox Corporation (Class B),S&P 500,US,0.30582116402116405
155,SF,80.78,78.87,78.25,3.2,47.8,triple_bottom_setup,2024-12-20 14:30:00,2025-10-10 13:30:00,2026-06-03 13:30:00,67.83,71.31,67.96,69.03,3.29,89.83,361,,,,11.2,0.0,Stifel,S&P MidCap 400,US,0.30506798941798946
156,EMR,152.63,148.57,141.18,8.1,46.9,triple_bottom_setup,2025-02-05 14:30:00,2025-12-17 14:30:00,2026-07-16 13:30:00,122.37,130.5,133.55,128.81,5.0,165.15,361,,,,8.2,0.0,Emerson Electric,S&P 500,US,0.3044179894179894
157,UNP,300.9,290.32,257.09,17.0,52.9,triple_bottom_breakout,2021-12-20 14:30:00,2022-02-24 14:30:00,2026-06-22 13:30:00,238.07,236.81,255.22,243.37,4.87,279.7,1128,2026-07-02 13:30:00,40.0,7.58,,0.75,Union Pacific Corporation,S&P 500,US,0.3040227642276423
158,SCHW,109.95,103.07,96.49,13.9,56.8,triple_bottom_breakout,2025-06-13 13:30:00,2026-04-23 13:30:00,2026-06-26 13:30:00,85.76,87.84,87.63,87.08,1.51,107.5,259,2026-08-05 13:30:00,17.0,2.28,,1.09,Charles Schwab Corporation,S&P 500,US,0.30396666666666666
159,BNZL.L,2792.0,2735.0,2357.61,18.4,56.0,triple_bottom_breakout,2025-04-16 07:00:00,2026-03-30 07:00:00,2026-06-02 07:00:00,2218.0,2134.0,2276.0,2209.33,3.41,2609.42,282,2026-06-24 07:00:00,47.0,7.0,,1.93,Bunzl,STOXX 600,Europe,0.3033079365079365
160,SW,46.92,46.32,41.38,13.4,47.2,triple_bottom_setup,2025-06-23 13:30:00,2025-10-06 13:30:00,2026-07-08 13:30:00,41.34,40.03,41.13,40.83,1.97,52.65,261,,,,12.21,0.0,Smurfit Westrock,S&P 500,US,0.3032238095238095
161,VMRK,65.12,67.17,62.77,3.7,44.2,triple_bottom_setup,2025-05-23 13:30:00,2025-08-01 13:30:00,2026-06-22 13:30:00,66.95,61.71,63.62,64.09,4.46,70.31,269,,,,7.97,0.0,Vivmark Residential,S&P 500,US,0.30226534391534393
162,ZBH,100.01,93.86,90.78,10.2,57.0,triple_bottom_setup,2025-05-05 13:30:00,2025-08-01 13:30:00,2026-06-30 13:30:00,89.92,89.33,83.72,87.66,4.49,108.29,289,,,,8.28,0.0,Zimmer Biomet,S&P 500,US,0.3018775132275132
163,OKE,96.11,90.22,82.57,16.4,61.3,triple_bottom_breakout,2025-07-16 13:30:00,2026-05-29 13:30:00,2026-08-04 13:30:00,78.95,83.57,83.48,82.0,3.72,96.07,264,2026-08-18 13:30:00,8.0,0.04,,1.43,Oneok,S&P 500,US,0.3018698412698413
164,DIE.BR,178.7,176.03,169.38,5.5,54.5,triple_bottom_setup,2025-03-11 08:00:00,2026-03-23 08:00:00,2026-06-09 07:00:00,149.3,153.6,157.6,153.5,2.74,199.9,316,,,,11.86,0.0,D'Ieteren,STOXX 600,Europe,0.30186560846560845
165,SON,55.16,55.97,50.0,10.3,42.1,triple_bottom_setup,2024-05-02 13:30:00,2026-03-20 13:30:00,2026-07-15 13:30:00,55.29,50.27,52.95,52.84,4.86,61.73,550,,,,11.91,0.0,Sonoco,S&P MidCap 400,US,0.3006013227513228
166,CRBG,32.54,31.43,28.54,14.0,52.2,triple_bottom_setup,2024-03-06 14:30:00,2024-08-05 13:30:00,2026-06-03 13:30:00,23.77,23.97,25.63,24.46,4.8,36.57,562,,,,12.37,0.0,Corebridge Financial,S&P MidCap 400,US,0.299255291005291
167,NSC,343.17,331.38,305.45,12.3,53.2,triple_bottom_breakout,2021-12-20 14:30:00,2026-03-20 13:30:00,2026-06-17 13:30:00,277.5,277.9,297.45,284.28,4.63,326.0,1126,2026-07-10 13:30:00,35.0,5.27,,0.55,Norfolk Southern,S&P 500,US,0.2990666666666667
168,SCI,81.62,80.6,79.31,2.9,44.9,triple_bottom_setup,2025-01-15 14:30:00,2025-04-09 13:30:00,2026-06-03 13:30:00,75.47,71.75,68.41,71.88,5.0,88.67,346,,,,8.64,0.0,Service Corp Intl,S&P MidCap 400,US,0.2987671957671958
169,DIS,107.55,100.59,103.33,4.1,58.3,triple_bottom_setup,2022-10-13 13:30:00,2023-04-26 13:30:00,2026-06-10 13:30:00,90.71,96.46,97.95,95.04,4.56,124.69,916,,,,15.94,0.0,Walt Disney Company (The),S&P 500,US,0.2987666666666667
170,SCMN.SW,626.5,628.01,628.39,-0.3,46.3,triple_bottom_setup,2023-03-30 07:00:00,2025-10-30 08:00:00,2026-08-05 07:00:00,571.6,571.0,613.5,585.37,4.81,727.0,835,,,,16.04,0.0,Swisscom AG,STOXX 600,Europe,0.29418333333333335
171,CI,276.2,283.3,277.44,-0.4,45.7,triple_bottom_setup,2025-08-01 13:30:00,2025-12-08 14:30:00,2026-08-05 13:30:00,256.89,258.27,263.11,259.42,1.42,315.47,253,,,,14.22,0.0,Cigna,S&P 500,US,0.29366560846560846
172,OXY,60.27,55.26,51.67,16.6,59.6,triple_bottom_setup,2024-09-26 13:30:00,2026-05-08 13:30:00,2026-08-05 13:30:00,49.75,52.99,53.66,52.13,4.57,67.45,464,,,,11.91,0.0,Occidental Petroleum,S&P 500,US,0.2935756613756613
173,AVY,174.37,168.65,171.88,1.5,48.2,triple_bottom_setup,2025-04-08 13:30:00,2026-03-20 13:30:00,2026-07-23 13:30:00,157.0,160.44,154.72,157.39,1.94,199.54,323,,,,14.43,0.0,Avery Dennison,S&P 500,US,0.29337486772486776
174,CPAY,404.93,377.17,333.69,21.3,55.4,triple_bottom_breakout,2024-12-30 14:30:00,2025-07-15 13:30:00,2026-06-26 13:30:00,333.93,319.42,321.19,324.85,2.8,400.81,372,2026-08-10 13:30:00,14.0,1.03,,0.88,Corpay,S&P 500,US,0.2933650793650794
175,ULVR.L,4776.0,4645.24,4666.45,2.3,58.0,triple_bottom_setup,2022-06-16 07:00:00,2024-04-17 07:00:00,2026-07-07 07:00:00,3776.79,3989.07,3646.0,3803.95,4.87,5542.11,1024,,,,16.04,0.0,Unilever,STOXX 600,Europe,0.29328333333333334
176,CFR.SW,192.15,189.95,166.64,15.3,52.7,triple_bottom_breakout,2024-06-21 07:00:00,2026-01-29 08:00:00,2026-04-30 07:00:00,137.4,147.0,143.65,142.68,3.7,187.55,463,2026-06-29 07:00:00,45.0,2.45,,1.19,Compagnie Financière Richemont SA,STOXX 600,Europe,0.29267184265010354
177,DBX,35.19,31.21,27.55,27.7,60.7,triple_bottom_breakout,2025-01-13 14:30:00,2025-12-10 14:30:00,2026-07-23 13:30:00,29.01,26.83,27.89,27.91,3.95,33.33,382,2026-08-04 13:30:00,18.0,5.58,,1.34,Dropbox,S&P MidCap 400,US,0.2922907268170426
178,RNR,327.69,320.21,295.93,10.7,56.1,triple_bottom_breakout,2024-11-14 14:30:00,2026-01-23 14:30:00,2026-06-02 13:30:00,254.72,268.46,275.6,266.26,4.33,318.2,385,2026-06-26 13:30:00,44.0,2.98,,1.68,RenaissanceRe,S&P MidCap 400,US,0.2920111111111111
179,ECL,283.14,277.99,271.39,4.3,52.7,triple_bottom_setup,2025-06-20 13:30:00,2026-05-19 13:30:00,2026-07-23 13:30:00,259.05,243.15,261.5,254.57,4.48,309.27,273,,,,9.23,0.0,Ecolab,S&P 500,US,0.2919944444444444
180,SUI,121.41,121.02,124.04,-2.1,48.4,triple_bottom_setup,2025-07-30 13:30:00,2026-05-15 13:30:00,2026-08-12 13:30:00,115.53,120.19,117.74,117.82,2.01,137.85,260,,,,13.54,0.0,Sun Communities,S&P MidCap 400,US,0.2914082010582011
181,PSON.L,1233.5,1224.08,1073.73,14.9,55.4,triple_bottom_setup,2025-01-21 08:00:00,2025-03-21 08:00:00,2026-07-23 07:00:00,1235.0,1169.5,1190.5,1198.33,3.06,1401.0,380,,,,13.58,0.0,Pearson plc,STOXX 600,Europe,0.2911978835978836
182,BBY,80.19,83.03,69.99,14.6,41.3,triple_bottom_setup,2024-11-26 14:30:00,2025-02-03 14:30:00,2026-08-07 13:30:00,83.81,81.11,79.0,81.31,3.08,91.72,423,,,,14.38,0.0,Best Buy,S&P 500,US,0.28991904761904763
183,ESNT,67.53,65.96,62.09,8.8,49.4,triple_bottom_breakout,2024-09-11 13:30:00,2026-05-01 13:30:00,2026-07-15 13:30:00,60.74,59.28,63.01,61.01,3.28,67.09,460,2026-07-28 13:30:00,23.0,0.66,,0.85,Essent Group Ltd.,S&P MidCap 400,US,0.2895587301587302
184,MSCI,572.33,577.42,569.24,0.5,51.2,triple_bottom_setup,2025-06-23 13:30:00,2026-03-27 13:30:00,2026-06-25 13:30:00,539.65,520.0,542.33,533.99,2.62,644.68,253,,,,12.64,0.0,MSCI,S&P 500,US,0.2888322751322751
185,MRK,148.03,131.44,115.93,27.7,62.0,triple_bottom_breakout,2024-05-30 13:30:00,2026-03-20 13:30:00,2026-07-14 13:30:00,122.7,112.72,120.16,118.53,4.9,134.63,530,2026-08-13 13:30:00,11.0,9.95,,0.86,Merck & Co.,S&P 500,US,0.2882698412698413
186,EXPE,317.39,288.22,256.61,23.7,54.0,triple_bottom_breakout,2024-12-18 14:30:00,2025-08-01 13:30:00,2026-02-23 14:30:00,176.06,174.05,185.34,178.48,3.84,303.8,293,2026-07-29 13:30:00,22.0,4.47,,1.61,Expedia Group,S&P 500,US,0.28817066942719116
187,CUBE,39.73,40.96,38.28,3.8,35.5,triple_bottom_setup,2025-05-22 13:30:00,2026-05-19 13:30:00,2026-07-30 13:30:00,40.68,38.24,40.5,39.81,3.94,44.13,297,,,,11.07,0.0,CubeSmart,S&P MidCap 400,US,0.2879357142857143
188,NVG.LS,3.25,3.24,3.19,1.9,50.0,triple_bottom_setup,2025-06-30 08:00:00,2025-10-28 09:00:00,2026-07-15 08:00:00,3.18,2.96,3.1,3.08,3.98,3.59,266,,,,10.53,0.0,The Navigator Company,STOXX 600,Europe,0.2877351851851852
189,TGT,161.04,143.39,118.88,35.5,60.5,triple_bottom_breakout,2024-11-20 14:30:00,2026-04-14 13:30:00,2026-07-06 13:30:00,120.21,116.83,124.7,120.58,3.42,145.08,403,2026-08-03 13:30:00,19.0,11.0,,1.01,Target Corporation,S&P 500,US,0.2876714285714286
190,FFIN,33.23,34.6,32.1,3.5,35.1,triple_bottom_setup,2025-05-23 13:30:00,2025-08-14 13:30:00,2026-07-23 13:30:00,33.48,33.52,33.94,33.65,0.87,38.74,291,,,,16.58,0.0,First Financial Bankshares,S&P MidCap 400,US,0.2872753968253968
191,DLR,185.9,187.47,176.81,5.1,43.4,triple_bottom_setup,2025-06-26 13:30:00,2026-03-09 13:30:00,2026-07-15 13:30:00,163.64,172.91,171.03,169.19,3.28,208.14,263,,,,11.96,0.0,Digital Realty,S&P 500,US,0.28592169312169313
192,MTDR,58.01,51.8,50.64,14.6,63.4,triple_bottom_setup,2025-03-05 14:30:00,2025-08-20 13:30:00,2026-07-28 13:30:00,43.89,45.37,45.44,44.9,2.25,66.84,350,,,,15.22,0.0,Matador Resources,S&P MidCap 400,US,0.28571296296296295
193,PRU.L,1018.0,1043.86,1090.91,-6.7,43.8,triple_bottom_setup,2023-08-21 07:00:00,2026-06-10 07:00:00,2026-08-05 07:00:00,932.8,910.2,949.4,930.8,2.21,1238.0,748,,,,21.61,0.0,Prudential plc,STOXX 600,Europe,0.28570846560846563
194,WEC,106.16,111.33,110.06,-3.5,40.3,triple_bottom_setup,2025-07-02 13:30:00,2026-06-01 13:30:00,2026-08-11 13:30:00,102.49,108.59,105.48,105.52,2.91,119.91,278,,,,12.95,0.0,WEC Energy Group,S&P 500,US,0.28520582010582013
195,J,149.04,135.52,132.12,12.8,63.0,triple_bottom_setup,2025-06-02 13:30:00,2026-04-13 13:30:00,2026-06-23 13:30:00,123.55,120.73,117.13,120.47,2.77,168.44,265,,,,13.02,0.0,Jacobs Solutions,S&P 500,US,0.28500291005291006
196,COLB,29.64,31.3,28.84,2.8,34.7,triple_bottom_setup,2024-11-20 14:30:00,2026-05-15 13:30:00,2026-07-29 13:30:00,29.6,28.49,30.75,29.61,3.84,33.68,420,,,,13.63,0.0,Columbia Banking System,S&P MidCap 400,US,0.28437222222222225
197,O,61.35,63.03,60.63,1.2,37.9,triple_bottom_setup,2025-06-30 13:30:00,2026-06-02 13:30:00,2026-08-10 13:30:00,56.56,59.48,61.27,59.1,4.3,67.94,279,,,,10.73,0.0,Realty Income,S&P 500,US,0.2829880952380952
198,PM,187.57,186.86,171.68,9.3,47.7,triple_bottom_setup,2025-07-02 13:30:00,2026-06-02 13:30:00,2026-08-12 13:30:00,175.13,170.0,184.02,176.38,4.33,207.76,279,,,,10.76,0.0,Philip Morris International,S&P 500,US,0.2822880952380952
199,SREN.SW,140.55,135.01,126.32,11.3,60.0,triple_bottom_setup,2025-06-17 07:00:00,2026-03-23 08:00:00,2026-07-23 07:00:00,134.3,124.8,128.8,129.3,3.87,156.8,275,,,,11.56,0.0,Swiss Reinsurance Company Ltd,STOXX 600,Europe,0.28199232804232804
200,COST,944.04,945.04,957.46,-1.4,47.6,triple_bottom_setup,2024-09-05 13:30:00,2024-11-01 13:30:00,2026-07-10 13:30:00,868.7,867.34,907.21,881.08,2.97,1096.5,461,,,,16.15,0.0,Costco,S&P 500,US,0.2818455026455026
201,CPT,105.85,111.58,105.82,0.0,37.2,triple_bottom_setup,2025-05-23 13:30:00,2026-02-05 14:30:00,2026-06-22 13:30:00,111.9,104.85,107.97,108.24,3.38,119.0,269,,,,12.42,0.0,Camden Property Trust,S&P 500,US,0.2813820105820106
202,URI,1038.79,1095.33,920.21,12.9,37.8,triple_bottom_breakout,2025-01-10 14:30:00,2025-06-02 13:30:00,2026-03-19 13:30:00,654.04,681.98,701.59,679.2,3.7,1021.47,297,2026-06-03 13:30:00,60.0,1.7,,1.61,United Rentals,S&P 500,US,0.28093039292219624
203,TEX,63.56,66.7,60.45,5.1,43.3,triple_bottom_setup,2023-07-27 13:30:00,2026-01-30 14:30:00,2026-07-30 13:30:00,56.57,55.87,60.44,57.63,4.88,74.69,754,,,,17.51,0.0,Terex,S&P MidCap 400,US,0.2806187830687831
204,DXCM,90.98,79.23,70.13,29.7,63.8,triple_bottom_breakout,2025-03-13 13:30:00,2026-01-05 14:30:00,2026-07-24 13:30:00,68.3,65.19,69.79,67.76,3.79,89.98,342,2026-08-12 13:30:00,12.0,1.11,,1.04,Dexcom,S&P 500,US,0.2806041514041514
205,BMRN,65.23,61.62,57.57,13.3,52.7,triple_bottom_setup,2025-01-16 14:30:00,2025-08-08 13:30:00,2026-07-23 13:30:00,60.63,56.36,57.42,58.14,4.29,73.51,379,,,,12.69,0.0,BioMarin Pharmaceutical,S&P MidCap 400,US,0.28003227513227513
206,RSG,221.24,216.04,213.72,3.5,57.7,triple_bottom_setup,2025-01-03 14:30:00,2026-06-02 13:30:00,2026-08-05 13:30:00,199.43,197.62,204.8,200.62,2.09,258.75,396,,,,16.95,0.0,Republic Services,S&P 500,US,0.2797809523809524
207,NDSN,321.92,302.7,276.03,16.6,57.3,triple_bottom_breakout,2024-04-25 13:30:00,2024-11-20 14:30:00,2026-05-19 13:30:00,255.78,248.28,270.26,258.11,4.71,305.28,517,2026-08-04 13:30:00,18.0,5.45,,0.9,Nordson Corporation,S&P 500,US,0.2794319966583124
208,PLTR,186.52,143.75,151.37,23.2,69.4,triple_bottom_setup,2025-06-05 13:30:00,2026-02-13 14:30:00,2026-07-28 13:30:00,118.93,126.23,117.89,121.02,4.31,207.52,286,,,,11.26,0.0,Palantir Technologies,S&P 500,US,0.27934735449735454
209,UNM,93.19,89.13,79.83,16.7,60.4,triple_bottom_breakout,2025-02-20 14:30:00,2025-12-08 14:30:00,2026-03-30 13:30:00,73.66,71.72,71.72,72.37,1.79,84.48,277,2026-06-05 13:30:00,58.0,10.31,,0.96,Unum,S&P MidCap 400,US,0.2792733118106
210,GEBN.SW,570.2,541.31,560.22,1.8,58.1,triple_bottom_setup,2025-04-07 07:00:00,2026-03-23 08:00:00,2026-07-15 07:00:00,495.6,515.4,508.2,506.4,2.13,659.8,315,,,,15.71,0.0,Geberit AG,STOXX 600,Europe,0.2788
211,SHW,338.62,341.53,332.63,1.8,43.8,triple_bottom_setup,2025-01-13 14:30:00,2025-04-08 13:30:00,2026-07-23 13:30:00,327.44,308.84,301.1,312.46,4.79,379.65,382,,,,12.12,0.0,Sherwin-Williams,S&P 500,US,0.27767910052910055
212,NG.L,1170.0,1213.18,1234.12,-5.2,42.8,triple_bottom_setup,2022-04-22 07:00:00,2026-03-23 08:00:00,2026-06-19 07:00:00,1149.5,1207.25,1174.5,1177.08,2.56,1428.5,1048,,,,22.09,0.0,National Grid plc,STOXX 600,Europe,0.27751666666666663
213,SSD,182.61,193.54,183.07,-0.3,38.8,triple_bottom_setup,2024-11-19 14:30:00,2026-05-20 13:30:00,2026-07-21 13:30:00,176.51,175.77,182.87,178.38,2.52,213.49,415,,,,16.91,0.0,Simpson Manufacturing,S&P MidCap 400,US,0.2761775132275132
214,NXT.L,15575.0,14978.51,13752.44,13.3,60.3,triple_bottom_breakout,2025-05-13 07:00:00,2026-03-23 08:00:00,2026-06-29 07:00:00,11861.42,11789.29,11695.0,11781.9,0.74,14880.0,285,2026-07-16 07:00:00,31.0,4.67,,0.39,Next plc,STOXX 600,Europe,0.2759142857142858
215,KDP,31.88,31.15,28.69,11.1,55.8,triple_bottom_setup,2024-10-29 13:30:00,2025-02-10 14:30:00,2026-06-23 13:30:00,32.36,30.67,29.83,30.95,4.54,36.12,411,,,,13.32,0.0,Keurig Dr Pepper,S&P 500,US,0.2752650793650794
216,VLTO,98.61,93.91,93.25,5.7,57.5,triple_bottom_setup,2025-04-09 13:30:00,2026-02-04 14:30:00,2026-06-22 13:30:00,83.86,88.4,81.57,84.61,4.48,110.11,300,,,,11.67,0.0,Veralto,S&P 500,US,0.2752325396825397
217,MTG,30.66,29.35,27.43,11.8,54.8,triple_bottom_breakout,2025-05-23 13:30:00,2026-03-12 13:30:00,2026-06-03 13:30:00,25.79,25.41,24.69,25.3,2.4,29.97,257,2026-07-28 13:30:00,23.0,2.29,,1.0,MGIC Investment Corporation,S&P MidCap 400,US,0.27521428571428574
218,RIO.L,7674.0,7147.98,6884.04,11.5,63.0,triple_bottom_setup,2022-12-20 08:00:00,2026-03-23 08:00:00,2026-07-22 07:00:00,5549.0,6049.0,5758.0,5785.33,4.56,9117.0,903,,,,18.8,0.0,Rio Tinto,STOXX 600,Europe,0.27493333333333336
219,REG,74.83,79.03,74.91,-0.1,30.9,triple_bottom_setup,2025-05-22 13:30:00,2026-06-03 13:30:00,2026-08-11 13:30:00,70.53,75.63,75.35,73.84,4.48,83.66,305,,,,11.8,0.0,Regency Centers,S&P 500,US,0.274810582010582
220,BP.L,514.5,513.51,503.02,2.3,43.8,triple_bottom_setup,2022-09-28 07:00:00,2022-12-09 08:00:00,2026-07-02 07:00:00,421.1,455.0,450.6,442.23,4.78,609.4,948,,,,18.45,0.0,BP,STOXX 600,Europe,0.27454999999999996
221,THC,265.79,229.28,206.55,28.7,58.3,triple_bottom_breakout,2024-10-08 13:30:00,2025-07-25 13:30:00,2026-06-08 13:30:00,147.12,146.6,157.58,150.43,4.75,247.21,416,2026-07-28 13:30:00,23.0,7.52,,1.26,Tenet Health,S&P MidCap 400,US,0.2742063492063492
222,NFG,83.07,80.57,82.82,0.3,55.8,triple_bottom_setup,2025-04-30 13:30:00,2025-11-07 14:30:00,2026-06-18 13:30:00,75.73,77.22,75.17,76.04,1.55,97.06,285,,,,16.85,0.0,National Fuel Gas,S&P MidCap 400,US,0.274031746031746
223,NEE,82.57,86.31,86.53,-4.6,31.6,triple_bottom_setup,2021-09-28 13:30:00,2024-10-09 13:30:00,2026-06-09 13:30:00,77.01,79.66,83.38,80.02,4.2,98.75,1178,,,,19.59,0.0,NextEra Energy,S&P 500,US,0.27375
224,BDX,188.01,165.82,157.62,19.3,68.2,triple_bottom_breakout,2025-04-09 13:30:00,2025-12-09 14:30:00,2026-06-22 13:30:00,151.75,148.21,140.11,146.69,4.49,187.35,300,2026-08-19 13:30:00,7.0,0.35,,0.97,Becton Dickinson,S&P 500,US,0.2736126984126984
225,IRM,115.65,124.04,108.1,7.0,36.1,triple_bottom_setup,2024-09-06 13:30:00,2024-11-06 14:30:00,2026-07-08 13:30:00,107.59,112.11,114.33,111.34,3.37,134.68,458,,,,16.45,0.0,Iron Mountain,S&P 500,US,0.2729486772486772
226,GLEN.L,595.6,541.65,508.25,17.2,63.5,triple_bottom_setup,2022-02-22 08:00:00,2022-05-12 07:00:00,2026-07-08 07:00:00,405.7,440.4,432.3,426.13,4.8,707.2,1099,,,,18.74,0.0,Glencore,STOXX 600,Europe,0.27183333333333337
227,LH,332.81,298.86,272.6,22.1,67.1,triple_bottom_breakout,2025-02-12 14:30:00,2026-05-05 13:30:00,2026-07-14 13:30:00,240.42,248.59,262.11,250.37,4.69,293.72,354,2026-07-24 13:30:00,25.0,13.31,,1.44,Labcorp,S&P 500,US,0.2718227106227106
228,KGF.L,315.5,302.78,307.43,2.6,50.1,triple_bottom_setup,2025-06-10 07:00:00,2026-03-27 08:00:00,2026-07-08 07:00:00,269.2,271.5,266.4,269.03,0.98,372.3,273,,,,18.0,0.0,Kingfisher plc,STOXX 600,Europe,0.2714111111111111
229,AMCR,45.94,44.86,42.0,9.4,48.6,triple_bottom_setup,2025-06-23 13:30:00,2026-01-16 14:30:00,2026-07-23 13:30:00,44.55,40.85,41.94,42.45,4.96,50.94,272,,,,10.87,0.0,Amcor,S&P 500,US,0.27099550264550265
230,VRTX,544.52,500.61,463.24,17.5,63.1,triple_bottom_breakout,2025-04-07 13:30:00,2026-04-07 13:30:00,2026-07-23 13:30:00,448.14,425.26,465.0,446.13,4.68,533.67,324,2026-08-19 13:30:00,7.0,2.03,,0.9,Vertex Pharmaceuticals,S&P 500,US,0.2706857142857143
231,IRT,16.18,16.69,16.26,-0.5,40.1,triple_bottom_setup,2025-07-15 13:30:00,2026-02-12 14:30:00,2026-07-22 13:30:00,17.05,15.83,16.28,16.39,4.05,18.18,256,,,,12.36,0.0,Independence Realty Trust,S&P MidCap 400,US,0.2701124338624339
232,ALW.L,1379.0,1352.31,1293.21,6.6,58.1,triple_bottom_breakout,2025-01-02 08:00:00,2026-04-30 07:00:00,2026-07-20 07:00:00,1218.0,1267.6,1310.0,1265.2,3.73,1356.0,390,2026-08-03 07:00:00,19.0,1.7,,0.84,Alliance Witan,STOXX 600,Europe,0.26944761904761905
233,HOG,27.58,26.14,22.72,21.4,55.5,triple_bottom_setup,2025-02-05 14:30:00,2025-06-02 13:30:00,2026-06-30 13:30:00,25.25,23.32,23.99,24.19,4.4,31.25,350,,,,13.31,0.0,Harley-Davidson,S&P MidCap 400,US,0.26937962962962964
234,MDLZ,62.13,61.35,58.28,6.6,47.7,triple_bottom_setup,2025-01-13 14:30:00,2025-08-11 13:30:00,2026-06-30 13:30:00,55.97,60.26,57.78,58.0,3.89,71.15,366,,,,14.52,0.0,Mondelez International,S&P 500,US,0.2690626984126984
235,AIG,76.32,77.8,76.78,-0.6,44.8,triple_bottom_setup,2025-04-07 13:30:00,2026-03-27 13:30:00,2026-06-03 13:30:00,76.09,72.94,72.15,73.73,3.21,87.46,290,,,,14.6,0.0,American International Group,S&P 500,US,0.2685431216931217
236,LLY,1160.42,1185.24,1056.61,9.8,43.5,triple_bottom_breakout,2024-09-30 13:30:00,2025-03-13 13:30:00,2026-04-29 13:30:00,858.81,795.38,850.51,834.9,4.73,1133.95,395,2026-06-08 13:30:00,57.0,2.33,,1.4,Lilly (Eli),S&P 500,US,0.26844734537493153
237,AR,38.48,35.48,36.15,6.4,63.5,triple_bottom_setup,2022-08-05 13:30:00,2026-04-17 13:30:00,2026-07-10 13:30:00,34.96,35.31,32.58,34.28,4.97,45.75,984,,,,18.89,0.0,Antero Resources,S&P MidCap 400,US,0.26803333333333335
238,WSM,228.13,233.0,202.3,12.8,40.3,triple_bottom_breakout,2024-12-20 14:30:00,2026-03-12 13:30:00,2026-05-19 13:30:00,177.01,175.35,165.51,172.62,4.12,222.0,351,2026-06-12 13:30:00,53.0,2.76,,1.32,"Williams-Sonoma, Inc.",S&P 500,US,0.2679835978835979
239,WFC,86.41,85.86,84.04,2.8,52.0,triple_bottom_setup,2025-07-15 13:30:00,2025-11-21 14:30:00,2026-07-29 13:30:00,77.72,81.05,83.71,80.83,3.84,97.76,261,,,,13.14,0.0,Wells Fargo,S&P 500,US,0.2674238095238095
240,ICG.L,2022.0,1888.54,1844.0,9.7,58.1,triple_bottom_setup,2025-04-09 07:00:00,2026-02-04 08:00:00,2026-06-26 07:00:00,1539.0,1607.0,1604.0,1583.33,2.8,2340.0,305,,,,15.73,0.0,ICG,STOXX 600,Europe,0.267260582010582
241,NESN.SW,78.82,81.9,77.6,1.6,41.8,triple_bottom_setup,2025-04-09 07:00:00,2026-05-12 07:00:00,2026-07-27 07:00:00,81.6,75.37,79.12,78.7,4.23,89.43,321,,,,13.46,0.0,Nestlé SA,STOXX 600,Europe,0.26684365079365074
242,DUK,120.1,124.35,122.33,-1.8,39.8,triple_bottom_setup,2025-06-17 13:30:00,2025-09-18 13:30:00,2026-07-15 13:30:00,113.66,119.69,124.1,119.15,4.61,134.49,269,,,,11.98,0.0,Duke Energy,S&P 500,US,0.26659867724867725
243,ICE,160.6,144.88,154.3,4.1,68.1,triple_bottom_setup,2024-02-06 14:30:00,2024-05-30 13:30:00,2026-06-29 13:30:00,125.72,131.79,121.79,126.43,4.24,189.35,599,,,,17.9,0.0,Intercontinental Exchange,S&P 500,US,0.2664661375661376
244,AYI,331.73,341.7,319.48,3.8,41.8,triple_bottom_setup,2025-02-03 14:30:00,2026-01-29 14:30:00,2026-07-21 13:30:00,302.7,306.57,323.51,310.93,4.05,380.17,366,,,,14.6,0.0,Acuity Brands,S&P MidCap 400,US,0.26599603174603176
245,XYZ,81.81,79.53,68.3,19.8,52.2,triple_bottom_setup,2022-05-12 13:30:00,2023-06-26 13:30:00,2026-06-11 13:30:00,65.1,61.65,65.46,64.07,3.78,99.26,1023,,,,21.34,0.0,"Block, Inc.",S&P 500,US,0.26546666666666663
246,UDR,36.96,38.68,36.49,1.3,39.0,triple_bottom_setup,2025-05-23 13:30:00,2025-08-12 13:30:00,2026-06-22 13:30:00,39.25,37.4,37.14,37.93,3.48,42.22,269,,,,14.25,0.0,"UDR, Inc.",S&P 500,US,0.2646320105820106
247,WRB,67.57,71.05,68.83,-1.8,35.5,triple_bottom_setup,2025-06-11 13:30:00,2025-09-16 13:30:00,2026-07-16 13:30:00,71.09,70.43,68.56,70.03,2.09,78.96,274,,,,16.86,0.0,W. R. Berkley Corporation,S&P 500,US,0.26439338624338626
248,PHM,126.33,129.32,124.72,1.3,45.4,triple_bottom_setup,2024-10-29 13:30:00,2026-03-30 13:30:00,2026-07-21 13:30:00,122.08,113.26,121.77,119.04,4.85,144.5,430,,,,14.38,0.0,PulteGroup,S&P 500,US,0.26429497354497355
249,KHC,25.68,25.14,23.54,9.1,53.2,triple_bottom_setup,2025-05-23 13:30:00,2025-10-13 13:30:00,2026-08-12 13:30:00,26.01,24.8,24.1,24.97,4.16,29.19,305,,,,13.65,0.0,Kraft Heinz,S&P 500,US,0.26419391534391534
250,WEX,190.63,170.71,156.89,21.5,53.6,triple_bottom_breakout,2025-06-02 13:30:00,2025-11-18 14:30:00,2026-06-18 13:30:00,128.91,133.65,125.29,129.28,3.38,186.86,263,2026-07-29 13:30:00,22.0,2.02,,1.11,WEX Inc.,S&P MidCap 400,US,0.2636405106970324
251,BMY,66.97,61.56,56.78,17.9,60.4,triple_bottom_breakout,2025-02-18 14:30:00,2026-04-15 13:30:00,2026-06-18 13:30:00,53.54,57.22,53.44,54.73,4.54,63.33,335,2026-07-28 13:30:00,23.0,5.76,,1.27,Bristol Myers Squibb,S&P 500,US,0.2628904761904762
252,LMP.L,189.0,191.78,192.09,-1.6,40.0,triple_bottom_setup,2025-05-14 07:00:00,2026-03-23 08:00:00,2026-07-08 07:00:00,187.0,175.3,184.0,182.1,3.73,216.2,291,,,,14.39,0.0,LondonMetric Property,STOXX 600,Europe,0.2626253968253968
253,ORI,41.73,41.96,40.75,2.4,44.3,triple_bottom_setup,2025-06-09 13:30:00,2026-05-04 13:30:00,2026-07-23 13:30:00,36.24,38.31,39.85,38.13,4.97,46.76,281,,,,12.05,0.0,Old Republic International,S&P MidCap 400,US,0.26220264550264555
254,TRU,84.9,77.79,76.29,11.3,62.3,triple_bottom_setup,2025-04-07 13:30:00,2026-02-04 14:30:00,2026-06-22 13:30:00,66.38,65.24,63.37,64.99,2.5,99.39,302,,,,17.07,0.0,TransUnion,S&P MidCap 400,US,0.2601970899470899
255,WFRD,97.77,86.7,91.3,7.1,64.7,triple_bottom_setup,2024-09-26 13:30:00,2026-03-18 13:30:00,2026-07-21 13:30:00,83.06,83.53,77.7,81.43,4.58,113.15,453,,,,15.73,0.0,Weatherford International,S&P MidCap 400,US,0.2601373015873016
256,EXPD,189.74,175.64,156.94,20.9,66.7,triple_bottom_breakout,2024-01-09 14:30:00,2025-09-22 13:30:00,2026-02-12 14:30:00,122.31,118.84,129.59,123.58,4.86,167.19,525,2026-07-02 13:30:00,40.0,13.49,,0.78,Expeditors International,S&P 500,US,0.2600560975609756
257,FOXA,67.42,58.99,63.28,6.5,60.5,triple_bottom_setup,2025-03-13 13:30:00,2026-02-25 14:30:00,2026-06-25 13:30:00,50.93,53.03,48.34,50.77,4.78,76.39,322,,,,13.31,0.0,Fox Corporation (Class A),S&P 500,US,0.2599759259259259
258,SN,192.5,162.99,125.96,52.8,73.9,triple_bottom_breakout,2024-12-20 14:30:00,2026-03-20 13:30:00,2026-05-20 13:30:00,92.88,96.86,100.1,96.61,3.86,133.99,352,2026-06-11 13:30:00,54.0,43.67,,1.06,SharkNinja,S&P MidCap 400,US,0.258802886002886
259,ALTR.LS,4.69,4.74,4.58,2.5,42.1,triple_bottom_setup,2025-06-23 08:00:00,2025-09-19 08:00:00,2026-07-20 08:00:00,4.83,4.82,4.57,4.74,3.55,5.39,274,,,,14.93,0.0,Altri,STOXX 600,Europe,0.25857671957671957
260,RJF,178.34,169.98,159.11,12.1,56.9,triple_bottom_breakout,2025-01-13 14:30:00,2026-01-02 14:30:00,2026-07-23 13:30:00,152.67,159.64,163.01,158.44,3.64,177.66,382,2026-08-03 13:30:00,19.0,0.38,,0.64,Raymond James Financial,S&P 500,US,0.25854920634920636
261,TT,444.76,472.72,442.66,0.5,37.9,triple_bottom_setup,2025-06-10 13:30:00,2025-10-22 13:30:00,2026-07-30 13:30:00,416.82,408.11,439.82,421.58,4.33,505.87,285,,,,13.74,0.0,Trane Technologies,S&P 500,US,0.2582484126984127
262,SPX.L,7110.0,6956.2,7059.06,0.7,51.4,triple_bottom_setup,2025-01-13 08:00:00,2026-06-16 07:00:00,2026-08-11 07:00:00,6375.0,6475.0,6830.0,6560.0,4.12,8245.0,399,,,,15.96,0.0,Spirax Group,STOXX 600,Europe,0.25797777777777775
263,VNOM,44.79,42.65,41.97,6.7,59.4,triple_bottom_setup,2025-03-10 13:30:00,2026-03-10 13:30:00,2026-08-07 13:30:00,39.38,42.98,40.75,41.04,4.74,51.13,355,,,,14.15,0.0,Viper Energy,S&P MidCap 400,US,0.2579410052910053
264,MET,95.26,92.91,80.53,18.3,50.5,triple_bottom_breakout,2025-02-21 14:30:00,2025-10-17 13:30:00,2026-06-24 13:30:00,80.64,77.72,84.18,80.85,4.12,89.62,335,2026-07-06 13:30:00,39.0,6.29,,1.13,MetLife,S&P 500,US,0.2568460317460317
265,GPN,91.21,82.09,74.93,21.7,57.4,triple_bottom_breakout,2025-04-21 13:30:00,2026-04-07 13:30:00,2026-06-11 13:30:00,65.93,62.45,61.16,63.18,4.35,90.64,287,2026-08-13 13:30:00,11.0,0.63,,0.95,Global Payments,S&P 500,US,0.2560555555555556
266,HBAN,16.69,17.56,16.75,-0.4,35.6,triple_bottom_setup,2025-01-10 14:30:00,2026-01-28 14:30:00,2026-07-29 13:30:00,15.87,16.82,16.81,16.5,3.82,19.46,387,,,,16.56,0.0,Huntington Bancshares,S&P 500,US,0.25589047619047617
267,WAT,414.78,386.93,360.05,15.2,59.3,triple_bottom_breakout,2025-06-18 13:30:00,2026-05-20 13:30:00,2026-07-21 13:30:00,334.0,323.85,345.21,334.35,3.25,414.15,272,2026-08-11 13:30:00,13.0,0.15,,0.69,Waters Corporation,S&P 500,US,0.25587301587301586
268,CDP,36.0,36.85,32.09,12.2,37.4,triple_bottom_breakout,2024-09-11 13:30:00,2026-04-02 13:30:00,2026-06-04 13:30:00,28.81,30.35,30.93,30.03,4.06,34.22,433,2026-06-12 13:30:00,53.0,5.2,,0.78,COPT Defense Properties,S&P MidCap 400,US,0.2554534391534392
269,BKNG,198.93,191.8,185.39,7.3,46.2,triple_bottom_setup,2024-09-06 13:30:00,2026-02-23 14:30:00,2026-06-11 13:30:00,148.04,150.62,158.12,152.26,3.85,233.58,441,,,,17.42,0.0,Booking Holdings,S&P 500,US,0.2554166666666666
270,JLL,365.7,343.43,325.42,12.4,50.2,triple_bottom_breakout,2024-11-20 14:30:00,2026-02-12 14:30:00,2026-05-15 13:30:00,254.05,259.83,276.03,263.3,4.83,363.06,370,2026-08-03 13:30:00,19.0,0.73,,1.05,Jones Lang LaSalle,S&P MidCap 400,US,0.2551460317460318
271,UBSG.SW,44.28,42.53,35.63,24.3,63.1,triple_bottom_breakout,2025-03-11 08:00:00,2025-11-24 08:00:00,2026-03-23 08:00:00,27.5,29.43,28.25,28.39,3.65,38.39,257,2026-06-12 07:00:00,56.0,15.34,,1.26,UBS Group AG,STOXX 600,Europe,0.2550096073517126
272,LEA,124.94,132.55,125.71,-0.6,44.8,triple_bottom_setup,2024-05-01 13:30:00,2026-05-19 13:30:00,2026-08-06 13:30:00,123.86,126.28,118.79,122.98,3.4,150.33,567,,,,20.32,0.0,Lear,S&P MidCap 400,US,0.2546666666666667
273,DHR,213.87,198.89,202.47,5.6,60.4,triple_bottom_setup,2025-04-09 13:30:00,2025-07-22 13:30:00,2026-06-18 13:30:00,171.0,185.5,174.22,176.91,4.86,242.8,299,,,,13.53,0.0,Danaher Corporation,S&P 500,US,0.2539002645502646
274,CBT,82.74,87.24,76.18,8.6,40.9,triple_bottom_setup,2025-04-08 13:30:00,2025-06-20 13:30:00,2026-08-04 13:30:00,73.63,72.71,78.58,74.97,4.81,94.53,331,,,,14.25,0.0,Cabot Corp,S&P MidCap 400,US,0.25288306878306877
275,ASB,30.61,30.95,27.65,10.7,42.6,triple_bottom_breakout,2025-02-03 14:30:00,2026-01-02 14:30:00,2026-03-09 13:30:00,24.04,25.36,23.87,24.42,3.84,29.52,274,2026-06-12 13:30:00,53.0,3.69,,1.22,Associated Bank,S&P MidCap 400,US,0.25275026455026456
276,M,21.95,23.93,21.27,3.2,35.6,triple_bottom_setup,2022-01-21 14:30:00,2022-04-07 13:30:00,2026-07-10 13:30:00,22.57,22.37,22.32,22.42,0.67,28.21,1119,,,,28.49,0.0,Macy's,S&P MidCap 400,US,0.25253333333333333
277,HAL,36.85,33.87,34.39,7.2,64.1,triple_bottom_setup,2024-07-10 13:30:00,2026-03-09 13:30:00,2026-07-30 13:30:00,32.6,33.49,30.98,32.36,4.25,43.59,515,,,,18.27,0.0,Halliburton,S&P 500,US,0.25212169312169314
278,NTNX,68.57,58.06,48.82,40.5,66.1,triple_bottom_setup,2024-01-05 14:30:00,2024-07-18 13:30:00,2026-06-18 13:30:00,44.5,46.93,44.84,45.42,3.32,83.36,614,,,,21.57,0.0,Nutanix,S&P MidCap 400,US,0.25166693121693123
279,SGE.L,1092.0,934.02,929.54,17.5,64.2,triple_bottom_setup,2023-01-20 08:00:00,2026-03-26 08:00:00,2026-06-26 07:00:00,749.6,797.4,784.0,777.0,3.53,1349.0,866,,,,23.53,0.0,Sage Group,STOXX 600,Europe,0.25096666666666667
280,VOYA,101.35,97.23,79.92,26.8,60.1,triple_bottom_breakout,2024-11-05 14:30:00,2026-01-02 14:30:00,2026-05-28 13:30:00,74.51,74.02,79.53,76.02,4.62,84.3,389,2026-06-05 13:30:00,58.0,20.23,,1.05,Voya Financial,S&P MidCap 400,US,0.24989553403282216
281,AXP,330.83,342.4,336.53,-1.7,41.2,triple_bottom_setup,2024-12-18 14:30:00,2025-05-23 13:30:00,2026-06-03 13:30:00,286.43,281.46,300.03,289.31,3.71,387.49,363,,,,17.13,0.0,American Express,S&P 500,US,0.249615873015873
282,UMBF,141.63,144.59,126.49,12.0,40.4,triple_bottom_breakout,2025-01-10 14:30:00,2026-01-02 14:30:00,2026-03-19 13:30:00,105.99,113.61,107.12,108.91,4.32,136.11,297,2026-06-22 13:30:00,48.0,4.06,,1.24,UMB Financial Corp.,S&P MidCap 400,US,0.24958072562358274
283,CME,285.28,253.98,274.9,3.8,71.4,triple_bottom_setup,2025-06-20 13:30:00,2026-06-02 13:30:00,2026-08-12 13:30:00,263.21,244.56,256.83,254.87,4.04,329.16,287,,,,15.38,0.0,CME Group,S&P 500,US,0.2491962962962963
284,SEIC,110.98,100.04,87.53,26.8,78.2,triple_bottom_breakout,2025-06-12 13:30:00,2026-01-02 14:30:00,2026-06-29 13:30:00,82.43,81.63,85.94,83.33,3.13,93.96,261,2026-07-06 13:30:00,39.0,18.11,,0.9,SEI Investments Company,S&P MidCap 400,US,0.2491857142857143
285,SYF,77.11,76.38,74.41,3.6,46.7,triple_bottom_setup,2025-01-13 14:30:00,2025-10-10 13:30:00,2026-07-08 13:30:00,63.06,68.0,68.05,66.37,4.98,88.77,371,,,,15.12,0.0,Synchrony Financial,S&P 500,US,0.24837407407407405
286,GMED,81.37,81.08,86.0,-5.4,45.3,triple_bottom_setup,2021-10-18 13:30:00,2023-01-19 14:30:00,2026-06-17 13:30:00,74.33,71.08,74.67,73.36,3.11,101.4,1170,,,,24.62,0.0,Globus Medical,S&P MidCap 400,US,0.24818333333333334
287,RRC,41.33,38.52,39.04,5.8,60.3,triple_bottom_setup,2025-03-07 14:30:00,2026-01-15 14:30:00,2026-07-10 13:30:00,34.32,32.68,34.87,33.96,3.76,48.31,336,,,,16.9,0.0,Range Resources,S&P MidCap 400,US,0.24721111111111116
288,ADM.L,4024.0,3717.68,3283.92,22.5,62.1,triple_bottom_breakout,2025-07-10 07:00:00,2025-10-16 07:00:00,2026-07-17 07:00:00,3218.0,3192.0,3428.0,3279.33,4.53,3730.0,258,2026-07-28 07:00:00,23.0,7.88,,1.25,Admiral Group,STOXX 600,Europe,0.2467015873015873
289,PG,145.44,146.57,145.79,-0.2,50.4,triple_bottom_setup,2025-07-15 13:30:00,2025-10-13 13:30:00,2026-07-29 13:30:00,151.9,146.97,140.2,146.36,4.21,167.25,261,,,,15.0,0.0,Procter & Gamble,S&P 500,US,0.2463738095238095
290,PII,64.51,68.87,64.31,0.3,39.8,triple_bottom_setup,2024-10-24 13:30:00,2025-12-31 14:30:00,2026-06-08 13:30:00,68.59,62.61,65.56,65.59,4.58,75.25,404,,,,16.65,0.0,Polaris,S&P MidCap 400,US,0.24598915343915345
291,AGCO,118.28,110.78,114.02,3.7,66.3,triple_bottom_setup,2023-03-17 13:30:00,2023-06-01 13:30:00,2026-06-11 13:30:00,117.22,109.81,108.01,111.68,4.96,143.78,811,,,,21.56,0.0,AGCO,S&P MidCap 400,US,0.24593333333333334
292,ENTG,135.29,145.99,124.69,8.5,44.1,triple_bottom_setup,2022-01-27 14:30:00,2022-04-11 13:30:00,2026-07-29 13:30:00,107.41,106.92,106.91,107.08,0.31,186.94,1128,,,,38.18,0.0,Entegris,S&P MidCap 400,US,0.24534999999999998
293,FERG,224.82,236.23,238.25,-5.6,37.1,triple_bottom_setup,2024-04-25 13:30:00,2025-07-16 13:30:00,2026-07-08 13:30:00,205.07,214.61,218.54,212.74,3.61,271.64,550,,,,20.83,0.0,Ferguson Enterprises,S&P 500,US,0.24501798941798944
294,APO,136.87,126.15,126.63,8.1,59.7,triple_bottom_setup,2025-05-23 13:30:00,2026-04-30 13:30:00,2026-07-30 13:30:00,126.79,120.0,116.57,121.12,4.68,157.28,296,,,,14.91,0.0,Apollo Global Management,S&P 500,US,0.24470343915343917
295,CBRE,145.99,143.37,147.34,-0.9,47.2,triple_bottom_setup,2024-12-19 14:30:00,2026-03-11 13:30:00,2026-07-14 13:30:00,125.38,129.01,133.07,129.15,3.03,174.27,389,,,,19.37,0.0,CBRE Group,S&P 500,US,0.24458835978835977
296,ELV,392.9,394.78,355.31,10.6,48.3,triple_bottom_setup,2024-10-17 13:30:00,2024-12-19 14:30:00,2026-06-24 13:30:00,397.98,362.21,381.24,380.48,4.8,458.75,420,,,,16.76,0.0,Elevance Health,S&P 500,US,0.24388888888888885
297,COR,323.58,306.41,321.46,0.7,57.0,triple_bottom_setup,2025-06-10 13:30:00,2025-09-18 13:30:00,2026-06-22 13:30:00,281.57,285.76,269.3,278.88,3.43,377.54,258,,,,16.67,0.0,Cencora,S&P 500,US,0.24376031746031745
298,HON,213.56,231.22,227.86,-6.3,34.9,triple_bottom_setup,2021-10-01 13:30:00,2021-12-01 14:30:00,2026-06-10 13:30:00,209.2,196.88,215.54,207.21,4.98,260.28,1176,,,,21.88,0.0,Honeywell Technologies,S&P 500,US,0.2429666666666667
299,CPG.L,30.65,31.85,30.58,0.2,42.2,triple_bottom_setup,2025-04-08 07:00:00,2025-12-03 08:00:00,2026-07-23 07:00:00,30.16,30.72,29.71,30.2,1.73,37.07,325,,,,20.93,0.0,Compass Group,STOXX 600,Europe,0.24262275132275132
300,AAL,13.43,15.61,13.92,-3.5,36.2,triple_bottom_setup,2022-07-28 13:30:00,2022-11-03 13:30:00,2026-07-23 13:30:00,13.29,13.2,13.31,13.27,0.5,19.1,999,,,,42.22,0.0,American Airlines Group,S&P MidCap 400,US,0.2425
301,TSLA,367.92,360.86,401.02,-8.3,59.1,triple_bottom_setup,2021-12-21 14:30:00,2025-08-01 13:30:00,2026-07-29 13:30:00,295.37,297.82,297.38,296.86,0.5,498.83,1153,,,,35.58,0.0,"Tesla, Inc.",S&P 500,US,0.2425
302,HPQ,29.95,26.38,22.33,34.1,57.4,triple_bottom_breakout,2025-06-23 13:30:00,2025-11-20 14:30:00,2026-07-02 13:30:00,23.45,22.27,21.67,22.46,4.39,29.65,258,2026-08-07 13:30:00,15.0,1.03,,0.97,HP Inc.,S&P 500,US,0.2422793650793651
303,GD,372.02,375.56,351.66,5.8,39.4,triple_bottom_breakout,2024-10-31 13:30:00,2025-09-09 13:30:00,2026-04-28 13:30:00,291.31,318.81,306.77,305.63,4.69,369.7,371,2026-07-02 13:30:00,40.0,0.63,,0.94,General Dynamics,S&P 500,US,0.24178943089430893
304,EDPR.LS,13.66,13.74,13.2,3.5,50.0,triple_bottom_setup,2024-02-29 09:00:00,2026-01-20 09:00:00,2026-06-17 08:00:00,12.05,12.28,13.1,12.48,5.0,16.3,584,,,,19.33,0.0,EDP Renováveis,STOXX 600,Europe,0.2411653439153439
305,CNH,11.84,10.76,10.6,11.7,61.8,triple_bottom_setup,2025-04-09 13:30:00,2026-06-01 13:30:00,2026-07-31 13:30:00,10.0,9.74,10.11,9.95,2.11,14.27,328,,,,20.52,0.0,CNH Industrial,S&P MidCap 400,US,0.24073624338624341
306,BRKR,58.01,58.7,47.56,22.0,50.1,triple_bottom_setup,2022-09-27 13:30:00,2024-11-19 14:30:00,2026-08-05 13:30:00,48.42,48.07,48.63,48.37,0.63,94.86,966,,,,63.52,0.0,Bruker,S&P MidCap 400,US,0.24055
307,DOV,193.99,210.71,209.21,-7.3,33.2,triple_bottom_setup,2024-11-20 14:30:00,2026-04-02 13:30:00,2026-07-23 13:30:00,196.63,200.63,193.75,197.0,1.84,237.54,416,,,,22.45,0.0,Dover Corporation,S&P 500,US,0.24034312169312172
308,ASH,73.32,69.66,60.19,21.8,55.8,triple_bottom_breakout,2025-02-03 14:30:00,2026-02-03 14:30:00,2026-06-29 13:30:00,60.6,57.87,62.11,60.19,3.86,68.26,351,2026-07-15 13:30:00,32.0,7.41,,0.64,Ashland Global,S&P MidCap 400,US,0.24011962481962482
309,AON,320.54,351.26,336.47,-4.7,29.5,triple_bottom_setup,2025-04-25 13:30:00,2026-04-10 13:30:00,2026-06-22 13:30:00,323.73,307.81,313.62,315.05,2.75,381.0,289,,,,18.86,0.0,Aon plc,S&P 500,US,0.23981084656084656
310,JD.L,86.7,87.72,80.67,7.5,46.7,triple_bottom_setup,2025-01-23 08:00:00,2025-07-17 07:00:00,2026-07-09 07:00:00,80.2,82.14,80.56,80.97,1.45,106.18,368,,,,22.47,0.0,JD Sports,STOXX 600,Europe,0.23967724867724868
311,NOVT,146.22,152.19,136.63,7.0,44.7,triple_bottom_setup,2025-01-13 14:30:00,2026-02-05 14:30:00,2026-07-29 13:30:00,143.18,132.51,135.9,137.2,4.36,171.85,386,,,,17.53,0.0,Novanta,S&P MidCap 400,US,0.23957486772486772
312,OC,138.11,144.25,122.91,12.4,37.1,triple_bottom_setup,2025-04-09 13:30:00,2025-10-14 13:30:00,2026-06-10 13:30:00,123.41,123.23,114.68,120.44,4.78,159.42,293,,,,15.43,0.0,Owens Corning,S&P MidCap 400,US,0.23847328042328042
313,CVNA,73.55,68.05,72.8,1.0,55.4,triple_bottom_setup,2021-10-06 13:30:00,2025-06-16 13:30:00,2026-07-30 13:30:00,56.0,56.73,56.12,56.28,0.8,97.38,1207,,,,32.4,0.0,Carvana,S&P 500,US,0.23800000000000002
314,LAND.L,686.5,684.22,631.39,8.7,45.7,triple_bottom_breakout,2025-06-17 07:00:00,2025-12-15 08:00:00,2026-06-22 07:00:00,611.5,578.5,612.75,600.92,3.73,679.5,256,2026-07-16 07:00:00,31.0,1.03,,0.87,Land Securities,STOXX 600,Europe,0.23702698412698414
315,LDOS,140.28,119.84,153.89,-8.8,61.5,triple_bottom_setup,2022-05-20 13:30:00,2022-08-11 13:30:00,2026-06-30 13:30:00,98.88,97.59,98.86,98.44,0.87,205.77,1029,,,,46.69,0.0,Leidos,S&P 500,US,0.23695
316,BC,75.89,80.44,77.67,-2.3,35.3,triple_bottom_setup,2024-11-20 14:30:00,2026-05-20 13:30:00,2026-07-31 13:30:00,77.17,72.53,77.2,75.63,4.1,90.25,422,,,,18.91,0.0,Brunswick,S&P MidCap 400,US,0.2367367724867725
317,SAIC,128.22,117.79,102.51,25.1,62.2,triple_bottom_breakout,2025-06-02 13:30:00,2026-04-10 13:30:00,2026-06-22 13:30:00,98.04,91.35,98.34,95.91,4.75,123.41,264,2026-08-06 13:30:00,16.0,3.9,,1.0,Science Applications Intl Corp,S&P MidCap 400,US,0.23646591970121383
318,SR,81.81,81.04,84.31,-3.0,48.8,triple_bottom_setup,2025-03-12 13:30:00,2026-01-05 14:30:00,2026-08-04 13:30:00,73.91,80.85,78.28,77.68,4.85,95.31,350,,,,16.5,0.0,Spire,S&P MidCap 400,US,0.23604629629629628
319,MUR,36.42,35.33,34.58,5.3,52.4,triple_bottom_setup,2024-09-11 13:30:00,2026-05-27 13:30:00,2026-08-07 13:30:00,33.15,35.19,32.54,33.63,4.65,43.34,477,,,,18.98,0.0,Murphy Oil,S&P MidCap 400,US,0.2351785714285714
320,PEP,140.44,139.8,147.17,-4.6,49.6,triple_bottom_setup,2025-07-31 13:30:00,2026-06-08 13:30:00,2026-08-12 13:30:00,137.64,139.26,136.73,137.88,1.0,171.48,259,,,,22.1,0.0,PepsiCo,S&P 500,US,0.2350925925925926
321,ALL,258.47,253.52,219.31,17.9,50.5,triple_bottom_breakout,2025-02-11 14:30:00,2026-01-22 14:30:00,2026-06-01 13:30:00,184.74,191.13,202.21,192.69,4.94,227.62,326,2026-06-23 13:30:00,47.0,13.55,,1.09,Allstate,S&P 500,US,0.23477142857142858
322,ALB,135.17,129.72,155.54,-13.1,54.5,triple_bottom_setup,2023-11-13 14:30:00,2024-01-19 14:30:00,2026-07-28 13:30:00,112.0,112.29,111.55,111.95,0.35,221.0,676,,,,63.5,0.0,Albemarle Corporation,S&P 500,US,0.23416798941798941
323,BA.L,2044.0,2013.62,1986.3,2.9,40.8,triple_bottom_setup,2025-05-12 07:00:00,2025-08-20 07:00:00,2026-06-15 07:00:00,1621.5,1675.0,1529.0,1608.5,4.94,2360.0,276,,,,15.46,0.0,BAE Systems,STOXX 600,Europe,0.23357460317460318
324,GSK.L,1853.5,1930.57,1947.49,-4.8,41.4,triple_bottom_setup,2022-06-17 07:00:00,2025-12-10 08:00:00,2026-07-21 07:00:00,1678.26,1769.5,1850.5,1766.09,4.97,2282.0,1033,,,,23.12,0.0,GSK plc,STOXX 600,Europe,0.23278333333333331
325,TOL,143.42,151.33,143.83,-0.3,43.1,triple_bottom_setup,2024-10-29 13:30:00,2026-01-06 14:30:00,2026-07-08 13:30:00,137.83,132.56,145.08,138.49,4.76,169.52,421,,,,18.2,0.0,Toll Brothers,S&P MidCap 400,US,0.232621164021164
326,MIDD,110.84,129.64,120.28,-7.9,30.0,triple_bottom_setup,2022-03-07 14:30:00,2025-02-12 14:30:00,2026-07-21 13:30:00,130.94,129.27,128.09,129.43,1.17,148.55,1096,,,,34.02,0.0,Middleby,S&P MidCap 400,US,0.23245
327,GBCI,46.31,50.0,47.03,-1.5,33.2,triple_bottom_setup,2022-04-18 13:30:00,2022-06-16 13:30:00,2026-06-03 13:30:00,45.29,44.66,45.69,45.21,1.22,60.67,1035,,,,31.01,0.0,Glacier Bancorp,S&P MidCap 400,US,0.2317
328,CMS,68.14,72.65,72.62,-6.2,34.4,triple_bottom_setup,2025-03-12 13:30:00,2026-03-20 13:30:00,2026-06-04 13:30:00,70.94,74.19,68.84,71.32,4.02,80.36,309,,,,17.93,0.0,CMS Energy,S&P 500,US,0.23115634920634923
329,EL,102.41,86.67,91.57,11.8,67.5,triple_bottom_setup,2024-09-11 13:30:00,2025-09-25 13:30:00,2026-06-30 13:30:00,82.39,83.12,76.83,80.78,4.89,121.64,450,,,,18.78,0.0,Estée Lauder Companies (The),S&P 500,US,0.22967380952380953
330,LYV,180.13,180.93,159.43,13.0,46.9,triple_bottom_breakout,2025-01-13 14:30:00,2025-05-29 13:30:00,2026-02-05 14:30:00,127.08,134.74,136.42,132.75,4.27,175.25,267,2026-06-15 13:30:00,52.0,2.78,,0.97,Live Nation Entertainment,S&P 500,US,0.22901224917640015
331,ALLE,155.71,150.47,150.6,3.4,44.6,triple_bottom_setup,2025-06-13 13:30:00,2026-04-07 13:30:00,2026-06-24 13:30:00,134.67,138.36,128.69,133.91,3.9,183.11,257,,,,17.59,0.0,Allegion,S&P 500,US,0.22891137566137565
332,UPS,104.25,106.69,101.57,2.6,48.5,triple_bottom_setup,2025-05-23 13:30:00,2026-01-02 14:30:00,2026-06-10 13:30:00,95.23,98.41,102.83,98.82,4.05,122.41,262,,,,17.42,0.0,United Parcel Service,S&P 500,US,0.22873941798941796
333,QCOM,170.5,173.64,167.09,2.0,55.5,triple_bottom_setup,2022-03-15 13:30:00,2022-07-29 13:30:00,2026-08-03 13:30:00,139.05,140.67,142.89,140.87,1.43,259.92,1099,,,,52.45,0.0,Qualcomm,S&P 500,US,0.22855
334,ULTA,536.81,497.84,555.77,-3.4,56.7,triple_bottom_setup,2022-12-20 14:30:00,2023-08-04 13:30:00,2026-06-30 13:30:00,436.15,432.26,443.6,437.34,1.43,714.97,882,,,,33.19,0.0,Ulta Beauty,S&P 500,US,0.22855
335,POST,83.35,86.39,97.01,-14.1,49.3,triple_bottom_setup,2022-08-29 13:30:00,2022-11-11 14:30:00,2026-06-04 13:30:00,86.09,84.51,86.85,85.82,1.52,125.84,944,,,,50.98,0.0,Post Holdings,S&P MidCap 400,US,0.22719999999999999
336,FAF,73.91,72.01,65.96,12.0,53.9,triple_bottom_breakout,2025-03-11 13:30:00,2026-01-12 14:30:00,2026-06-03 13:30:00,61.64,58.5,63.97,61.37,4.68,71.47,309,2026-07-16 13:30:00,31.0,3.41,,0.84,First American Financial Corporation,S&P MidCap 400,US,0.22687619047619048
337,BAC,61.94,61.12,54.3,14.1,48.5,triple_bottom_breakout,2025-02-03 14:30:00,2025-10-14 13:30:00,2026-03-19 13:30:00,45.11,48.53,46.12,46.59,4.17,57.55,282,2026-06-23 13:30:00,47.0,7.62,,0.82,Bank of America,S&P 500,US,0.22644126984126983
338,CDNS,339.52,348.43,327.23,3.8,53.4,triple_bottom_setup,2024-03-15 13:30:00,2024-07-01 13:30:00,2026-07-17 13:30:00,298.11,304.12,320.07,307.43,4.11,416.69,585,,,,22.73,0.0,Cadence Design Systems,S&P 500,US,0.2263142857142857
339,SPGI,436.15,419.49,428.72,1.7,59.9,triple_bottom_setup,2022-02-24 14:30:00,2023-08-21 13:30:00,2026-06-26 13:30:00,343.94,356.47,371.84,357.41,4.03,547.82,1087,,,,25.61,0.0,S&P Global,S&P 500,US,0.22613333333333333
340,AVNT,44.04,39.58,35.92,22.6,58.4,triple_bottom_setup,2023-05-04 13:30:00,2023-08-21 13:30:00,2026-06-08 13:30:00,35.83,36.37,33.54,35.25,4.84,54.68,775,,,,24.16,0.0,Avient,S&P MidCap 400,US,0.22606666666666667
341,BLDR,66.47,74.85,91.1,-27.0,39.7,triple_bottom_setup,2022-12-28 14:30:00,2026-05-20 13:30:00,2026-07-31 13:30:00,63.52,65.1,65.1,64.57,1.63,214.7,899,,,,223.0,0.0,Builders FirstSource,S&P 500,US,0.22555
342,TXT,80.6,88.63,90.05,-10.5,32.4,triple_bottom_setup,2024-02-21 14:30:00,2024-04-25 13:30:00,2026-06-22 13:30:00,84.0,82.02,85.94,83.99,2.34,101.57,584,,,,26.02,0.0,Textron,S&P 500,US,0.2253153439153439
343,DPZ,342.21,328.46,363.44,-5.8,50.8,triple_bottom_setup,2023-02-27 14:30:00,2023-05-31 13:30:00,2026-06-23 13:30:00,291.0,285.84,282.0,286.28,1.65,542.75,832,,,,58.6,0.0,Domino's,S&P 500,US,0.22525
344,COLM,57.4,60.89,58.41,-1.7,42.6,triple_bottom_setup,2025-06-23 13:30:00,2026-05-20 13:30:00,2026-08-12 13:30:00,58.89,57.12,55.7,57.24,2.89,69.06,286,,,,20.31,0.0,Columbia Sportswear,S&P MidCap 400,US,0.22523068783068784
345,TREX,45.58,46.68,40.82,11.6,43.7,triple_bottom_setup,2022-12-22 14:30:00,2026-01-30 14:30:00,2026-07-23 13:30:00,40.69,40.56,41.7,40.98,1.75,101.91,896,,,,123.58,0.0,Trex,S&P MidCap 400,US,0.22375
346,PAG,216.46,203.13,170.03,27.3,57.0,triple_bottom_breakout,2025-04-30 13:30:00,2026-03-20 13:30:00,2026-05-20 13:30:00,148.14,140.12,154.12,147.46,4.98,189.51,265,2026-07-09 13:30:00,36.0,14.22,,1.07,Penske Automotive Group,S&P MidCap 400,US,0.22323462033462035
347,BR,182.76,156.9,176.78,3.4,67.6,triple_bottom_setup,2023-05-31 13:30:00,2026-05-13 13:30:00,2026-07-23 13:30:00,144.54,139.79,143.04,142.46,1.87,271.91,788,,,,48.78,0.0,Broadridge Financial Solutions,S&P 500,US,0.22194999999999998
348,KNSL,374.01,353.07,357.86,4.5,52.4,triple_bottom_setup,2022-11-14 14:30:00,2023-03-15 13:30:00,2026-06-03 13:30:00,280.21,277.9,287.2,281.77,1.93,548.47,889,,,,46.65,0.0,Kinsale Capital Group,S&P MidCap 400,US,0.22105
349,APPF,234.21,184.54,188.28,24.4,74.2,triple_bottom_setup,2023-05-31 13:30:00,2026-04-10 13:30:00,2026-06-22 13:30:00,138.49,142.73,142.56,141.26,1.96,326.04,766,,,,39.21,0.0,AppFolio,S&P MidCap 400,US,0.22060000000000002
350,MTN,136.91,146.25,135.18,1.3,36.5,triple_bottom_setup,2025-08-11 13:30:00,2025-10-15 13:30:00,2026-08-13 13:30:00,146.68,144.71,140.07,143.82,2.61,165.5,253,,,,20.88,0.0,Vail Resorts,S&P MidCap 400,US,0.2203156084656085
351,KD,13.46,12.51,16.47,-18.3,55.9,triple_bottom_setup,2022-12-29 14:30:00,2026-02-09 14:30:00,2026-06-22 13:30:00,10.49,10.1,10.36,10.32,2.1,44.2,870,,,,228.38,0.0,Kyndryl,S&P MidCap 400,US,0.2185
352,PGR,218.33,216.71,208.17,4.9,53.5,triple_bottom_setup,2024-04-11 13:30:00,2024-06-12 13:30:00,2026-07-16 13:30:00,202.09,201.34,203.08,202.17,0.45,292.99,566,,,,34.2,0.0,Progressive Corporation,S&P 500,US,0.21811772486772485
353,MP,54.76,51.77,57.76,-5.2,51.0,triple_bottom_setup,2021-12-06 14:30:00,2022-03-04 14:30:00,2026-07-29 13:30:00,38.95,37.64,37.81,38.13,2.14,100.25,1164,,,,83.07,0.0,MP Materials,S&P MidCap 400,US,0.2179
354,VAL,86.39,79.63,79.01,9.3,57.4,triple_bottom_setup,2023-02-02 14:30:00,2023-08-08 13:30:00,2026-07-01 13:30:00,68.82,69.52,71.47,69.94,2.19,114.12,854,,,,32.1,0.0,Valaris,S&P MidCap 400,US,0.21715
355,BF-B,26.55,27.26,26.97,-1.6,40.3,triple_bottom_setup,2025-06-17 13:30:00,2025-10-15 13:30:00,2026-07-14 13:30:00,25.53,26.5,24.9,25.64,3.34,31.92,268,,,,20.23,0.0,Brown–Forman,S&P 500,US,0.21676640211640213
356,BRO,72.16,68.7,69.31,4.1,55.0,triple_bottom_setup,2021-09-30 13:30:00,2022-05-20 13:30:00,2026-06-03 13:30:00,55.44,53.4,55.01,54.62,2.23,125.68,1172,,,,74.17,0.0,Brown & Brown,S&P 500,US,0.21655000000000002
357,ABT,110.33,102.18,105.64,4.4,53.7,triple_bottom_setup,2022-10-21 13:30:00,2023-10-12 13:30:00,2026-07-15 13:30:00,93.25,89.67,87.64,90.19,3.4,141.23,933,,,,28.01,0.0,Abbott Laboratories,S&P 500,US,0.21558333333333332
358,GLPI,42.07,44.04,44.57,-5.6,38.6,triple_bottom_setup,2025-06-17 13:30:00,2026-04-22 13:30:00,2026-07-10 13:30:00,45.56,45.56,42.68,44.6,4.3,49.95,266,,,,18.73,0.0,Gaming and Leisure Properties,S&P MidCap 400,US,0.21460185185185185
359,CHE,518.27,507.92,444.65,16.6,44.7,triple_bottom_setup,2021-10-12 13:30:00,2022-06-16 13:30:00,2026-06-15 13:30:00,403.0,434.82,411.02,416.28,4.45,654.62,1172,,,,26.31,0.0,Chemed Corp.,S&P MidCap 400,US,0.214
360,ISRG,377.05,384.3,468.59,-19.5,48.3,triple_bottom_setup,2021-12-03 14:30:00,2024-01-04 14:30:00,2026-07-23 13:30:00,313.69,320.26,328.57,320.84,2.41,616.0,1161,,,,63.37,0.0,Intuitive Surgical,S&P 500,US,0.21384999999999998
361,LSTR,180.63,194.89,169.58,6.5,43.3,triple_bottom_setup,2021-10-11 13:30:00,2023-01-05 14:30:00,2026-07-30 13:30:00,154.03,160.05,167.58,160.55,4.38,228.46,1204,,,,26.48,0.0,Landstar System,S&P MidCap 400,US,0.21363333333333334
362,TTEK,36.14,32.63,32.79,10.2,60.3,triple_bottom_setup,2025-03-03 14:30:00,2025-05-07 13:30:00,2026-07-24 13:30:00,28.17,30.19,30.41,29.59,4.8,43.14,350,,,,19.37,0.0,Tetra Tech,S&P MidCap 400,US,0.2128796296296296
363,DSV.CO,1357.5,1489.9,1572.6,-13.7,39.5,triple_bottom_setup,2021-10-11 07:00:00,2024-11-14 08:00:00,2026-06-18 07:00:00,1441.0,1451.5,1501.0,1464.5,2.49,1913.5,1170,,,,40.96,0.0,DSV,STOXX 600,Europe,0.21265
364,PNR,60.56,68.3,86.29,-29.8,34.4,triple_bottom_setup,2023-06-01 13:30:00,2023-10-25 13:30:00,2026-07-15 13:30:00,55.26,57.18,57.6,56.68,2.51,113.95,781,,,,88.16,0.0,Pentair,S&P 500,US,0.21234999999999998
365,AMH,33.3,33.72,31.27,6.5,42.0,triple_bottom_setup,2025-04-09 13:30:00,2025-08-12 13:30:00,2026-06-22 13:30:00,31.68,33.96,31.47,32.37,4.91,39.49,300,,,,18.59,0.0,American Homes 4 Rent,S&P MidCap 400,US,0.211115873015873
366,RMD,240.13,210.84,227.55,5.5,69.4,triple_bottom_setup,2025-04-07 13:30:00,2026-05-11 13:30:00,2026-07-23 13:30:00,199.92,198.61,190.21,196.25,3.08,293.81,324,,,,22.35,0.0,ResMed|,S&P 500,US,0.21040714285714285
367,WING,109.48,137.32,192.42,-43.1,36.7,triple_bottom_setup,2022-10-14 13:30:00,2026-05-14 13:30:00,2026-08-11 13:30:00,113.2,116.35,110.44,113.33,2.66,433.86,957,,,,296.29,0.0,Wingstop,S&P MidCap 400,US,0.2101
368,CPRT,32.99,29.78,34.66,-4.8,62.4,triple_bottom_setup,2022-06-16 13:30:00,2022-10-13 13:30:00,2026-07-23 13:30:00,25.55,26.44,26.81,26.27,2.73,64.38,1027,,,,95.15,0.0,Copart,S&P 500,US,0.20905
369,TYL,372.49,315.82,359.88,3.5,71.2,triple_bottom_setup,2022-11-07 14:30:00,2026-02-12 14:30:00,2026-06-22 13:30:00,281.11,283.72,270.71,278.51,2.8,661.31,906,,,,77.54,0.0,Tyler Technologies,S&P 500,US,0.20800000000000002
370,MNST,45.97,77.26,78.52,-41.5,41.6,triple_bottom_setup,2022-12-16 14:30:00,2023-03-01 14:30:00,2026-07-21 13:30:00,49.21,48.62,46.89,48.24,2.8,100.34,898,,,,118.3,0.0,Monster Beverage,S&P 500,US,0.20800000000000002
371,WY,23.37,24.29,24.0,-2.6,38.5,triple_bottom_setup,2025-07-01 13:30:00,2026-01-30 14:30:00,2026-07-30 13:30:00,25.16,24.65,23.16,24.32,4.78,27.75,271,,,,18.74,0.0,Weyerhaeuser,S&P 500,US,0.2079798941798942
372,PPG,112.42,116.08,109.73,2.4,44.5,triple_bottom_setup,2025-06-13 13:30:00,2026-05-19 13:30:00,2026-07-31 13:30:00,106.08,100.0,109.54,105.21,4.95,133.43,283,,,,18.69,0.0,PPG Industries,S&P 500,US,0.20743386243386241
373,PNFP,100.0,101.69,95.47,4.7,40.2,triple_bottom_setup,2025-03-11 13:30:00,2026-01-02 14:30:00,2026-06-11 13:30:00,98.03,92.16,91.74,93.98,4.31,120.46,315,,,,20.46,0.0,Pinnacle Financial Partners,S&P MidCap 400,US,0.20651666666666668
374,VRSK,193.78,189.05,194.55,-0.4,56.2,triple_bottom_setup,2023-02-24 14:30:00,2026-04-10 13:30:00,2026-06-22 13:30:00,169.74,161.7,168.18,166.54,2.91,322.92,832,,,,66.64,0.0,Verisk Analytics,S&P 500,US,0.20634999999999998
375,ODFL,200.09,217.67,194.94,2.6,35.8,triple_bottom_setup,2023-08-18 13:30:00,2026-05-12 13:30:00,2026-07-30 13:30:00,194.12,186.89,205.16,195.39,5.0,252.03,738,,,,25.96,0.0,Old Dominion,S&P 500,US,0.20628571428571427
376,REGN,799.59,716.07,726.84,10.0,58.2,triple_bottom_setup,2021-12-02 14:30:00,2022-02-02 14:30:00,2026-06-22 13:30:00,622.49,596.9,594.9,604.76,2.93,1211.2,1140,,,,51.48,0.0,Regeneron Pharmaceuticals,S&P 500,US,0.20605
377,CHWY,23.81,21.68,26.07,-8.7,56.4,triple_bottom_setup,2022-05-24 13:30:00,2026-02-17 14:30:00,2026-08-13 13:30:00,22.22,23.06,21.92,22.4,2.95,52.88,1058,,,,122.14,0.0,Chewy,S&P MidCap 400,US,0.20575
378,LGEN.L,293.4,295.31,267.75,9.6,47.3,triple_bottom_breakout,2025-03-13 08:00:00,2026-01-23 08:00:00,2026-05-12 07:00:00,237.9,256.8,243.3,246.0,4.39,279.5,292,2026-06-12 07:00:00,55.0,4.97,,0.51,Legal & General,STOXX 600,Europe,0.20561269841269844
379,LEN,84.06,86.18,98.33,-14.5,44.8,triple_bottom_setup,2022-02-24 14:30:00,2026-05-19 13:30:00,2026-07-23 13:30:00,76.98,81.18,79.83,79.33,2.96,187.61,1105,,,,123.18,0.0,Lennar,S&P 500,US,0.2056
380,ADSK,258.3,225.61,248.43,4.0,59.2,triple_bottom_setup,2022-03-14 13:30:00,2022-05-23 13:30:00,2026-06-22 13:30:00,186.29,173.9,185.5,181.9,4.4,329.09,1071,,,,27.41,0.0,Autodesk,S&P 500,US,0.20558333333333334
381,F,13.95,13.99,13.2,5.7,48.1,triple_bottom_setup,2022-04-07 13:30:00,2026-02-11 14:30:00,2026-08-06 13:30:00,14.56,13.52,13.75,13.94,4.42,17.78,1085,,,,27.46,0.0,Ford Motor Company,S&P 500,US,0.2048666666666667
382,XYL,110.15,117.58,124.21,-11.3,35.4,triple_bottom_setup,2021-12-20 14:30:00,2022-11-30 14:30:00,2026-06-11 13:30:00,112.64,108.63,106.54,109.27,3.08,154.27,1122,,,,40.05,0.0,Xylem Inc.,S&P 500,US,0.20379999999999998
383,ORLY,88.9,88.93,92.45,-3.8,46.5,triple_bottom_setup,2024-11-20 14:30:00,2025-02-18 14:30:00,2026-07-15 13:30:00,78.76,85.68,82.59,82.34,4.35,108.72,410,,,,22.29,0.0,O'Reilly Automotive,S&P 500,US,0.20323280423280426
384,ZEAL.CO,300.0,305.06,359.43,-16.5,43.2,triple_bottom_setup,2023-06-08 07:00:00,2026-03-09 08:00:00,2026-06-08 07:00:00,246.4,233.5,237.5,239.13,3.04,972.0,747,,,,224.0,0.0,Zealand Pharma,STOXX 600,Europe,0.2032095238095238
385,TRMB,59.94,55.05,65.28,-8.2,57.2,triple_bottom_setup,2022-10-13 13:30:00,2022-12-22 14:30:00,2026-06-18 13:30:00,49.99,47.52,47.92,48.48,3.12,87.5,922,,,,45.98,0.0,Trimble Inc.,S&P 500,US,0.2032
386,MRSH,189.98,181.94,176.23,7.8,53.7,triple_bottom_setup,2023-05-31 13:30:00,2026-04-10 13:30:00,2026-07-23 13:30:00,171.47,165.06,174.59,170.37,3.12,248.0,788,,,,30.54,0.0,Marsh McLennan,S&P 500,US,0.2032
387,HWDN.L,794.0,806.91,817.5,-2.9,44.9,triple_bottom_setup,2025-03-12 08:00:00,2026-05-18 07:00:00,2026-07-24 07:00:00,725.5,713.0,753.0,730.5,3.08,981.0,345,,,,23.55,0.0,Howdens Joinery,STOXX 600,Europe,0.2031849206349206
388,EIX,54.09,73.74,67.29,-19.6,23.0,triple_bottom_setup,2024-04-16 13:30:00,2026-05-18 13:30:00,2026-08-05 13:30:00,66.56,65.02,66.58,66.05,1.56,88.77,577,,,,64.11,0.0,Edison International,S&P 500,US,0.20292275132275134
389,OLLI,75.42,72.32,94.44,-20.1,51.5,triple_bottom_setup,2022-07-28 13:30:00,2023-06-30 13:30:00,2026-07-09 13:30:00,57.76,57.31,60.29,58.45,3.14,141.74,989,,,,87.93,0.0,Ollie's Bargain Outlet,S&P MidCap 400,US,0.2029
390,WDAY,197.45,157.19,160.81,22.8,62.8,triple_bottom_setup,2022-07-13 13:30:00,2022-11-04 13:30:00,2026-07-23 13:30:00,134.1,128.72,127.11,129.98,3.17,311.28,1010,,,,57.65,0.0,"Workday, Inc.",S&P 500,US,0.20245000000000002
391,BJ,90.66,92.01,93.42,-3.0,42.8,triple_bottom_setup,2024-07-03 13:30:00,2024-10-31 13:30:00,2026-06-22 13:30:00,84.36,84.27,83.21,83.95,0.88,121.1,492,,,,33.58,0.0,BJ's Wholesale Club,S&P MidCap 400,US,0.2018793650793651
392,WSO,310.0,353.81,370.75,-16.4,39.2,triple_bottom_setup,2021-12-02 14:30:00,2023-03-13 13:30:00,2026-07-30 13:30:00,289.21,284.05,300.66,291.31,3.21,571.42,1167,,,,84.33,0.0,Watsco,S&P MidCap 400,US,0.20185000000000003
393,TTWO,219.85,241.65,228.34,-3.7,33.2,triple_bottom_setup,2025-03-10 13:30:00,2026-03-27 13:30:00,2026-06-11 13:30:00,197.0,187.63,206.0,196.88,4.7,264.79,316,,,,20.44,0.0,Take-Two Interactive,S&P 500,US,0.2009656084656085
394,HRB,51.63,44.1,38.06,35.6,60.1,triple_bottom_setup,2022-06-17 13:30:00,2023-01-04 14:30:00,2026-06-22 13:30:00,32.64,34.75,33.56,33.65,3.27,68.45,1004,,,,32.58,0.0,H&R Block,S&P MidCap 400,US,0.20095000000000002
395,EXPN.L,3044.0,2757.15,2841.59,7.1,64.2,triple_bottom_setup,2023-10-25 07:00:00,2026-03-30 07:00:00,2026-06-26 07:00:00,2366.0,2484.0,2435.0,2428.33,2.57,4101.0,674,,,,34.72,0.0,Experian,STOXX 600,Europe,0.20060343915343914
396,PHR.LS,0.09,0.09,0.08,17.8,56.8,triple_bottom_setup,2022-08-22 08:00:00,2026-03-31 08:00:00,2026-06-10 08:00:00,0.07,0.07,0.07,0.07,3.33,0.12,970,,,,32.22,0.0,Pharol,STOXX 600,Europe,0.20005
397,SYNA,96.72,113.6,95.43,1.4,38.7,triple_bottom_setup,2022-05-24 13:30:00,2022-08-09 13:30:00,2026-06-05 13:30:00,130.34,126.67,122.18,126.4,3.34,154.68,1011,,,,59.93,0.0,Synaptics,S&P MidCap 400,US,0.19990000000000002
398,ORA,102.03,108.47,115.38,-11.6,40.1,triple_bottom_setup,2022-09-06 13:30:00,2022-11-30 14:30:00,2026-07-29 13:30:00,90.88,87.44,93.09,90.47,3.35,146.39,976,,,,43.48,0.0,Ormat Technologies,S&P MidCap 400,US,0.19975
399,DEMANT.CO,288.6,279.94,230.31,25.3,55.9,triple_bottom_setup,2022-02-24 08:00:00,2022-05-02 07:00:00,2026-06-18 07:00:00,248.7,254.0,237.6,246.77,3.71,373.5,1074,,,,29.42,0.0,Demant,STOXX 600,Europe,0.19918333333333332
400,NXST,182.13,180.83,195.93,-7.0,46.4,triple_bottom_setup,2021-10-27 13:30:00,2022-05-09 13:30:00,2026-06-25 13:30:00,145.01,151.01,154.47,150.16,3.43,254.3,1168,,,,39.63,0.0,Nexstar Media Group,S&P MidCap 400,US,0.19855
401,HQY,96.54,97.96,89.46,7.9,40.3,triple_bottom_setup,2025-03-19 13:30:00,2026-04-13 13:30:00,2026-06-25 13:30:00,80.33,76.03,83.1,79.82,4.75,116.65,318,,,,20.83,0.0,HealthEquity,S&P MidCap 400,US,0.19723015873015876
402,IBS.LS,10.3,9.69,10.07,2.3,64.6,triple_bottom_setup,2025-06-27 08:00:00,2025-09-02 08:00:00,2026-07-16 08:00:00,9.28,9.48,8.84,9.2,3.91,12.52,268,,,,21.55,0.0,Ibersol,STOXX 600,Europe,0.19721640211640212
403,ROP,424.81,375.05,375.44,13.1,70.9,triple_bottom_setup,2022-10-13 13:30:00,2026-03-25 13:30:00,2026-07-22 13:30:00,356.22,340.41,335.5,344.04,3.54,595.17,944,,,,40.1,0.0,Roper Technologies,S&P 500,US,0.19690000000000002
404,GGG,77.45,78.03,81.9,-5.4,39.5,triple_bottom_setup,2024-07-01 13:30:00,2025-11-18 14:30:00,2026-07-09 13:30:00,77.49,78.87,72.51,76.29,4.95,95.69,506,,,,23.55,0.0,Graco Inc.,S&P MidCap 400,US,0.19643121693121696
405,MMS,57.77,57.36,70.32,-17.8,49.3,triple_bottom_setup,2022-10-13 13:30:00,2026-05-20 13:30:00,2026-08-12 13:30:00,54.46,56.92,53.43,54.94,3.61,100.0,959,,,,73.1,0.0,Maximus Inc.,S&P MidCap 400,US,0.19585000000000002
406,VMC,269.79,286.14,287.85,-6.3,40.9,triple_bottom_setup,2025-07-16 13:30:00,2026-05-19 13:30:00,2026-07-31 13:30:00,255.33,252.42,266.68,258.14,3.31,331.09,262,,,,22.72,0.0,Vulcan Materials Company,S&P 500,US,0.19567275132275136
407,COF,214.75,209.67,205.95,4.3,49.9,triple_bottom_setup,2025-05-23 13:30:00,2026-03-27 13:30:00,2026-07-08 13:30:00,183.38,174.98,191.38,183.25,4.51,259.64,280,,,,20.9,0.0,Capital One,S&P 500,US,0.19522037037037038
408,RLI,63.49,61.47,57.38,10.6,50.9,triple_bottom_setup,2022-04-13 13:30:00,2022-06-22 13:30:00,2026-07-23 13:30:00,53.38,53.79,56.61,54.59,3.69,91.14,1071,,,,43.57,0.0,RLI Corp.,S&P MidCap 400,US,0.19465
409,CNM,42.96,45.37,50.03,-14.1,36.8,triple_bottom_setup,2024-01-26 14:30:00,2024-10-04 13:30:00,2026-07-29 13:30:00,40.13,41.6,41.88,41.2,2.6,67.18,627,,,,56.4,0.0,Core & Main,S&P MidCap 400,US,0.19393650793650796
410,CNX,36.37,34.45,37.02,-1.8,60.1,triple_bottom_setup,2025-07-03 13:30:00,2026-01-05 14:30:00,2026-07-10 13:30:00,31.36,33.82,31.52,32.23,4.92,43.62,255,,,,19.93,0.0,CNX Resources,S&P MidCap 400,US,0.1938468253968254
411,VNT,32.21,31.37,34.65,-7.0,46.9,triple_bottom_setup,2023-10-25 13:30:00,2025-04-07 13:30:00,2026-07-08 13:30:00,28.84,27.22,28.15,28.07,3.03,48.2,675,,,,49.64,0.0,Vontier,S&P MidCap 400,US,0.1938357142857143
412,CHRD,147.11,130.03,117.48,25.2,61.5,triple_bottom_setup,2023-03-17 13:30:00,2026-04-17 13:30:00,2026-07-01 13:30:00,117.05,119.92,111.25,116.07,4.16,190.23,824,,,,29.31,0.0,Chord Energy,S&P MidCap 400,US,0.19335000000000002
413,MUSA,515.11,572.5,487.75,5.6,34.5,triple_bottom_setup,2024-09-04 13:30:00,2026-04-17 13:30:00,2026-06-26 13:30:00,504.9,475.03,516.4,498.78,4.76,636.05,453,,,,23.48,0.0,Murphy USA,S&P MidCap 400,US,0.19285396825396825
414,CAR,147.49,153.35,157.72,-6.5,51.1,triple_bottom_setup,2022-09-23 13:30:00,2026-05-14 13:30:00,2026-08-04 13:30:00,131.83,140.44,133.56,135.28,3.82,847.7,967,,,,474.75,0.0,Avis Budget Group,S&P MidCap 400,US,0.19269999999999998
415,BSY,36.75,33.45,35.59,3.3,57.0,triple_bottom_setup,2022-11-07 14:30:00,2026-05-13 13:30:00,2026-07-22 13:30:00,31.75,30.52,29.44,30.57,3.85,59.25,927,,,,61.22,0.0,Bentley Systems,S&P MidCap 400,US,0.19225
416,GEHC,71.26,67.56,72.75,-2.0,51.0,triple_bottom_setup,2025-04-09 13:30:00,2026-04-29 13:30:00,2026-07-24 13:30:00,57.65,58.75,60.2,58.87,2.27,89.77,323,,,,25.98,0.0,GE HealthCare,S&P 500,US,0.19217486772486772
417,HIMS,29.58,32.13,28.61,3.4,47.2,triple_bottom_setup,2025-01-10 14:30:00,2025-04-04 13:30:00,2026-07-30 13:30:00,24.07,23.97,24.24,24.09,0.61,72.98,388,,,,146.73,0.0,Hims & Hers Health,S&P MidCap 400,US,0.19217275132275133
418,WH,73.69,77.59,78.06,-5.6,43.8,triple_bottom_setup,2025-04-07 13:30:00,2025-06-23 13:30:00,2026-06-11 13:30:00,76.65,77.37,74.55,76.19,2.15,92.68,296,,,,25.78,0.0,Wyndham Hotels & Resorts,S&P MidCap 400,US,0.1920701058201058
419,APTV,44.98,54.9,67.23,-33.1,30.9,triple_bottom_setup,2025-02-03 14:30:00,2026-04-16 13:30:00,2026-07-08 13:30:00,56.22,56.56,56.51,56.43,0.37,88.93,357,,,,97.71,0.0,Aptiv,S&P 500,US,0.19167222222222222
420,RPM,104.11,108.8,105.77,-1.6,37.0,triple_bottom_setup,2025-04-08 13:30:00,2026-05-20 13:30:00,2026-07-21 13:30:00,95.28,94.24,99.65,96.39,3.38,129.12,321,,,,24.02,0.0,RPM International,S&P MidCap 400,US,0.19159365079365082
421,FICO,1146.16,1170.81,1321.61,-13.3,50.8,triple_bottom_setup,2024-01-05 14:30:00,2024-04-26 13:30:00,2026-06-22 13:30:00,1113.19,1105.65,1065.69,1094.84,2.66,2402.52,615,,,,109.61,0.0,Fair Isaac,S&P 500,US,0.19144920634920634
422,DOCS,26.7,22.68,29.45,-9.3,62.3,triple_bottom_setup,2023-09-25 13:30:00,2026-04-09 13:30:00,2026-06-11 13:30:00,19.71,20.55,19.45,19.9,3.25,85.21,680,,,,219.14,0.0,Doximity,S&P MidCap 400,US,0.19119708994708995
423,INVH,29.2,29.9,27.47,6.3,39.8,triple_bottom_setup,2024-11-01 13:30:00,2025-04-09 13:30:00,2026-06-22 13:30:00,31.01,29.37,28.24,29.54,4.98,35.8,407,,,,22.58,0.0,Invitation Homes,S&P 500,US,0.19096931216931218
424,BX,143.26,129.94,128.51,11.5,59.1,triple_bottom_setup,2021-10-04 13:30:00,2022-01-24 14:30:00,2026-06-03 13:30:00,108.81,101.65,107.03,105.83,3.95,200.96,1170,,,,40.28,0.0,Blackstone Inc.,S&P 500,US,0.19075
425,CBOE,300.88,279.21,283.58,6.1,54.1,triple_bottom_setup,2025-06-09 13:30:00,2025-10-22 13:30:00,2026-06-29 13:30:00,218.14,231.6,227.15,225.63,3.32,371.18,264,,,,23.36,0.0,Cboe Global Markets,S&P 500,US,0.19045396825396826
426,DHI,144.25,150.71,149.02,-3.2,44.3,triple_bottom_setup,2024-12-19 14:30:00,2025-11-18 14:30:00,2026-07-23 13:30:00,135.0,134.74,138.83,136.19,1.94,184.55,396,,,,27.94,0.0,D. R. Horton,S&P 500,US,0.19044761904761906
427,LMT,561.95,551.08,551.15,2.0,46.0,triple_bottom_setup,2025-01-08 14:30:00,2026-05-06 13:30:00,2026-07-21 13:30:00,461.24,500.31,487.15,482.9,4.49,692.0,382,,,,23.14,0.0,Lockheed Martin,S&P 500,US,0.19034576719576718
428,AZN.L,11970.0,12753.23,13740.54,-12.9,44.8,triple_bottom_setup,2022-05-12 07:00:00,2022-08-11 07:00:00,2026-07-15 07:00:00,9764.0,10430.2,9892.0,10028.73,4.0,15732.0,1053,,,,31.43,0.0,AstraZeneca,STOXX 600,Europe,0.19
429,PPC,31.38,28.67,34.67,-9.5,60.7,triple_bottom_setup,2024-02-07 14:30:00,2026-06-03 13:30:00,2026-08-11 13:30:00,26.52,27.37,25.9,26.6,2.91,57.16,628,,,,82.15,0.0,Pilgrim's Pride,S&P MidCap 400,US,0.18941878306878307
430,INGR,103.45,101.21,107.04,-3.4,48.8,triple_bottom_setup,2021-11-02 13:30:00,2023-01-05 14:30:00,2026-06-30 13:30:00,89.69,96.33,94.44,93.49,4.06,155.44,1167,,,,50.26,0.0,Ingredion,S&P MidCap 400,US,0.18910000000000002
431,FOUR,42.26,47.89,52.34,-19.3,39.5,triple_bottom_setup,2022-09-26 13:30:00,2026-05-12 13:30:00,2026-08-07 13:30:00,41.97,39.61,39.42,40.33,4.06,127.5,969,,,,201.7,0.0,Shift4,S&P MidCap 400,US,0.18910000000000002
432,FCN,150.67,154.6,165.03,-8.7,42.3,triple_bottom_setup,2021-09-21 13:30:00,2021-12-15 14:30:00,2026-06-22 13:30:00,131.5,142.11,137.65,137.09,4.08,243.6,1191,,,,61.68,0.0,FTI Consulting,S&P MidCap 400,US,0.1888
433,ALGM,36.25,47.79,39.16,-7.4,34.7,triple_bottom_setup,2023-03-13 13:30:00,2026-05-19 13:30:00,2026-07-30 13:30:00,41.3,39.57,38.15,39.67,4.1,71.77,848,,,,97.99,0.0,Allegro MicroSystems,S&P MidCap 400,US,0.1885
434,CROX,120.38,129.2,102.24,17.7,38.6,triple_bottom_setup,2023-05-04 13:30:00,2024-12-20 14:30:00,2026-07-30 13:30:00,109.4,104.47,113.0,108.96,4.12,165.32,811,,,,37.33,0.0,Crocs,S&P MidCap 400,US,0.18819999999999998
435,LSEG.L,9000.0,8678.35,8737.26,3.0,59.2,triple_bottom_setup,2021-09-28 07:00:00,2022-01-28 08:00:00,2026-06-15 07:00:00,7314.0,6820.0,7210.0,7114.67,4.14,12185.0,1187,,,,35.39,0.0,London Stock Exchange Group,STOXX 600,Europe,0.1879
436,AA,49.96,49.17,57.15,-12.6,49.9,triple_bottom_setup,2022-07-14 13:30:00,2022-12-22 14:30:00,2026-07-29 13:30:00,39.56,41.82,42.48,41.29,4.17,84.38,1013,,,,68.9,0.0,Alcoa,S&P MidCap 400,US,0.18745
437,ERIE,255.96,242.75,252.76,1.3,53.1,triple_bottom_setup,2022-08-30 13:30:00,2023-03-24 13:30:00,2026-06-03 13:30:00,210.45,220.82,204.63,211.97,4.18,547.0,942,,,,113.71,0.0,Erie Indemnity,S&P 500,US,0.18730000000000002
438,ST,41.03,45.59,39.78,3.1,34.3,triple_bottom_setup,2023-04-10 13:30:00,2023-06-23 13:30:00,2026-07-17 13:30:00,45.52,42.75,42.8,43.69,4.19,53.89,820,,,,31.34,0.0,Sensata Technologies,S&P MidCap 400,US,0.18714999999999998
439,REL.L,2672.0,2523.35,2635.17,1.4,57.3,triple_bottom_setup,2022-10-13 07:00:00,2026-02-12 08:00:00,2026-07-16 07:00:00,2124.0,1991.0,2001.0,2038.67,4.19,4205.0,948,,,,57.37,0.0,RELX,STOXX 600,Europe,0.18714999999999998
440,AKAM,108.61,117.31,109.15,-0.5,41.9,triple_bottom_setup,2023-10-26 13:30:00,2024-02-22 14:30:00,2026-07-29 13:30:00,101.14,106.57,107.11,104.94,3.62,165.45,689,,,,52.34,0.0,Akamai Technologies,S&P 500,US,0.18683756613756614
441,PTC,155.74,132.86,149.39,4.3,63.4,triple_bottom_setup,2022-12-30 14:30:00,2023-04-27 13:30:00,2026-07-22 13:30:00,118.06,120.62,111.93,116.87,4.23,219.69,890,,,,41.06,0.0,PTC Inc.,S&P 500,US,0.18655
442,WYNN,91.28,98.92,107.35,-15.0,27.9,triple_bottom_setup,2023-03-15 13:30:00,2023-07-06 13:30:00,2026-07-06 13:30:00,101.35,97.36,93.15,97.29,4.25,134.72,828,,,,47.59,0.0,Wynn Resorts,S&P 500,US,0.18625
443,DOCU,66.27,53.43,53.69,23.4,66.5,triple_bottom_setup,2022-11-09 14:30:00,2023-10-30 13:30:00,2026-06-18 13:30:00,39.57,38.11,41.37,39.68,4.25,107.86,903,,,,62.76,0.0,Docusign,S&P MidCap 400,US,0.18625
444,BA,207.78,220.44,219.87,-5.5,35.5,triple_bottom_setup,2025-06-13 13:30:00,2026-03-30 13:30:00,2026-07-21 13:30:00,195.28,187.72,203.9,195.63,4.23,254.35,275,,,,22.41,0.0,Boeing,S&P 500,US,0.18617566137566138
445,DUOL,148.36,132.38,132.13,12.3,59.4,triple_bottom_setup,2023-05-04 13:30:00,2023-08-18 13:30:00,2026-08-06 13:30:00,116.82,121.89,112.02,116.91,4.26,544.93,816,,,,267.3,0.0,Duolingo,S&P MidCap 400,US,0.18610000000000002
446,EQT,54.28,52.18,55.96,-3.0,57.1,triple_bottom_setup,2025-01-27 14:30:00,2025-08-18 13:30:00,2026-06-16 13:30:00,47.59,49.4,50.25,49.08,3.04,68.24,348,,,,25.72,0.0,EQT Corporation,S&P 500,US,0.1860984126984127
447,ELF,109.01,83.45,75.24,44.9,75.3,triple_bottom_setup,2022-12-20 14:30:00,2025-04-16 13:30:00,2026-06-05 13:30:00,52.34,49.4,48.82,50.19,4.29,221.83,866,,,,103.49,0.0,e.l.f. Beauty,S&P MidCap 400,US,0.18564999999999998
448,ACM,67.27,68.59,85.02,-20.9,50.2,triple_bottom_setup,2021-09-21 13:30:00,2022-01-28 14:30:00,2026-07-08 13:30:00,61.65,65.32,66.28,64.42,4.29,135.52,1202,,,,101.46,0.0,AECOM,S&P MidCap 400,US,0.18564999999999998
449,LPX,70.51,74.52,77.72,-9.3,42.4,triple_bottom_setup,2021-11-30 14:30:00,2024-01-05 14:30:00,2026-07-21 13:30:00,64.43,65.82,69.42,66.56,4.3,122.87,1162,,,,74.26,0.0,Louisiana-Pacific,S&P MidCap 400,US,0.1855
450,HGV,42.41,48.46,46.0,-7.8,36.6,triple_bottom_setup,2022-01-24 14:30:00,2026-01-28 14:30:00,2026-06-10 13:30:00,44.59,43.73,47.41,45.24,4.79,54.76,1098,,,,29.12,0.0,Hilton Grand Vacations,S&P MidCap 400,US,0.18548333333333333
451,MCHP,73.46,81.78,76.07,-3.4,41.5,triple_bottom_setup,2024-09-10 13:30:00,2026-02-06 14:30:00,2026-07-29 13:30:00,73.15,73.38,71.24,72.59,1.86,105.91,471,,,,44.16,0.0,Microchip Technology,S&P 500,US,0.1844015873015873
452,BSX,48.33,46.6,68.15,-29.1,48.8,triple_bottom_setup,2021-10-13 13:30:00,2021-12-20 14:30:00,2026-07-15 13:30:00,41.75,39.27,42.2,41.07,4.39,109.5,1191,,,,126.57,0.0,Boston Scientific,S&P 500,US,0.18415
453,NFLX,81.12,74.63,87.68,-7.5,61.4,triple_bottom_setup,2021-10-20 13:30:00,2024-03-28 13:30:00,2026-07-17 13:30:00,61.72,60.16,65.08,62.32,4.43,134.12,1188,,,,65.32,0.0,Netflix,S&P 500,US,0.18355
454,CELH,31.45,29.95,38.03,-17.3,51.9,triple_bottom_setup,2021-10-15 13:30:00,2022-10-21 13:30:00,2026-06-04 13:30:00,29.03,26.9,27.47,27.8,4.43,99.62,1162,,,,216.76,0.0,Celsius Holdings,S&P MidCap 400,US,0.18355
455,ORCL,149.34,141.37,169.73,-12.0,54.5,triple_bottom_setup,2023-07-11 13:30:00,2024-02-21 14:30:00,2026-07-28 13:30:00,113.43,106.51,114.5,111.48,4.46,345.72,764,,,,131.5,0.0,Oracle Corporation,S&P 500,US,0.1831
456,PSN,48.64,51.23,59.81,-18.7,48.3,triple_bottom_setup,2022-07-14 13:30:00,2022-09-23 13:30:00,2026-07-29 13:30:00,38.98,38.67,36.26,37.97,4.5,114.68,1013,,,,135.77,0.0,Parsons Corporation,S&P MidCap 400,US,0.1825
457,MANH,223.19,173.59,157.08,42.1,76.0,triple_bottom_setup,2023-03-13 13:30:00,2025-04-07 13:30:00,2026-07-23 13:30:00,133.81,140.81,145.86,140.16,4.53,312.6,843,,,,40.06,0.0,Manhattan Associates,S&P MidCap 400,US,0.18205
458,TESB.BR,22.95,20.87,22.79,0.7,64.5,triple_bottom_setup,2025-02-10 08:00:00,2026-03-31 07:00:00,2026-06-30 07:00:00,20.4,19.36,19.3,19.69,3.62,28.75,352,,,,25.27,0.0,Tessenderlo,STOXX 600,Europe,0.18167751322751322
459,COIN,188.31,160.57,195.42,-3.6,63.1,triple_bottom_setup,2022-02-24 14:30:00,2024-08-05 13:30:00,2026-06-05 13:30:00,155.92,161.13,147.88,154.98,4.58,444.65,1073,,,,136.13,0.0,Coinbase,S&P 500,US,0.18130000000000002
460,NOW,148.07,112.14,119.29,24.1,74.4,triple_bottom_setup,2023-04-27 13:30:00,2026-05-14 13:30:00,2026-07-23 13:30:00,85.54,85.44,91.53,87.5,4.6,239.62,811,,,,61.82,0.0,ServiceNow,S&P 500,US,0.181
461,UFPI,84.52,88.2,91.89,-8.0,39.8,triple_bottom_setup,2023-06-01 13:30:00,2026-03-20 13:30:00,2026-07-08 13:30:00,77.47,84.82,81.44,81.24,4.64,141.33,776,,,,67.21,0.0,UFP Industries,S&P MidCap 400,US,0.1804
462,HLNE,108.82,90.52,106.19,2.5,67.8,triple_bottom_setup,2022-02-24 14:30:00,2022-09-02 13:30:00,2026-06-24 13:30:00,70.46,66.32,71.88,69.55,4.65,203.72,1085,,,,87.21,0.0,Hamilton Lane,S&P MidCap 400,US,0.18025
463,CRM,257.97,180.93,199.62,29.2,81.2,triple_bottom_setup,2022-05-20 13:30:00,2023-02-24 14:30:00,2026-06-22 13:30:00,154.55,159.66,146.32,153.51,4.68,369.0,1023,,,,43.04,0.0,Salesforce,S&P 500,US,0.17980000000000002
464,WMG,28.21,27.11,28.33,-0.4,60.4,triple_bottom_setup,2025-04-09 13:30:00,2025-06-25 13:30:00,2026-06-30 13:30:00,27.41,26.08,26.19,26.56,3.19,35.42,306,,,,25.56,0.0,Warner Music Group,S&P MidCap 400,US,0.17962619047619047
465,CG,48.39,45.83,50.35,-3.9,52.5,triple_bottom_setup,2022-01-24 14:30:00,2024-03-18 13:30:00,2026-06-03 13:30:00,44.98,44.25,41.54,43.59,4.7,69.85,1093,,,,44.35,0.0,Carlyle Group (The),S&P MidCap 400,US,0.1795
466,H,166.93,184.97,168.71,-1.1,34.0,triple_bottom_setup,2025-01-10 14:30:00,2026-04-29 13:30:00,2026-07-30 13:30:00,150.0,156.86,164.87,157.24,4.85,206.86,388,,,,23.92,0.0,Hyatt,S&P MidCap 400,US,0.179239417989418
467,NOC,539.65,541.73,600.98,-10.2,42.5,triple_bottom_setup,2022-11-14 14:30:00,2024-10-30 13:30:00,2026-06-03 13:30:00,478.46,501.85,525.73,502.01,4.72,774.0,889,,,,43.43,0.0,Northrop Grumman,S&P 500,US,0.17920000000000003
468,OPCH,23.45,22.57,27.31,-14.1,51.7,triple_bottom_setup,2022-01-24 14:30:00,2024-11-19 14:30:00,2026-06-08 13:30:00,21.32,21.39,19.87,20.86,4.75,36.8,1096,,,,56.93,0.0,Option Care Health,S&P MidCap 400,US,0.17875000000000002
469,SNPS,439.63,416.95,446.62,-1.6,59.5,triple_bottom_setup,2021-12-01 14:30:00,2023-02-21 14:30:00,2026-07-17 13:30:00,334.1,347.97,366.0,349.36,4.76,651.73,1159,,,,48.25,0.0,Synopsys,S&P 500,US,0.1786
470,AZO,2994.78,3044.27,3402.78,-12.0,47.1,triple_bottom_setup,2024-04-25 13:30:00,2024-07-05 13:30:00,2026-06-22 13:30:00,2851.42,2801.49,2949.06,2867.32,2.85,4388.11,539,,,,46.53,0.0,AutoZone,S&P 500,US,0.1785462962962963
471,SYK,324.08,328.41,338.4,-4.2,44.4,triple_bottom_setup,2025-04-07 13:30:00,2026-03-31 13:30:00,2026-07-14 13:30:00,329.16,319.32,306.53,318.34,3.71,404.87,317,,,,24.93,0.0,Stryker Corporation,S&P 500,US,0.17853121693121693
472,GDDY,97.79,91.12,96.9,0.9,54.5,triple_bottom_setup,2023-01-11 14:30:00,2026-04-09 13:30:00,2026-07-31 13:30:00,72.59,78.22,73.1,74.64,4.8,216.0,890,,,,120.89,0.0,GoDaddy,S&P 500,US,0.178
473,AUTO.L,528.0,513.32,521.3,1.3,51.0,triple_bottom_setup,2022-10-21 07:00:00,2026-03-27 08:00:00,2026-07-24 07:00:00,479.8,445.8,479.4,468.33,4.81,920.0,948,,,,74.24,0.0,Autotrader Group,STOXX 600,Europe,0.17785
474,CMG,37.98,34.26,34.68,9.5,64.1,triple_bottom_setup,2023-03-02 14:30:00,2026-05-11 13:30:00,2026-08-11 13:30:00,29.4,31.63,31.64,30.89,4.82,69.26,863,,,,82.36,0.0,Chipotle Mexican Grill,S&P 500,US,0.17770000000000002
475,CXT,48.91,50.75,47.98,1.9,43.3,triple_bottom_setup,2021-12-01 14:30:00,2022-04-07 13:30:00,2026-06-03 13:30:00,32.79,34.85,35.71,34.45,4.83,69.0,1129,,,,41.08,0.0,Crane NXT,S&P MidCap 400,US,0.17754999999999999
476,DASH,231.93,198.63,187.93,23.4,69.8,triple_bottom_setup,2025-04-07 13:30:00,2026-02-17 14:30:00,2026-06-11 13:30:00,155.4,158.0,146.11,153.17,4.61,285.5,296,,,,23.1,0.0,DoorDash,S&P 500,US,0.17750343915343914
477,RYAN,42.21,41.39,41.79,1.0,48.5,triple_bottom_setup,2022-12-15 14:30:00,2026-02-13 14:30:00,2026-08-11 13:30:00,39.25,37.29,41.03,39.19,4.85,77.16,914,,,,82.8,0.0,Ryan Specialty,S&P MidCap 400,US,0.17725000000000002
478,EXP,194.15,211.71,210.83,-7.9,37.4,triple_bottom_setup,2025-06-18 13:30:00,2026-05-20 13:30:00,2026-07-23 13:30:00,191.91,188.79,197.79,192.83,2.57,245.53,274,,,,26.46,0.0,Eagle Materials,S&P MidCap 400,US,0.17719338624338624
479,G,37.99,32.42,37.52,1.2,68.4,triple_bottom_setup,2023-05-11 13:30:00,2023-08-08 13:30:00,2026-08-12 13:30:00,35.75,35.31,33.0,34.69,4.86,56.76,815,,,,49.41,0.0,Genpact,S&P MidCap 400,US,0.1771
480,EFX,189.3,174.93,187.64,0.9,57.5,triple_bottom_setup,2022-06-16 13:30:00,2023-10-30 13:30:00,2026-07-21 13:30:00,169.25,159.95,155.0,161.4,4.86,309.63,1025,,,,63.57,0.0,Equifax,S&P 500,US,0.1771
481,SMCI,37.29,31.21,31.34,19.0,57.5,triple_bottom_setup,2023-08-18 13:30:00,2023-12-07 14:30:00,2026-07-17 13:30:00,23.51,25.13,23.38,24.01,4.67,122.9,729,,,,229.53,0.0,Supermicro,S&P 500,US,0.17637857142857144
482,MRO.L,515.2,480.25,536.26,-3.9,63.2,triple_bottom_setup,2023-07-07 07:00:00,2023-10-09 07:00:00,2026-06-10 07:00:00,477.1,445.4,443.36,455.29,4.79,685.0,739,,,,32.96,0.0,Melrose Industries,STOXX 600,Europe,0.17590132275132275
483,WAL,78.12,80.95,80.65,-3.1,40.4,triple_bottom_setup,2025-02-03 14:30:00,2026-01-02 14:30:00,2026-07-08 13:30:00,83.95,82.86,77.89,81.57,4.51,97.23,357,,,,24.45,0.0,Western Alliance Bancorporation,S&P MidCap 400,US,0.17582222222222224
484,MAA,129.04,133.77,129.85,-0.6,40.3,triple_bottom_setup,2023-03-24 13:30:00,2023-05-25 13:30:00,2026-06-22 13:30:00,138.68,143.72,130.94,137.78,4.96,173.38,812,,,,34.37,0.0,Mid-America Apartment Communities,S&P 500,US,0.1756
485,SN.L,1062.5,1122.68,1194.46,-11.0,39.6,triple_bottom_setup,2022-07-13 07:00:00,2026-03-23 08:00:00,2026-06-30 07:00:00,1112.0,1178.24,1077.0,1122.41,4.97,1441.5,999,,,,35.67,0.0,Smith & Nephew,STOXX 600,Europe,0.17545
486,WEIR.L,2846.0,2578.48,2814.91,1.1,61.9,triple_bottom_setup,2025-05-23 07:00:00,2025-08-18 07:00:00,2026-07-08 07:00:00,2274.0,2410.0,2324.0,2336.0,3.17,3580.0,284,,,,25.79,0.0,Weir,STOXX 600,Europe,0.17509947089947092
487,KRC,36.29,37.99,34.84,4.2,41.1,triple_bottom_setup,2025-06-25 13:30:00,2026-05-20 13:30:00,2026-08-12 13:30:00,33.67,32.94,35.41,34.01,4.13,45.03,284,,,,24.08,0.0,Kilroy Realty Corp,S&P MidCap 400,US,0.17494947089947088
488,CTT.LS,6.55,6.1,6.45,1.7,69.3,triple_bottom_setup,2025-01-13 09:00:00,2026-03-23 09:00:00,2026-07-15 08:00:00,5.2,5.63,5.59,5.47,4.99,8.14,383,,,,24.18,0.0,CTT Correios de Portugal,STOXX 600,Europe,0.17431137566137567
489,ROL,36.07,40.2,52.4,-31.2,35.0,triple_bottom_setup,2024-01-25 14:30:00,2024-04-18 13:30:00,2026-06-03 13:30:00,42.48,41.72,44.43,42.88,3.62,66.14,590,,,,83.37,0.0,"Rollins, Inc.",S&P 500,US,0.17374232804232803
490,ATR,131.57,130.21,125.42,4.9,46.4,triple_bottom_setup,2025-04-07 13:30:00,2026-02-05 14:30:00,2026-08-14 13:30:00,130.85,121.96,129.56,127.46,4.31,164.28,340,,,,24.86,0.0,AptarGroup,S&P MidCap 400,US,0.17315687830687831
491,BRBY.L,1084.0,1101.56,1150.83,-5.8,45.9,triple_bottom_setup,2025-06-23 07:00:00,2026-05-15 07:00:00,2026-07-23 07:00:00,985.0,1022.5,1026.0,1011.17,2.59,1376.5,275,,,,26.98,0.0,Burberry Group,STOXX 600,Europe,0.17269232804232804
492,LOPE,148.13,146.5,159.56,-7.2,51.5,triple_bottom_setup,2024-08-20 13:30:00,2024-10-22 13:30:00,2026-07-22 13:30:00,138.0,130.69,134.27,134.32,2.74,223.04,480,,,,50.57,0.0,Grand Canyon Education,S&P MidCap 400,US,0.17239206349206349
493,VC,101.82,105.46,102.0,-0.2,41.9,triple_bottom_setup,2024-06-14 13:30:00,2026-05-19 13:30:00,2026-07-23 13:30:00,101.42,103.69,95.14,100.08,4.94,129.1,526,,,,26.79,0.0,Visteon,S&P MidCap 400,US,0.1722267195767196
494,SAIA,355.13,396.6,383.24,-7.3,40.4,triple_bottom_setup,2024-05-02 13:30:00,2024-10-07 13:30:00,2026-07-08 13:30:00,387.99,414.68,401.53,401.4,3.34,624.55,545,,,,75.87,0.0,Saia,S&P MidCap 400,US,0.17198994708994708
495,NVR,6309.19,6439.28,6831.23,-7.6,47.6,triple_bottom_setup,2023-08-21 13:30:00,2026-05-15 13:30:00,2026-07-23 13:30:00,5951.32,5501.01,5919.25,5790.53,5.0,9964.77,732,,,,57.94,0.0,"NVR, Inc.",S&P 500,US,0.17182539682539683
496,KVUE,18.89,18.97,17.52,7.8,47.2,triple_bottom_setup,2023-10-30 13:30:00,2024-06-14 13:30:00,2026-06-04 13:30:00,17.82,17.75,16.67,17.41,4.29,25.17,650,,,,33.25,0.0,Kenvue,S&P 500,US,0.171628835978836
497,OTIS,71.26,72.17,79.53,-10.4,46.2,triple_bottom_setup,2023-10-25 13:30:00,2026-03-30 13:30:00,2026-07-23 13:30:00,73.32,75.27,69.26,72.62,4.62,106.83,686,,,,49.91,0.0,Otis Worldwide,S&P 500,US,0.17144074074074075
498,VST,137.37,151.88,158.29,-13.2,40.0,triple_bottom_setup,2025-01-27 14:30:00,2026-06-10 13:30:00,2026-08-07 13:30:00,132.59,137.91,134.75,135.08,2.09,219.82,384,,,,60.02,0.0,Vistra Corp.,S&P 500,US,0.1694436507936508
499,SLGN,41.56,43.69,41.57,-0.0,45.0,triple_bottom_setup,2024-07-05 13:30:00,2026-04-28 13:30:00,2026-07-31 13:30:00,41.14,38.5,39.83,39.82,3.32,58.14,519,,,,39.89,0.0,Silgan Holdings,S&P MidCap 400,US,0.16885079365079364
500,TMUS,180.48,180.17,193.09,-6.5,51.0,triple_bottom_setup,2024-07-30 13:30:00,2026-01-21 14:30:00,2026-06-04 13:30:00,173.74,181.36,174.02,176.37,2.83,276.49,463,,,,53.2,0.0,T-Mobile US,S&P 500,US,0.16879338624338625
501,BCO,108.92,109.94,112.3,-3.0,43.0,triple_bottom_setup,2025-02-03 14:30:00,2026-03-20 13:30:00,2026-06-29 13:30:00,89.41,96.49,91.05,92.32,4.52,136.37,351,,,,25.2,0.0,Brink's,S&P MidCap 400,US,0.16862857142857146
502,PEGA,36.81,31.38,41.93,-12.2,68.3,triple_bottom_setup,2024-07-10 13:30:00,2025-04-07 13:30:00,2026-06-25 13:30:00,28.31,29.83,28.66,28.93,3.12,68.1,491,,,,85.0,0.0,Pegasystems,S&P MidCap 400,US,0.16814708994708993
503,TPL,374.44,388.4,390.12,-4.0,49.1,triple_bottom_setup,2024-12-20 14:30:00,2025-06-03 13:30:00,2026-06-22 13:30:00,362.92,356.22,348.46,355.87,2.08,547.2,373,,,,46.14,0.0,Texas Pacific Land Corporation,S&P 500,US,0.16813862433862434
504,AJG,262.23,248.77,232.86,12.6,56.6,triple_bottom_setup,2024-06-26 13:30:00,2025-12-10 14:30:00,2026-08-04 13:30:00,251.42,236.34,240.82,242.86,3.52,351.23,527,,,,33.94,0.0,Arthur J. Gallagher & Co.,S&P 500,US,0.1669089947089947
505,RTO.L,345.7,401.09,443.31,-22.0,31.5,triple_bottom_setup,2024-07-25 07:00:00,2026-01-20 08:00:00,2026-06-23 07:00:00,439.0,447.2,422.5,436.23,3.15,507.0,482,,,,46.66,0.0,Rentokil Initial,STOXX 600,Europe,0.16650661375661377
506,EXLS,38.08,31.1,33.55,13.5,72.2,triple_bottom_setup,2024-04-05 13:30:00,2026-05-14 13:30:00,2026-07-23 13:30:00,28.16,26.82,26.23,27.07,4.03,52.43,575,,,,37.68,0.0,EXL Service,S&P MidCap 400,US,0.16560820105820107
507,HD,328.37,340.44,342.06,-4.0,40.6,triple_bottom_setup,2025-04-09 13:30:00,2026-04-07 13:30:00,2026-07-23 13:30:00,326.31,315.31,323.05,321.56,1.94,426.75,322,,,,29.96,0.0,Home Depot (The),S&P 500,US,0.16382592592592593
508,PEG,73.49,78.05,79.36,-7.4,36.6,triple_bottom_setup,2025-07-03 13:30:00,2026-05-18 13:30:00,2026-08-04 13:30:00,80.6,76.05,74.2,76.95,4.74,91.26,272,,,,24.18,0.0,Public Service Enterprise Group,S&P 500,US,0.16337883597883598
509,HSY,176.3,177.84,189.67,-7.1,42.1,triple_bottom_setup,2023-12-21 14:30:00,2024-03-04 14:30:00,2026-06-22 13:30:00,178.82,181.16,167.77,175.92,4.63,239.48,624,,,,35.84,0.0,Hershey Company (The),S&P 500,US,0.16308968253968253
510,STWD,15.71,16.38,16.8,-6.5,35.3,triple_bottom_setup,2025-04-09 13:30:00,2026-04-02 13:30:00,2026-07-02 13:30:00,16.59,16.9,16.29,16.59,1.85,21.05,308,,,,33.99,0.0,Starwood Property Trust,S&P MidCap 400,US,0.1629907407407407
511,EXE,98.18,91.36,100.35,-2.2,63.4,triple_bottom_setup,2024-05-03 13:30:00,2025-08-19 13:30:00,2026-07-10 13:30:00,85.08,91.01,84.99,87.03,4.58,126.62,546,,,,28.96,0.0,Expand Energy,S&P 500,US,0.16218888888888888
512,GN.CO,96.66,93.92,98.68,-2.0,51.5,triple_bottom_setup,2025-05-23 07:00:00,2026-03-13 08:00:00,2026-06-29 07:00:00,87.28,85.12,85.32,85.91,1.6,125.9,269,,,,30.25,0.0,GN Store Nord,STOXX 600,Europe,0.16158201058201058
513,AVAV,148.35,159.35,216.43,-31.5,39.9,triple_bottom_setup,2024-04-16 13:30:00,2024-12-11 14:30:00,2026-07-15 13:30:00,143.65,150.5,139.1,144.42,4.21,417.86,562,,,,181.67,0.0,AeroVironment,S&P MidCap 400,US,0.16118862433862435
514,COO,70.13,72.38,73.43,-4.5,35.6,triple_bottom_setup,2025-06-03 13:30:00,2025-11-06 14:30:00,2026-07-14 13:30:00,65.0,67.2,68.37,66.86,2.78,89.83,278,,,,28.09,0.0,Cooper Companies (The),S&P 500,US,0.16098915343915343
515,ENT.L,513.2,548.93,607.16,-15.5,34.6,triple_bottom_setup,2024-08-05 07:00:00,2026-05-12 07:00:00,2026-08-06 07:00:00,498.5,500.4,528.0,508.97,3.74,1031.5,507,,,,100.99,0.0,Entain,STOXX 600,Europe,0.16096349206349206
516,CSL,346.68,357.89,348.34,-0.5,42.1,triple_bottom_setup,2025-02-05 14:30:00,2025-04-09 13:30:00,2026-06-10 13:30:00,340.61,311.41,327.75,326.59,4.65,435.92,337,,,,25.74,0.0,Carlisle Companies,S&P MidCap 400,US,0.16032671957671957
517,GWRE,204.76,152.3,157.73,29.8,74.6,triple_bottom_setup,2024-03-19 13:30:00,2024-06-04 13:30:00,2026-06-22 13:30:00,110.8,107.65,102.3,106.92,4.32,272.6,565,,,,33.13,0.0,Guidewire Software,S&P MidCap 400,US,0.1599354497354497
518,SBAC,189.73,181.77,190.6,-0.5,60.0,triple_bottom_setup,2024-05-01 13:30:00,2024-07-02 13:30:00,2026-06-30 13:30:00,183.64,187.06,174.16,181.62,4.11,252.64,541,,,,33.16,0.0,SBA Communications,S&P 500,US,0.15991084656084656
519,GNRC,185.93,226.79,207.76,-10.5,32.0,triple_bottom_setup,2024-11-20 14:30:00,2026-03-25 13:30:00,2026-07-28 13:30:00,177.34,183.83,187.55,182.91,3.04,296.44,419,,,,59.44,0.0,Generac,S&P 500,US,0.15982328042328042
520,AES,14.73,14.63,14.27,3.2,56.3,triple_bottom_setup,2024-02-27 14:30:00,2026-01-20 14:30:00,2026-07-06 13:30:00,14.69,13.63,14.53,14.28,4.57,22.21,589,,,,50.73,0.0,AES Corporation,S&P 500,US,0.1593600529100529
521,CTEC.L,227.6,221.75,225.28,1.0,51.6,triple_bottom_setup,2024-12-30 08:00:00,2026-03-23 08:00:00,2026-07-15 07:00:00,218.0,212.8,206.4,212.4,2.82,311.2,389,,,,36.73,0.0,Convatec,STOXX 600,Europe,0.15915502645502644
522,III.L,2828.0,2701.74,2849.35,-0.7,53.4,triple_bottom_setup,2024-02-07 08:00:00,2026-03-26 08:00:00,2026-07-22 07:00:00,2307.0,2255.0,2453.0,2338.33,4.9,4497.0,620,,,,59.02,0.0,3i,STOXX 600,Europe,0.15851058201058202
523,SIRI,28.17,29.41,24.43,15.3,41.6,triple_bottom_setup,2024-08-05 13:30:00,2026-06-05 13:30:00,2026-08-13 13:30:00,28.6,26.46,27.92,27.66,4.34,36.4,507,,,,29.22,0.0,SiriusXM,S&P MidCap 400,US,0.15846349206349208
524,LII,383.0,488.61,498.5,-23.2,27.3,triple_bottom_setup,2024-05-02 13:30:00,2026-03-27 13:30:00,2026-07-30 13:30:00,445.63,434.06,411.41,430.37,4.4,689.44,561,,,,80.01,0.0,Lennox International,S&P 500,US,0.15820634920634918
525,TSN,55.16,57.89,59.92,-7.9,35.9,triple_bottom_setup,2025-06-18 13:30:00,2026-03-23 13:30:00,2026-08-03 13:30:00,54.26,57.9,54.53,55.56,4.21,69.48,281,,,,25.96,0.0,Tyson Foods,S&P 500,US,0.15768597883597882
526,DECK,87.19,99.19,102.49,-14.9,36.2,triple_bottom_setup,2025-05-23 13:30:00,2025-08-11 13:30:00,2026-06-30 13:30:00,96.1,99.18,98.78,98.02,1.96,126.5,275,,,,45.08,0.0,Deckers Brands,S&P 500,US,0.15697566137566138
527,AMT,176.09,171.05,175.4,0.4,54.6,triple_bottom_setup,2025-01-10 14:30:00,2026-05-15 13:30:00,2026-08-05 13:30:00,172.51,167.37,162.5,167.46,3.02,234.33,392,,,,33.07,0.0,American Tower,S&P 500,US,0.15655185185185183
528,SFM,82.04,81.64,79.19,3.6,49.2,triple_bottom_setup,2024-06-12 13:30:00,2026-04-29 13:30:00,2026-07-23 13:30:00,74.15,69.29,70.0,71.15,4.22,182.0,528,,,,121.84,0.0,Sprouts Farmers Market,S&P MidCap 400,US,0.15654126984126987
529,IBM,233.64,242.49,260.68,-10.4,49.0,triple_bottom_setup,2025-03-20 13:30:00,2025-08-12 13:30:00,2026-06-18 13:30:00,237.22,233.36,243.68,238.09,2.35,332.46,313,,,,42.3,0.0,IBM,S&P 500,US,0.1561521164021164
530,EGL.LS,4.75,4.61,4.63,2.6,60.8,triple_bottom_setup,2024-03-15 09:00:00,2025-08-27 08:00:00,2026-06-10 08:00:00,4.65,4.69,4.35,4.56,4.65,6.21,568,,,,30.74,0.0,Mota-Engil,STOXX 600,Europe,0.15538227513227512
531,META,572.54,592.03,621.97,-7.9,47.5,triple_bottom_setup,2024-11-21 14:30:00,2026-03-27 13:30:00,2026-07-30 13:30:00,549.05,520.26,524.49,531.27,3.35,796.25,420,,,,39.07,0.0,Meta Platforms,S&P 500,US,0.15530555555555556
532,PCG,13.28,17.32,16.75,-20.7,22.8,triple_bottom_setup,2025-04-30 13:30:00,2026-03-23 13:30:00,2026-08-07 13:30:00,16.32,17.0,16.88,16.73,2.47,19.16,319,,,,44.22,0.0,PG&E Corporation,S&P 500,US,0.1551457671957672
533,TDG,1171.66,1257.19,1273.29,-8.0,37.1,triple_bottom_setup,2025-04-07 13:30:00,2026-05-15 13:30:00,2026-07-22 13:30:00,1183.6,1143.4,1192.08,1173.03,2.53,1623.83,323,,,,38.59,0.0,TransDigm Group,S&P 500,US,0.15477486772486773
534,ARES,143.24,129.06,131.49,8.9,59.5,triple_bottom_setup,2025-04-07 13:30:00,2026-04-30 13:30:00,2026-06-29 13:30:00,110.63,108.78,105.79,108.4,2.41,195.26,307,,,,36.31,0.0,Ares Management,S&P 500,US,0.1544584656084656
535,DOW,30.49,29.99,30.93,-1.4,48.2,triple_bottom_setup,2025-06-03 13:30:00,2026-01-29 14:30:00,2026-07-01 13:30:00,26.49,25.82,26.8,26.37,2.09,42.74,270,,,,40.2,0.0,Dow Inc.,S&P 500,US,0.15436428571428573
536,SLM,25.97,25.81,24.38,6.5,45.7,triple_bottom_setup,2024-03-19 13:30:00,2024-06-10 13:30:00,2026-06-10 13:30:00,20.2,19.49,21.26,20.32,4.64,34.97,558,,,,34.66,0.0,SLM Corp,S&P MidCap 400,US,0.1542095238095238
537,MLM,518.48,562.41,602.3,-13.9,38.3,triple_bottom_setup,2024-04-19 13:30:00,2024-07-02 13:30:00,2026-06-11 13:30:00,572.57,525.69,545.56,547.94,4.5,710.97,537,,,,37.13,0.0,Martin Marietta Materials,S&P 500,US,0.15353174603174605
538,JEF,52.62,54.24,52.79,-0.3,43.1,triple_bottom_setup,2025-05-23 13:30:00,2025-10-16 13:30:00,2026-06-29 13:30:00,47.28,48.51,46.61,47.47,2.2,71.04,274,,,,35.01,0.0,Jefferies,S&P MidCap 400,US,0.15324338624338624
539,CHH,103.31,109.34,104.6,-1.2,38.6,triple_bottom_setup,2024-05-29 13:30:00,2026-06-11 13:30:00,2026-08-11 13:30:00,109.22,102.61,101.27,104.37,4.65,157.86,551,,,,52.8,0.0,Choice Hotels,S&P MidCap 400,US,0.15313359788359787
540,UBER,75.73,73.62,76.72,-1.3,50.7,triple_bottom_setup,2024-05-29 13:30:00,2024-09-11 13:30:00,2026-06-11 13:30:00,62.91,67.12,67.19,65.74,4.3,101.99,510,,,,34.68,0.0,Uber,S&P 500,US,0.15296031746031746
541,ENSG,172.26,173.09,182.4,-5.6,38.9,triple_bottom_setup,2025-01-07 14:30:00,2025-07-23 13:30:00,2026-06-11 13:30:00,128.63,134.79,141.58,135.0,4.87,218.0,357,,,,26.55,0.0,Ensign Group,S&P MidCap 400,US,0.15292222222222224
542,PSH.L,3930.0,3836.54,4245.71,-7.4,55.6,triple_bottom_setup,2025-06-23 07:00:00,2026-03-27 08:00:00,2026-07-23 07:00:00,3752.31,3808.0,3642.0,3734.1,2.47,5095.0,275,,,,29.64,0.0,Pershing Square Holdings,STOXX 600,Europe,0.1523256613756614
543,HLI,133.3,134.07,154.05,-13.5,54.1,triple_bottom_setup,2025-04-07 13:30:00,2026-03-24 13:30:00,2026-07-13 13:30:00,137.99,134.41,130.72,134.37,2.72,211.78,316,,,,58.87,0.0,Houlihan Lokey,S&P MidCap 400,US,0.1509989417989418
544,CDW,151.52,137.1,130.23,16.4,62.6,triple_bottom_setup,2025-04-07 13:30:00,2025-11-21 14:30:00,2026-07-21 13:30:00,137.31,135.63,127.39,133.44,4.54,192.3,322,,,,26.91,0.0,CDW Corporation,S&P 500,US,0.1502425925925926
545,IP,37.9,39.18,37.48,1.1,39.7,triple_bottom_setup,2024-04-25 13:30:00,2026-03-20 13:30:00,2026-07-14 13:30:00,33.16,33.57,35.87,34.2,4.88,60.36,554,,,,59.26,0.0,International Paper,S&P 500,US,0.15008042328042326
546,DKS,135.09,205.18,207.8,-35.0,24.0,triple_bottom_setup,2025-03-13 13:30:00,2026-04-02 13:30:00,2026-07-31 13:30:00,186.09,186.77,195.18,189.35,3.08,244.38,347,,,,80.9,0.0,Dick's Sporting Goods,S&P MidCap 400,US,0.1496994708994709
547,GXO,47.74,49.93,53.02,-10.0,46.7,triple_bottom_setup,2024-10-08 13:30:00,2026-05-19 13:30:00,2026-08-05 13:30:00,48.35,45.4,45.66,46.47,4.05,66.85,456,,,,40.04,0.0,GXO Logistics,S&P MidCap 400,US,0.14956746031746032
548,CVLT,137.52,138.91,113.27,21.4,50.9,triple_bottom_setup,2024-05-31 13:30:00,2025-12-05 14:30:00,2026-07-31 13:30:00,105.76,114.47,113.53,111.25,4.94,200.68,542,,,,45.93,0.0,CommVault Systems,S&P MidCap 400,US,0.1475931216931217
549,TOST,34.1,31.45,30.18,13.0,50.4,triple_bottom_setup,2024-09-06 13:30:00,2026-04-09 13:30:00,2026-06-11 13:30:00,22.91,24.8,23.79,23.83,4.06,49.66,441,,,,45.65,0.0,"Toast, Inc.",S&P MidCap 400,US,0.14743333333333336
550,AXON,568.02,556.62,506.15,12.2,46.9,triple_bottom_setup,2024-10-31 13:30:00,2026-02-06 14:30:00,2026-06-18 13:30:00,422.38,396.41,402.0,406.93,3.8,885.92,407,,,,55.97,0.0,Axon Enterprise,S&P 500,US,0.14683597883597885
551,ESAB,75.4,88.56,102.81,-26.7,35.6,triple_bottom_setup,2024-08-02 13:30:00,2026-05-20 13:30:00,2026-07-23 13:30:00,88.54,83.17,82.3,84.67,4.57,137.42,493,,,,82.25,0.0,ESAB,S&P MidCap 400,US,0.1466616402116402
552,CAVA,65.86,70.18,71.67,-8.1,44.4,triple_bottom_setup,2025-04-07 13:30:00,2026-03-27 13:30:00,2026-06-03 13:30:00,70.0,72.63,69.33,70.65,2.8,101.5,290,,,,54.11,0.0,Cava Group,S&P MidCap 400,US,0.14635978835978836
553,IPGP,76.08,94.3,101.51,-25.1,39.8,triple_bottom_setup,2024-06-20 13:30:00,2026-05-05 13:30:00,2026-07-29 13:30:00,80.27,86.0,79.69,81.99,4.9,155.82,527,,,,104.81,0.0,IPG Photonics,S&P MidCap 400,US,0.1462089947089947
554,JMT.LS,18.0,17.13,19.01,-5.3,61.3,triple_bottom_setup,2024-09-06 08:00:00,2024-11-19 09:00:00,2026-07-09 08:00:00,16.06,17.28,16.11,16.48,4.83,23.28,467,,,,29.33,0.0,Jerónimo Martins,STOXX 600,Europe,0.14490582010582012
555,BDC,114.4,117.24,119.39,-4.2,40.4,triple_bottom_setup,2025-06-02 13:30:00,2026-05-19 13:30:00,2026-07-17 13:30:00,103.57,101.0,98.0,100.86,2.83,159.99,282,,,,39.85,0.0,Belden Inc.,S&P MidCap 400,US,0.1448515873015873
556,GME,18.39,20.51,22.24,-17.3,36.9,triple_bottom_setup,2025-06-12 13:30:00,2026-03-27 13:30:00,2026-06-23 13:30:00,21.54,22.03,20.93,21.5,2.65,28.1,257,,,,52.84,0.0,GameStop,S&P MidCap 400,US,0.14424470899470898
557,VFC,13.44,15.81,17.51,-23.3,32.8,triple_bottom_setup,2024-08-05 13:30:00,2026-05-21 13:30:00,2026-07-31 13:30:00,14.7,15.56,14.28,14.85,4.8,29.02,498,,,,116.0,0.0,VF Corporation,S&P MidCap 400,US,0.14387301587301587
558,IMB.L,2527.0,2718.61,2959.2,-14.6,36.8,triple_bottom_setup,2024-12-19 08:00:00,2025-02-21 08:00:00,2026-06-22 07:00:00,2536.0,2647.0,2721.0,2634.67,3.74,3632.04,377,,,,43.73,0.0,Imperial Brands,STOXX 600,Europe,0.14376772486772488
559,WMS,135.74,145.77,147.65,-8.1,39.3,triple_bottom_setup,2024-11-21 14:30:00,2026-05-22 13:30:00,2026-07-31 13:30:00,127.62,128.03,136.07,130.58,4.21,179.32,421,,,,32.1,0.0,Advanced Drainage Systems,S&P MidCap 400,US,0.14253783068783069
560,RKT.L,5132.0,5075.37,5466.35,-6.1,51.2,triple_bottom_setup,2025-05-15 07:00:00,2026-04-22 07:00:00,2026-07-23 07:00:00,4942.71,4574.0,4895.0,4803.9,4.79,6522.92,301,,,,27.1,0.0,Reckitt,STOXX 600,Europe,0.14213148148148147
561,NBA.LS,7.06,7.63,8.63,-18.2,35.2,triple_bottom_setup,2025-07-15 08:00:00,2025-09-30 08:00:00,2026-07-10 08:00:00,7.65,7.7,7.36,7.57,2.77,9.5,252,,,,34.56,0.0,Novabase,STOXX 600,Europe,0.14178333333333332
562,HII,291.23,295.04,345.37,-15.7,40.5,triple_bottom_setup,2024-09-11 13:30:00,2025-10-17 13:30:00,2026-07-21 13:30:00,253.52,277.01,263.62,264.72,4.64,460.0,464,,,,57.95,0.0,Huntington Ingalls Industries,S&P 500,US,0.1417756613756614
563,IDXX,556.93,559.14,611.06,-8.9,48.7,triple_bottom_setup,2025-07-16 13:30:00,2026-05-13 13:30:00,2026-07-23 13:30:00,506.91,523.38,534.36,521.55,2.81,769.98,256,,,,38.25,0.0,Idexx Laboratories,S&P 500,US,0.14171243386243385
564,FSLR,202.02,224.03,231.98,-12.9,37.4,triple_bottom_setup,2024-09-10 13:30:00,2026-04-21 13:30:00,2026-07-28 13:30:00,202.15,185.13,195.84,194.37,4.76,320.95,470,,,,58.87,0.0,First Solar,S&P 500,US,0.14076931216931218
565,KKR,109.9,101.12,105.58,4.1,57.7,triple_bottom_setup,2025-04-07 13:30:00,2026-03-12 13:30:00,2026-06-03 13:30:00,86.15,82.67,87.5,85.44,3.24,153.87,290,,,,40.01,0.0,KKR & Co.,S&P 500,US,0.13975978835978836
566,KR,57.56,57.29,63.5,-9.3,50.7,triple_bottom_setup,2025-01-16 14:30:00,2026-01-08 14:30:00,2026-07-23 13:30:00,58.12,58.6,54.83,57.18,4.12,76.58,379,,,,33.03,0.0,Kroger,S&P 500,US,0.1383322751322751
567,NCLH,16.12,19.24,19.91,-19.0,32.1,triple_bottom_setup,2025-03-11 13:30:00,2025-05-23 13:30:00,2026-07-08 13:30:00,17.7,16.87,18.0,17.52,3.73,27.18,332,,,,68.59,0.0,Norwegian Cruise Line Holdings,S&P 500,US,0.1379653439153439
568,IR,77.11,81.9,82.0,-6.0,35.8,triple_bottom_setup,2025-03-13 13:30:00,2025-06-23 13:30:00,2026-07-08 13:30:00,79.79,79.74,75.4,78.31,3.72,100.96,330,,,,30.93,0.0,Ingersoll Rand,S&P 500,US,0.13785079365079364
569,HCA,414.58,400.21,452.46,-8.4,52.8,triple_bottom_setup,2024-09-09 13:30:00,2025-06-16 13:30:00,2026-06-08 13:30:00,379.26,350.74,356.89,362.3,4.68,556.52,437,,,,34.24,0.0,HCA Healthcare,S&P 500,US,0.13760423280423278
570,OLN,17.41,20.01,22.91,-24.0,33.7,triple_bottom_setup,2025-06-03 13:30:00,2025-08-01 13:30:00,2026-07-01 13:30:00,18.71,18.08,19.25,18.68,3.21,30.46,270,,,,74.96,0.0,Olin Corporation,S&P MidCap 400,US,0.13756428571428572
571,CLF,11.55,10.94,11.38,1.5,50.5,triple_bottom_setup,2024-12-30 14:30:00,2025-03-11 13:30:00,2026-07-01 13:30:00,8.99,8.5,9.11,8.87,4.14,16.7,375,,,,44.59,0.0,Cleveland-Cliffs,S&P MidCap 400,US,0.13750317460317463
572,PINS,21.7,22.73,22.06,-1.6,38.7,triple_bottom_setup,2025-04-07 13:30:00,2025-11-21 14:30:00,2026-08-13 13:30:00,23.68,24.37,22.65,23.57,3.88,39.93,339,,,,84.01,0.0,Pinterest,S&P MidCap 400,US,0.13664126984126984
573,PSN.L,1178.5,1109.85,1215.36,-3.0,57.1,triple_bottom_setup,2025-04-09 07:00:00,2026-04-01 07:00:00,2026-06-22 07:00:00,1082.0,1055.0,1011.5,1049.5,3.62,1552.0,301,,,,31.69,0.0,Persimmon,STOXX 600,Europe,0.1355148148148148
574,HOLN.SW,71.04,73.25,72.18,-1.6,45.3,triple_bottom_setup,2025-04-07 07:00:00,2025-12-10 08:00:00,2026-06-10 07:00:00,75.5,73.66,70.66,73.27,3.57,98.46,290,,,,38.6,0.0,Holcim Limited,STOXX 600,Europe,0.13480978835978835
575,FNF,46.45,49.25,50.33,-7.7,35.6,triple_bottom_setup,2025-05-22 13:30:00,2025-10-13 13:30:00,2026-07-23 13:30:00,51.16,52.59,48.08,50.61,5.0,59.21,292,,,,27.47,0.0,Fidelity National Financial,S&P MidCap 400,US,0.13470767195767197
576,CEG,274.96,264.6,296.87,-7.4,52.9,triple_bottom_setup,2024-10-11 13:30:00,2026-02-05 14:30:00,2026-07-01 13:30:00,249.05,243.3,228.63,240.33,4.87,412.7,429,,,,50.09,0.0,Constellation Energy,S&P 500,US,0.13369603174603176
577,ALGN,159.89,173.01,170.07,-6.0,39.9,triple_bottom_setup,2025-03-13 13:30:00,2026-05-20 13:30:00,2026-07-31 13:30:00,158.13,151.58,164.74,158.15,4.17,208.31,347,,,,30.28,0.0,Align Technology,S&P 500,US,0.13334947089947088
578,KBH,53.27,56.75,56.19,-5.2,42.0,triple_bottom_setup,2025-03-04 14:30:00,2026-01-29 14:30:00,2026-07-21 13:30:00,59.0,56.0,54.01,56.34,4.73,68.71,346,,,,28.98,0.0,KB Home,S&P MidCap 400,US,0.13331719576719575
579,GAP,22.33,20.03,23.67,-5.6,65.9,triple_bottom_setup,2024-11-20 14:30:00,2026-05-19 13:30:00,2026-07-24 13:30:00,20.13,20.05,18.68,19.62,4.79,29.36,417,,,,31.48,0.0,Gap Inc.,S&P MidCap 400,US,0.13330873015873015
580,NYR.BR,0.06,0.06,0.07,-20.9,40.9,triple_bottom_setup,2025-03-25 08:00:00,2025-12-31 08:00:00,2026-06-30 07:00:00,0.05,0.05,0.05,0.05,3.97,0.12,321,,,,101.53,0.0,Nyrstar,STOXX 600,Europe,0.13291031746031745
581,PNDORA.CO,850.2,785.82,620.65,37.0,61.9,triple_bottom_setup,2025-04-07 07:00:00,2025-10-15 07:00:00,2026-07-24 07:00:00,805.4,788.0,750.0,781.13,3.99,1225.5,319,,,,44.14,0.0,Pandora,STOXX 600,Europe,0.13234576719576718
582,CARR,58.33,66.07,60.94,-4.3,30.1,triple_bottom_setup,2024-11-04 14:30:00,2025-06-02 13:30:00,2026-07-08 13:30:00,72.31,69.31,65.77,69.13,4.86,81.09,417,,,,39.02,0.0,Carrier Global,S&P 500,US,0.13225873015873016
583,CCL,23.91,27.3,27.57,-13.3,30.7,triple_bottom_setup,2025-01-07 14:30:00,2025-11-24 14:30:00,2026-07-08 13:30:00,23.27,24.6,25.27,24.38,4.55,34.03,374,,,,42.36,0.0,Carnival Corporation,S&P 500,US,0.1312208994708995
584,RBA,84.59,102.83,103.32,-18.1,32.9,triple_bottom_setup,2025-06-23 13:30:00,2026-01-05 14:30:00,2026-07-13 13:30:00,102.38,101.45,107.5,103.78,3.59,119.58,264,,,,41.36,0.0,RB Global,S&P MidCap 400,US,0.13107063492063492
585,NXPI,224.58,258.25,241.82,-7.1,37.8,triple_bottom_setup,2025-06-23 13:30:00,2026-02-03 14:30:00,2026-08-03 13:30:00,205.87,207.01,218.24,210.37,3.74,339.95,279,,,,51.37,0.0,NXP Semiconductors,S&P 500,US,0.1308047619047619
586,CHDN,87.48,87.14,94.34,-7.3,47.9,triple_bottom_setup,2025-04-25 13:30:00,2026-05-26 13:30:00,2026-07-30 13:30:00,85.58,81.45,79.4,82.14,4.18,118.46,316,,,,35.41,0.0,Churchill Downs Inc.,S&P MidCap 400,US,0.1290989417989418
587,MCD,264.28,270.61,294.9,-10.4,43.2,triple_bottom_setup,2025-06-26 13:30:00,2026-05-11 13:30:00,2026-07-23 13:30:00,283.47,271.98,260.96,272.14,4.16,341.75,269,,,,29.31,0.0,McDonald's,S&P 500,US,0.1289320105820106
588,GNTX,22.37,24.03,23.27,-3.9,33.5,triple_bottom_setup,2025-03-04 14:30:00,2025-11-20 14:30:00,2026-07-08 13:30:00,23.63,21.69,22.54,22.62,4.47,29.38,337,,,,31.34,0.0,Gentex,S&P MidCap 400,US,0.12752671957671957
589,GIVN.SW,3282.0,3341.98,3057.87,7.3,49.0,triple_bottom_setup,2025-04-09 07:00:00,2025-08-27 07:00:00,2026-07-23 07:00:00,3440.0,3296.0,3128.0,3288.0,4.87,4236.0,319,,,,29.07,0.0,Givaudan SA,STOXX 600,Europe,0.12689576719576723
590,PVH,74.14,79.57,76.66,-3.3,38.4,triple_bottom_setup,2025-04-30 13:30:00,2025-11-19 14:30:00,2026-06-25 13:30:00,66.84,72.25,69.15,69.41,4.09,100.75,289,,,,35.88,0.0,PVH Corp.,S&P MidCap 400,US,0.12687751322751323
591,SMG,59.8,64.87,61.17,-2.2,41.0,triple_bottom_setup,2024-12-30 14:30:00,2026-03-12 13:30:00,2026-07-14 13:30:00,64.52,59.26,63.23,62.34,4.94,79.11,383,,,,32.29,0.0,Scotts Miracle-Gro Company,S&P MidCap 400,US,0.12656137566137565
592,CNA.L,155.4,163.48,182.79,-15.0,43.0,triple_bottom_setup,2025-07-18 07:00:00,2025-11-24 08:00:00,2026-08-05 07:00:00,152.45,161.05,151.45,154.98,3.91,220.3,265,,,,41.76,0.0,Centrica,STOXX 600,Europe,0.12640291005291004
593,RYN,20.5,21.46,21.19,-3.3,38.1,triple_bottom_setup,2025-04-09 13:30:00,2025-06-30 13:30:00,2026-07-09 13:30:00,22.8,21.84,20.9,21.85,4.36,27.34,312,,,,33.37,0.0,Rayonier,S&P MidCap 400,US,0.12586984126984127
594,CRH,94.46,101.28,111.07,-15.0,41.5,triple_bottom_setup,2025-02-03 14:30:00,2025-07-16 13:30:00,2026-06-10 13:30:00,96.14,91.22,99.95,95.77,4.75,131.55,339,,,,39.27,0.0,CRH plc,S&P 500,US,0.12359126984126985
595,THO,76.06,76.68,88.23,-13.8,43.7,triple_bottom_setup,2025-03-13 13:30:00,2026-06-03 13:30:00,2026-07-31 13:30:00,75.78,69.71,74.26,73.25,4.83,122.83,347,,,,61.49,0.0,Thor Industries,S&P MidCap 400,US,0.12344947089947089
596,LOGN.SW,79.4,81.82,80.45,-1.3,43.9,triple_bottom_setup,2025-06-23 07:00:00,2026-04-13 07:00:00,2026-06-30 07:00:00,68.04,70.32,73.84,70.73,4.39,102.8,254,,,,29.47,0.0,Logitech International SA,STOXX 600,Europe,0.12216455026455028
597,WTB.L,2459.0,2441.24,2493.45,-1.4,49.6,triple_bottom_setup,2025-04-07 07:00:00,2026-04-30 07:00:00,2026-07-14 07:00:00,2253.0,2098.0,2255.0,2202.0,4.72,3302.0,319,,,,34.28,0.0,Whitbread,STOXX 600,Europe,0.12139576719576721
598,LVS,43.85,46.23,54.13,-19.0,36.4,triple_bottom_setup,2025-07-22 13:30:00,2025-10-14 13:30:00,2026-07-23 13:30:00,47.97,45.91,44.21,46.03,4.21,70.45,252,,,,60.64,0.0,Las Vegas Sands,S&P 500,US,0.12018333333333334
599,BROS,48.83,61.4,57.38,-14.9,33.7,triple_bottom_setup,2025-03-10 13:30:00,2026-01-06 14:30:00,2026-07-08 13:30:00,57.36,58.65,62.4,59.47,4.93,77.88,333,,,,59.49,0.0,Dutch Bros Inc.,S&P MidCap 400,US,0.12009761904761904
600,UHS,170.4,160.71,187.16,-9.0,52.0,triple_bottom_setup,2025-04-21 13:30:00,2025-07-29 13:30:00,2026-07-14 13:30:00,153.99,152.33,142.38,149.57,4.8,246.33,308,,,,44.56,0.0,Universal Health Services,S&P 500,US,0.11874074074074074
601,AOS,59.23,61.04,64.67,-8.4,40.6,triple_bottom_setup,2025-04-09 13:30:00,2026-05-20 13:30:00,2026-07-20 13:30:00,58.83,54.16,58.0,57.0,4.98,81.87,319,,,,38.22,0.0,A. O. Smith,S&P 500,US,0.1174957671957672
602,SAM,177.88,181.41,204.09,-12.8,43.6,triple_bottom_setup,2025-06-26 13:30:00,2025-11-26 14:30:00,2026-08-11 13:30:00,185.34,189.92,174.78,183.35,4.67,264.46,282,,,,48.67,0.0,Boston Beer Company,S&P MidCap 400,US,0.1172515873015873
603,WLK,75.08,75.71,86.61,-13.3,45.4,triple_bottom_setup,2025-06-20 13:30:00,2025-10-14 13:30:00,2026-07-31 13:30:00,70.13,74.29,68.48,70.97,4.68,124.23,279,,,,65.46,0.0,Westlake Corporation,S&P MidCap 400,US,0.1167047619047619
604,VICI,25.65,26.47,27.37,-6.3,39.4,triple_bottom_setup,2025-04-09 13:30:00,2026-01-30 14:30:00,2026-06-22 13:30:00,28.63,27.58,26.08,27.43,4.93,34.01,300,,,,32.59,0.0,Vici Properties,S&P 500,US,0.11573253968253967
605,ALK,41.34,47.37,45.89,-9.9,38.2,triple_bottom_setup,2025-04-24 13:30:00,2025-11-20 14:30:00,2026-06-10 13:30:00,39.79,37.63,41.29,39.57,4.9,65.88,283,,,,59.36,0.0,Alaska Air Group,S&P MidCap 400,US,0.11393386243386244
606,LOW,204.85,214.34,234.75,-12.7,37.7,triple_bottom_setup,2025-06-20 13:30:00,2025-11-18 14:30:00,2026-07-23 13:30:00,210.33,218.8,199.4,209.51,4.83,293.06,273,,,,43.06,0.0,Lowe's,S&P 500,US,0.1136611111111111
607,STJ.L,1186.0,1160.54,1267.91,-6.5,56.8,triple_bottom_setup,2025-06-13 07:00:00,2026-05-20 07:00:00,2026-07-29 07:00:00,1067.25,1133.0,1038.75,1079.67,4.94,1575.5,285,,,,32.84,0.0,St. James's Place,STOXX 600,Europe,0.1135984126984127
