rank,ticker,price,sma50,sma200,pct_above_200sma,rsi14,pattern_type,bottom1_date,bottom2_date,bottom3_date,bottom1_price,bottom2_price,bottom3_price,avg_bottom,bottom_variation_pct,neckline,pattern_span_days,breakout_date,days_since_breakout,pct_above_neckline,pct_to_neckline,volume_ratio,name,indices,region,score
1,TWLO,292.46,232.64,174.47,67.6,67.4,triple_bottom_breakout,2022-01-27 14:30:00,2026-05-26 13:30:00,2026-07-23 13:30:00,172.61,180.36,179.65,177.54,2.78,238.48,1124,2026-08-07 13:30:00,37.0,22.64,,3.59,Twilio,S&P MidCap 400,US,0.5043707602339181
2,ANF,134.69,123.34,101.21,33.1,52.1,triple_bottom_breakout,2025-04-30 13:30:00,2025-11-24 14:30:00,2026-05-20 13:30:00,66.87,65.45,69.68,67.33,3.49,133.11,265,2026-08-26 13:30:00,24.0,1.19,,15.48,Abercrombie & Fitch,S&P MidCap 400,US,0.44877936507936506
3,RVTY,152.89,126.28,105.67,44.7,74.9,triple_bottom_breakout,2022-11-08 14:30:00,2024-10-25 13:30:00,2026-09-10 13:30:00,123.58,115.27,120.9,119.92,3.87,150.17,961,2026-09-24 13:30:00,4.0,1.81,,1.45,Revvity,S&P 500,US,0.4331555555555555
4,ILMN,273.68,215.87,161.36,69.6,74.8,triple_bottom_breakout,2022-05-11 13:30:00,2023-03-28 13:30:00,2026-09-11 13:30:00,202.68,206.72,200.01,203.14,1.77,251.04,1087,2026-09-23 13:30:00,5.0,9.02,,0.88,"Illumina, Inc.",S&P 500,US,0.4301555555555555
5,VOD.L,123.9,121.63,112.22,10.4,48.3,triple_bottom_setup,2022-05-17 07:00:00,2022-08-04 07:00:00,2026-08-27 07:00:00,115.02,117.42,115.55,116.0,1.23,132.1,1080,,,,6.62,0.0,Vodafone Group,STOXX 600,Europe,0.42638333333333334
6,GRMN,286.84,285.43,243.83,17.6,53.2,triple_bottom_breakout,2024-11-20 14:30:00,2025-08-01 13:30:00,2026-05-19 13:30:00,204.16,214.44,224.54,214.38,4.77,273.32,372,2026-07-29 13:30:00,44.0,4.95,,4.25,Garmin,S&P 500,US,0.4234095238095238
7,GMAB.CO,2317.0,2089.68,1901.59,21.8,70.4,triple_bottom_breakout,2023-11-28 08:00:00,2026-01-20 08:00:00,2026-09-11 07:00:00,2051.0,1976.0,2066.0,2031.0,2.71,2283.0,693,2026-09-23 07:00:00,4.0,1.49,,1.05,Genmab,STOXX 600,Europe,0.4216333333333333
8,WBD,30.95,28.02,27.67,11.9,75.4,triple_bottom_setup,2022-01-26 14:30:00,2026-02-05 14:30:00,2026-07-27 13:30:00,24.18,26.61,25.25,25.35,4.98,31.12,1127,,,,0.55,0.0,Warner Bros. Discovery,S&P 500,US,0.4207166666666666
9,HAE,105.3,97.81,74.8,40.8,57.1,triple_bottom_breakout,2022-12-16 14:30:00,2025-12-15 14:30:00,2026-07-09 13:30:00,76.0,78.68,71.81,75.5,4.88,97.97,890,2026-08-18 13:30:00,30.0,7.48,,2.78,Haemonetics,S&P MidCap 400,US,0.4197476702508961
10,IEX,227.98,229.47,209.46,8.8,51.1,triple_bottom_setup,2024-05-03 13:30:00,2024-11-20 14:30:00,2026-09-16 13:30:00,219.23,219.95,219.44,219.54,0.19,243.8,593,,,,6.94,0.0,IDEX Corporation,S&P 500,US,0.41775582010582013
11,MTD,1510.95,1401.48,1317.8,14.7,65.1,triple_bottom_setup,2024-07-09 13:30:00,2026-02-06 14:30:00,2026-09-10 13:30:00,1306.04,1325.05,1266.55,1299.21,2.51,1546.93,545,,,,2.38,0.0,Mettler Toledo,S&P 500,US,0.41460661375661373
12,RGEN,192.23,168.04,143.3,34.1,67.1,triple_bottom_breakout,2024-05-01 13:30:00,2025-12-16 14:30:00,2026-09-10 13:30:00,151.82,156.01,161.14,156.32,3.08,188.73,591,2026-09-24 13:30:00,4.0,1.85,,1.42,Repligen,S&P MidCap 400,US,0.4145507936507937
13,BRKR,64.75,58.79,49.04,32.0,61.8,triple_bottom_setup,2024-12-19 14:30:00,2026-06-12 13:30:00,2026-09-14 13:30:00,54.62,52.9,51.54,53.02,3.02,65.3,432,,,,0.85,0.0,Bruker,S&P MidCap 400,US,0.40475952380952385
14,LGEN.L,294.3,296.73,273.1,7.8,49.2,triple_bottom_setup,2021-10-20 07:00:00,2021-12-20 08:00:00,2026-08-24 07:00:00,272.5,279.89,282.78,278.39,2.12,318.1,1221,,,,8.09,0.0,Legal & General,STOXX 600,Europe,0.40078333333333327
15,SHEL.L,3594.0,3420.5,3151.26,14.0,58.2,triple_bottom_setup,2023-02-22 08:00:00,2023-08-18 07:00:00,2026-07-08 07:00:00,2439.5,2331.5,2559.5,2443.5,4.75,3758.5,851,,,,4.58,0.0,Shell plc,STOXX 600,Europe,0.3905833333333333
16,TMO,675.05,612.93,540.93,24.8,70.2,triple_bottom_breakout,2021-11-05 13:30:00,2025-12-18 14:30:00,2026-09-10 13:30:00,599.45,554.53,594.82,582.93,4.87,672.34,1214,2026-09-24 13:30:00,4.0,0.4,,1.0,Thermo Fisher Scientific,S&P 500,US,0.3881555555555556
17,IVZ,30.16,31.31,27.48,9.8,40.6,triple_bottom_breakout,2021-12-20 14:30:00,2025-11-18 14:30:00,2026-04-07 13:30:00,21.33,22.1,21.82,21.75,1.93,29.61,1076,2026-07-15 13:30:00,54.0,1.86,,1.25,Invesco,S&P 500,US,0.38811717171717175
18,WST,370.76,351.49,301.1,23.1,60.2,triple_bottom_setup,2024-06-18 13:30:00,2025-01-15 14:30:00,2026-09-10 13:30:00,310.0,321.46,331.99,321.15,3.47,386.0,558,,,,4.11,0.0,West Pharmaceutical Services,S&P 500,US,0.3875095238095238
19,SHC,18.49,18.59,16.97,8.9,47.2,triple_bottom_setup,2023-02-13 14:30:00,2023-08-03 13:30:00,2026-07-21 13:30:00,16.15,15.82,16.83,16.27,3.46,19.85,860,,,,7.36,0.0,Sotera Health,S&P MidCap 400,US,0.3867666666666667
20,TXNM,58.32,57.8,57.85,0.8,54.6,triple_bottom_setup,2025-08-21 13:30:00,2026-04-30 13:30:00,2026-08-24 13:30:00,56.49,58.67,57.07,57.41,2.19,59.53,252,,,,2.07,0.0,TXNM Energy,S&P MidCap 400,US,0.3832333333333333
21,MRNA,192.57,118.36,66.79,188.3,68.3,triple_bottom_breakout,2023-03-01 14:30:00,2023-05-17 13:30:00,2026-09-10 13:30:00,133.66,122.56,130.38,128.87,4.89,176.66,885,2026-09-22 13:30:00,6.0,9.01,,1.33,Moderna,S&P 500,US,0.38323174603174603
22,PBF,76.96,70.86,47.42,62.3,58.1,triple_bottom_breakout,2023-06-01 13:30:00,2026-04-17 13:30:00,2026-06-18 13:30:00,35.46,36.12,36.39,35.99,1.47,62.88,764,2026-07-20 13:30:00,51.0,22.39,,0.92,PBF Energy,S&P MidCap 400,US,0.37940341880341877
23,LONN.SW,575.2,565.71,528.1,8.9,57.8,triple_bottom_setup,2025-05-23 07:00:00,2025-08-11 07:00:00,2026-07-22 07:00:00,550.4,538.2,527.4,538.67,2.18,594.8,289,,,,3.41,0.0,Lonza Group AG,STOXX 600,Europe,0.37711084656084654
24,VEEV,285.45,246.91,200.67,42.3,68.8,triple_bottom_setup,2022-03-14 13:30:00,2022-06-16 13:30:00,2026-07-23 13:30:00,166.48,174.05,179.25,173.26,3.91,310.5,1093,,,,8.78,0.0,Veeva Systems,S&P 500,US,0.3681833333333333
25,ROP.SW,349.3,359.27,335.67,4.1,41.6,triple_bottom_setup,2022-05-19 07:00:00,2026-01-29 08:00:00,2026-09-10 07:00:00,314.2,331.2,343.1,329.5,4.64,375.8,1081,,,,7.59,0.0,Roche Holding AG,STOXX 600,Europe,0.36715
26,A,172.31,151.31,132.27,30.3,70.4,triple_bottom_breakout,2024-12-19 14:30:00,2026-01-02 14:30:00,2026-09-10 13:30:00,131.62,135.27,141.25,136.05,3.82,163.75,430,2026-09-22 13:30:00,6.0,5.23,,1.73,Agilent Technologies,S&P 500,US,0.3621714285714286
27,CRDA.L,3276.0,3238.56,2970.46,10.3,53.2,triple_bottom_setup,2025-01-14 08:00:00,2025-06-02 07:00:00,2026-09-15 07:00:00,3079.0,2997.0,3117.0,3064.33,2.2,3520.24,422,,,,7.46,0.0,Croda International,STOXX 600,Europe,0.3606534391534391
28,GIVN.SW,3440.0,3288.1,3061.52,12.4,61.8,triple_bottom_setup,2025-08-27 07:00:00,2025-11-04 08:00:00,2026-09-10 07:00:00,3296.0,3246.0,3146.0,3229.33,2.58,3592.0,260,,,,4.42,0.0,Givaudan SA,STOXX 600,Europe,0.3588582010582011
29,EW,86.32,88.44,85.11,1.4,44.1,triple_bottom_setup,2024-06-17 13:30:00,2026-06-12 13:30:00,2026-09-11 13:30:00,85.12,83.17,83.81,84.03,1.29,96.29,560,,,,11.55,0.0,Edwards Lifesciences,S&P 500,US,0.35847407407407406
30,SVT.L,3068.0,3046.92,3016.49,1.7,54.4,triple_bottom_setup,2023-06-02 07:00:00,2026-06-22 07:00:00,2026-09-15 07:00:00,2656.0,2812.0,2888.0,2785.33,4.64,3335.0,832,,,,8.7,0.0,Severn Trent,STOXX 600,Europe,0.3579
31,GEF,79.59,84.04,72.12,10.4,36.1,triple_bottom_breakout,2023-01-05 14:30:00,2026-01-29 14:30:00,2026-07-14 13:30:00,65.81,68.6,69.35,67.92,3.11,77.14,881,2026-07-24 13:30:00,47.0,3.18,,1.1,"Greif, Inc.",S&P MidCap 400,US,0.3572444444444445
32,SGRO.L,937.6,951.49,798.45,17.4,45.9,triple_bottom_setup,2024-05-30 07:00:00,2024-09-04 07:00:00,2026-09-15 07:00:00,877.0,851.2,924.0,884.07,4.52,997.4,581,,,,6.38,0.0,Segro,STOXX 600,Europe,0.3558851851851852
33,TTC,96.42,96.07,92.83,3.9,53.3,triple_bottom_setup,2023-08-21 13:30:00,2024-02-01 14:30:00,2026-07-31 13:30:00,96.85,91.03,90.24,92.71,4.47,105.19,738,,,,9.1,0.0,Toro,S&P MidCap 400,US,0.35473571428571427
34,BDX,179.0,178.41,160.47,11.5,46.3,triple_bottom_setup,2024-12-11 14:30:00,2025-02-28 14:30:00,2026-09-11 13:30:00,172.04,174.25,175.2,173.83,1.03,198.11,437,,,,10.67,0.0,Becton Dickinson,S&P 500,US,0.3534375661375661
35,BKH,70.08,72.21,71.56,-2.1,42.7,triple_bottom_setup,2022-12-16 14:30:00,2025-12-19 14:30:00,2026-08-04 13:30:00,67.3,67.25,70.52,68.36,3.16,78.69,908,,,,12.29,0.0,Black Hills Corporation,S&P MidCap 400,US,0.3501833333333333
36,NEU,897.52,885.4,738.86,21.5,52.9,triple_bottom_breakout,2024-03-13 13:30:00,2026-02-17 14:30:00,2026-04-23 13:30:00,603.0,585.82,607.58,598.8,2.17,875.97,529,2026-08-04 13:30:00,40.0,2.46,,1.32,NewMarket Corporation,S&P MidCap 400,US,0.3446497483546264
37,BP.L,550.7,542.39,513.69,7.2,49.9,triple_bottom_setup,2023-01-25 08:00:00,2023-10-05 07:00:00,2026-08-07 07:00:00,468.6,489.55,513.0,490.38,4.61,609.4,892,,,,10.66,0.0,BP,STOXX 600,Europe,0.34201666666666664
38,TECH,72.47,72.21,61.77,17.3,58.7,triple_bottom_setup,2024-08-27 13:30:00,2024-12-19 14:30:00,2026-09-10 13:30:00,70.25,69.48,72.08,70.6,2.09,80.95,510,,,,11.7,0.0,Bio-Techne,S&P 500,US,0.33861031746031744
39,ADM,79.38,81.95,73.48,8.0,37.9,triple_bottom_setup,2023-03-17 13:30:00,2023-06-01 13:30:00,2026-08-07 13:30:00,73.98,69.92,75.77,73.22,4.51,88.46,850,,,,11.44,0.0,Archer Daniels Midland,S&P 500,US,0.3370166666666667
40,EQH,51.27,51.06,44.78,14.5,45.2,triple_bottom_setup,2025-08-06 13:30:00,2025-10-16 13:30:00,2026-08-25 13:30:00,47.0,46.73,48.58,47.44,2.4,55.24,264,,,,7.74,0.0,Equitable Holdings,S&P MidCap 400,US,0.3344206349206349
41,META,725.18,620.23,626.56,15.7,61.0,triple_bottom_setup,2024-11-21 14:30:00,2026-03-27 13:30:00,2026-08-19 13:30:00,549.05,520.26,537.27,535.53,2.85,796.25,434,,,,9.8,0.0,Meta Platforms,S&P 500,US,0.33299074074074075
42,NDAQ,92.01,94.68,90.11,2.1,43.8,triple_bottom_setup,2025-07-18 13:30:00,2025-10-02 13:30:00,2026-09-16 13:30:00,86.36,86.45,87.94,86.92,1.18,101.79,292,,,,10.63,0.0,"Nasdaq, Inc.",S&P 500,US,0.33234100529100524
43,EHC,121.49,120.08,107.84,12.7,49.5,triple_bottom_setup,2025-06-16 13:30:00,2025-11-19 14:30:00,2026-08-27 13:30:00,117.4,110.69,118.77,115.62,4.26,127.99,301,,,,5.35,0.0,Encompass Health,S&P MidCap 400,US,0.33133148148148145
44,EGP,197.45,201.12,193.23,2.2,43.0,triple_bottom_setup,2022-01-28 14:30:00,2026-04-30 13:30:00,2026-08-12 13:30:00,188.37,195.81,199.51,194.56,3.18,226.71,1137,,,,14.82,0.0,EastGroup Properties,S&P MidCap 400,US,0.3288
45,MKS.L,381.6,387.48,365.06,4.5,52.5,triple_bottom_setup,2024-11-12 08:00:00,2025-05-12 07:00:00,2026-07-15 07:00:00,358.1,342.8,364.8,355.23,3.5,417.8,421,,,,9.49,0.0,Marks & Spencer,STOXX 600,Europe,0.3241044973544973
46,ED,102.21,107.07,106.47,-4.0,34.5,triple_bottom_setup,2022-08-29 13:30:00,2024-09-19 13:30:00,2026-08-24 13:30:00,97.44,100.95,105.51,101.3,4.16,116.23,999,,,,13.72,0.0,Consolidated Edison,S&P 500,US,0.3232666666666667
47,AMGN,421.51,407.0,360.08,17.1,59.3,triple_bottom_breakout,2024-09-25 13:30:00,2026-04-07 13:30:00,2026-06-18 13:30:00,312.16,335.06,334.05,327.09,4.56,391.29,433,2026-08-05 13:30:00,39.0,7.72,,2.13,Amgen,S&P 500,US,0.32304603174603175
48,DIS,104.9,104.0,103.4,1.4,49.0,triple_bottom_setup,2022-10-13 13:30:00,2023-03-13 13:30:00,2026-07-23 13:30:00,90.71,90.46,92.49,91.22,1.39,124.69,945,,,,18.87,0.0,Walt Disney Company (The),S&P 500,US,0.32189999999999996
49,HUM,381.57,385.85,291.32,31.0,46.0,triple_bottom_setup,2024-01-25 14:30:00,2024-05-29 13:30:00,2026-08-05 13:30:00,342.69,328.09,353.69,341.49,3.92,428.88,633,,,,12.4,0.0,Humana,S&P 500,US,0.32159682539682544
50,DXCM,86.29,85.78,72.86,18.4,47.4,triple_bottom_setup,2024-11-07 14:30:00,2025-01-13 14:30:00,2026-07-24 13:30:00,67.69,73.62,69.79,70.37,4.62,93.25,426,,,,8.07,0.0,Dexcom,S&P 500,US,0.3197992063492064
51,CRBG,33.12,33.06,28.94,14.4,44.9,triple_bottom_setup,2025-08-07 13:30:00,2025-10-16 13:30:00,2026-08-25 13:30:00,33.03,30.47,31.62,31.7,4.17,35.22,263,,,,6.33,0.0,Corebridge Financial,S&P MidCap 400,US,0.3194883597883598
52,EMR,155.1,153.76,143.58,8.0,53.3,triple_bottom_setup,2025-02-05 14:30:00,2025-10-14 13:30:00,2026-07-16 13:30:00,122.37,125.72,133.55,127.21,4.98,165.15,361,,,,6.48,0.0,Emerson Electric,S&P 500,US,0.31905132275132275
53,UGI,35.67,36.69,35.97,-0.8,34.8,triple_bottom_setup,2023-03-24 13:30:00,2025-03-13 13:30:00,2026-08-11 13:30:00,32.1,31.79,33.54,32.48,3.27,41.34,847,,,,15.9,0.0,UGI Corp,S&P MidCap 400,US,0.31845
54,VWS.CO,192.75,198.52,182.43,5.7,38.9,triple_bottom_setup,2023-04-27 07:00:00,2023-07-07 07:00:00,2026-07-30 07:00:00,178.4,174.2,164.45,172.35,4.58,219.15,810,,,,13.7,0.0,Vestas Wind Systems,STOXX 600,Europe,0.3171333333333334
55,ALV,111.89,119.89,117.62,-4.9,37.0,triple_bottom_setup,2024-04-19 13:30:00,2026-05-19 13:30:00,2026-07-23 13:30:00,113.96,113.18,113.92,113.69,0.45,132.17,565,,,,18.12,0.0,Autoliv,S&P MidCap 400,US,0.31698544973544973
56,MSFT,512.9,482.19,431.04,19.0,60.4,triple_bottom_setup,2025-09-05 13:30:00,2025-11-25 14:30:00,2026-09-10 13:30:00,492.37,464.89,486.0,481.09,3.37,553.72,254,,,,7.96,0.0,Microsoft,S&P 500,US,0.3167145502645503
57,IFF,83.48,83.32,75.43,10.7,45.5,triple_bottom_setup,2024-11-18 14:30:00,2025-02-20 14:30:00,2026-09-10 13:30:00,85.4,78.91,82.6,82.3,4.12,91.65,452,,,,9.79,0.0,International Flavors & Fragrances,S&P 500,US,0.31640502645502644
58,FAST,49.53,49.67,45.82,8.1,47.9,triple_bottom_setup,2025-08-01 13:30:00,2026-02-25 14:30:00,2026-09-02 13:30:00,44.87,44.51,47.65,45.68,4.32,52.92,273,,,,6.84,0.0,Fastenal,S&P 500,US,0.3143111111111111
59,WPP.L,383.6,364.06,298.39,28.6,53.7,triple_bottom_setup,2025-08-13 07:00:00,2025-10-13 07:00:00,2026-09-02 07:00:00,358.9,336.2,354.3,349.8,3.89,412.6,266,,,,7.56,0.0,WPP,STOXX 600,Europe,0.3138351851851852
60,NOV,18.73,20.35,19.16,-2.2,29.3,triple_bottom_setup,2023-10-06 13:30:00,2023-12-06 14:30:00,2026-08-25 13:30:00,18.62,18.31,19.42,18.78,3.39,21.67,722,,,,15.7,0.0,NOV Inc.,S&P MidCap 400,US,0.31381931216931214
61,ULVR.L,4615.5,4684.21,4651.82,-0.8,45.0,triple_bottom_setup,2022-01-19 08:00:00,2022-04-19 07:00:00,2026-07-07 07:00:00,3689.63,3592.74,3646.0,3642.79,1.37,5542.11,1125,,,,20.08,0.0,Unilever,STOXX 600,Europe,0.3121166666666667
62,EG,365.17,372.87,344.31,6.1,41.0,triple_bottom_setup,2025-01-14 14:30:00,2026-04-30 13:30:00,2026-09-09 13:30:00,349.15,334.26,361.7,348.37,4.05,401.07,414,,,,9.83,0.0,Everest Group,S&P 500,US,0.3120952380952381
63,WTRG,39.19,40.37,38.64,1.4,35.9,triple_bottom_setup,2025-07-28 13:30:00,2026-06-01 13:30:00,2026-08-04 13:30:00,36.46,36.11,38.3,36.96,3.63,42.37,256,,,,8.11,0.0,Essential Utilities,S&P MidCap 400,US,0.31182910052910057
64,SJM,118.91,122.15,106.88,11.3,39.6,triple_bottom_setup,2023-11-30 14:30:00,2025-10-29 13:30:00,2026-07-15 13:30:00,107.75,100.59,107.45,105.26,4.44,134.62,655,,,,13.21,0.0,J.M. Smucker Company (The),S&P 500,US,0.3099568783068783
65,RGA,246.24,244.37,217.1,13.4,49.0,triple_bottom_breakout,2024-12-18 14:30:00,2026-03-20 13:30:00,2026-06-03 13:30:00,201.07,196.43,195.1,197.53,1.79,232.97,363,2026-07-13 13:30:00,56.0,5.7,,1.19,Reinsurance Group of America,S&P MidCap 400,US,0.30935246449456977
66,DT,57.74,50.76,42.42,36.1,65.9,triple_bottom_breakout,2025-04-07 13:30:00,2025-11-21 14:30:00,2026-07-23 13:30:00,39.3,42.72,40.4,40.81,4.7,57.55,324,2026-09-23 13:30:00,5.0,0.33,,1.27,Dynatrace,S&P MidCap 400,US,0.3075079365079365
67,CRL,295.01,273.49,209.04,41.1,60.8,triple_bottom_breakout,2024-01-17 14:30:00,2024-07-05 13:30:00,2026-07-21 13:30:00,201.01,197.5,213.4,203.97,4.62,275.0,628,2026-08-10 13:30:00,36.0,7.28,,1.16,Charles River Laboratories,S&P 500,US,0.30745842985842986
68,SWX,81.54,88.5,86.61,-5.9,28.6,triple_bottom_setup,2022-06-21 13:30:00,2026-03-20 13:30:00,2026-08-05 13:30:00,82.01,83.51,88.0,84.51,4.13,94.47,1034,,,,15.86,0.0,Southwest Gas Corp,S&P MidCap 400,US,0.30588333333333334
69,IQV,268.85,251.53,205.47,30.8,58.2,triple_bottom_breakout,2024-02-01 14:30:00,2025-12-04 14:30:00,2026-07-22 13:30:00,205.38,214.01,197.6,205.66,4.06,261.73,618,2026-08-27 13:30:00,23.0,2.72,,0.85,IQVIA,S&P 500,US,0.30530793650793653
70,AFG,136.76,142.73,133.88,2.2,30.7,triple_bottom_setup,2025-01-10 14:30:00,2025-11-03 14:30:00,2026-07-15 13:30:00,127.6,128.72,136.73,131.02,4.36,150.02,377,,,,9.7,0.0,American Financial Group,S&P MidCap 400,US,0.30363439153439153
71,LAND.L,617.0,674.22,634.93,-2.8,33.4,triple_bottom_setup,2024-01-18 08:00:00,2024-04-16 07:00:00,2026-09-15 07:00:00,634.79,611.0,611.0,618.93,2.56,726.0,672,,,,17.67,0.0,Land Securities,STOXX 600,Europe,0.3032388888888889
72,FHN,23.02,24.67,24.1,-4.5,33.2,triple_bottom_setup,2022-03-16 13:30:00,2022-09-30 13:30:00,2026-07-15 13:30:00,22.85,22.89,24.48,23.41,4.59,26.56,1085,,,,15.38,0.0,First Horizon,S&P MidCap 400,US,0.3029833333333333
73,DHR,221.55,207.35,200.94,10.3,61.1,triple_bottom_setup,2025-06-23 13:30:00,2025-11-10 14:30:00,2026-09-14 13:30:00,192.88,207.72,199.09,199.9,3.91,242.8,308,,,,9.59,0.0,Danaher Corporation,S&P 500,US,0.3021740740740741
74,NWSA,28.65,29.2,26.42,8.4,42.9,triple_bottom_setup,2025-06-13 13:30:00,2026-05-20 13:30:00,2026-07-23 13:30:00,27.25,25.58,26.29,26.37,3.32,31.61,277,,,,10.33,0.0,News Corp (Class A),S&P 500,US,0.3007568783068783
75,P,130.78,99.56,77.95,67.8,73.5,triple_bottom_breakout,2025-01-13 14:30:00,2026-02-05 14:30:00,2026-07-17 13:30:00,60.62,64.02,65.75,63.46,4.48,100.59,378,2026-08-11 13:30:00,35.0,30.01,,1.83,Everpure,S&P 500,US,0.29817777777777776
76,PM,190.82,190.18,176.1,8.4,51.1,triple_bottom_setup,2025-07-02 13:30:00,2026-06-02 13:30:00,2026-08-12 13:30:00,175.13,170.0,184.02,176.38,4.33,207.76,279,,,,8.88,0.0,Philip Morris International,S&P 500,US,0.2979547619047619
77,WAT,439.39,408.23,363.15,21.0,64.9,triple_bottom_breakout,2024-11-20 14:30:00,2026-05-20 13:30:00,2026-07-21 13:30:00,340.62,323.85,345.21,336.56,3.78,423.56,414,2026-09-17 13:30:00,9.0,3.74,,0.91,Waters Corporation,S&P 500,US,0.2970984126984127
78,BRK-B,497.95,506.92,492.78,1.0,39.6,triple_bottom_setup,2025-08-04 13:30:00,2026-06-01 13:30:00,2026-08-21 13:30:00,455.19,467.96,495.68,472.94,4.81,537.74,264,,,,7.99,0.0,Berkshire Hathaway,S&P 500,US,0.29618730158730155
79,NWS,31.72,32.87,30.04,5.6,41.3,triple_bottom_setup,2024-07-09 13:30:00,2025-01-13 14:30:00,2026-07-23 13:30:00,27.59,29.7,29.6,28.96,4.74,35.58,511,,,,12.17,0.0,News Corp (Class B),S&P 500,US,0.2950759259259259
80,OGE,45.42,46.64,46.2,-1.7,45.7,triple_bottom_setup,2025-07-08 13:30:00,2026-06-01 13:30:00,2026-08-31 13:30:00,43.25,45.62,45.27,44.71,3.27,50.59,289,,,,11.38,0.0,OGE Energy,S&P MidCap 400,US,0.2943441798941799
81,CHD,94.22,98.44,95.44,-1.3,38.1,triple_bottom_setup,2025-05-12 13:30:00,2025-07-16 13:30:00,2026-07-14 13:30:00,90.99,95.28,94.3,93.52,2.71,106.04,293,,,,12.55,0.0,Church & Dwight,S&P 500,US,0.2935232804232804
82,M,22.77,23.09,21.26,7.1,52.3,triple_bottom_setup,2022-11-09 14:30:00,2024-04-04 13:30:00,2026-09-10 13:30:00,18.72,18.29,19.77,18.93,4.46,26.59,960,,,,16.78,0.0,Macy's,S&P MidCap 400,US,0.2932666666666667
83,TSCO.L,470.9,471.61,463.34,1.6,48.7,triple_bottom_setup,2025-08-08 07:00:00,2025-11-17 08:00:00,2026-08-18 07:00:00,406.9,434.8,439.9,427.2,4.75,510.4,259,,,,8.39,0.0,Tesco,STOXX 600,Europe,0.29309259259259257
84,ITRK.L,5880.0,5846.9,5058.41,16.2,62.5,triple_bottom_breakout,2021-10-29 07:00:00,2025-09-02 07:00:00,2026-02-03 08:00:00,4813.0,4598.0,4364.0,4591.67,4.96,5824.0,1074,2026-07-15 07:00:00,53.0,0.96,,0.62,Intertek,STOXX 600,Europe,0.29265185185185183
85,ZURN.SW,567.0,596.05,563.52,0.6,32.5,triple_bottom_setup,2025-07-03 07:00:00,2025-09-25 07:00:00,2026-08-20 07:00:00,542.8,551.6,579.6,558.0,3.87,626.0,283,,,,10.41,0.0,Zurich Insurance Group AG,STOXX 600,Europe,0.2926338624338624
86,CNC,62.12,64.82,52.58,18.2,41.1,triple_bottom_setup,2024-10-23 13:30:00,2025-04-25 13:30:00,2026-07-28 13:30:00,59.77,56.06,56.67,57.5,3.95,70.11,439,,,,12.86,0.0,Centene Corporation,S&P 500,US,0.2916521164021164
87,HAS,87.68,91.65,89.16,-1.7,41.6,triple_bottom_setup,2022-07-27 13:30:00,2025-11-19 14:30:00,2026-07-08 13:30:00,76.94,74.78,75.19,75.64,1.72,106.98,989,,,,22.01,0.0,Hasbro,S&P 500,US,0.29078333333333334
88,PKG,229.26,241.83,223.58,2.5,40.0,triple_bottom_setup,2024-10-03 13:30:00,2024-12-30 14:30:00,2026-09-10 13:30:00,210.55,222.84,225.33,219.57,4.11,259.98,484,,,,13.4,0.0,Packaging Corporation of America,S&P 500,US,0.2907044973544974
89,TT,451.98,454.33,445.19,1.5,55.3,triple_bottom_setup,2025-07-30 13:30:00,2026-06-10 13:30:00,2026-09-15 13:30:00,424.31,439.42,413.97,425.9,3.17,505.87,283,,,,11.92,0.0,Trane Technologies,S&P 500,US,0.2905505291005291
90,LECO,264.58,269.53,262.2,0.9,47.9,triple_bottom_setup,2024-03-14 13:30:00,2025-08-18 13:30:00,2026-07-30 13:30:00,245.46,233.44,243.12,240.67,3.01,310.0,595,,,,17.17,0.0,Lincoln Electric,S&P MidCap 400,US,0.2904703703703704
91,CACI,609.11,603.22,561.84,8.4,46.3,triple_bottom_setup,2024-11-20 14:30:00,2026-05-11 13:30:00,2026-07-21 13:30:00,438.17,465.0,435.92,446.36,4.18,683.5,414,,,,12.21,0.0,CACI International,S&P MidCap 400,US,0.29031190476190477
92,EXR,131.51,141.48,138.78,-5.2,35.4,triple_bottom_setup,2025-03-14 13:30:00,2025-05-22 13:30:00,2026-07-09 13:30:00,142.25,142.81,142.31,142.46,0.25,155.19,330,,,,18.01,0.0,Extra Space Storage,S&P 500,US,0.2898174603174603
93,OZK,45.96,49.62,47.96,-4.2,29.9,triple_bottom_setup,2022-01-31 14:30:00,2026-04-22 13:30:00,2026-07-23 13:30:00,45.67,46.6,49.49,47.25,4.73,53.66,1122,,,,16.75,0.0,Bank OZK,S&P MidCap 400,US,0.28946666666666665
94,DAR,60.71,63.54,55.95,8.5,39.6,triple_bottom_setup,2023-01-04 14:30:00,2023-05-04 13:30:00,2026-08-05 13:30:00,58.9,54.76,57.76,57.14,4.17,71.6,898,,,,17.94,0.0,Darling Ingredients,S&P MidCap 400,US,0.28794999999999993
95,LIVN,76.5,79.36,71.23,7.4,41.9,triple_bottom_setup,2021-12-17 14:30:00,2022-03-14 13:30:00,2026-08-07 13:30:00,76.75,70.64,74.67,74.02,4.57,89.69,1162,,,,17.24,0.0,LivaNova,S&P MidCap 400,US,0.2877833333333333
96,EQIX,1011.58,1042.31,977.41,3.5,43.4,triple_bottom_setup,2024-12-20 14:30:00,2026-03-09 13:30:00,2026-09-15 13:30:00,919.29,918.28,987.79,941.79,4.88,1128.68,432,,,,11.58,0.0,Equinix,S&P 500,US,0.28744285714285717
97,MSI,445.97,458.62,427.94,4.2,37.9,triple_bottom_setup,2025-07-15 13:30:00,2026-05-08 13:30:00,2026-07-21 13:30:00,408.6,381.25,401.58,397.14,4.0,492.22,255,,,,10.37,0.0,Motorola Solutions,S&P 500,US,0.2873134920634921
98,SMIN.L,2831.0,2631.48,2538.87,11.5,71.5,triple_bottom_breakout,2025-09-03 07:00:00,2026-07-08 07:00:00,2026-09-10 07:00:00,2300.0,2419.0,2493.0,2404.0,4.33,2754.18,258,2026-09-22 07:00:00,5.0,2.79,,1.0,Smiths Group,STOXX 600,Europe,0.2868126984126984
99,SYY,77.96,81.98,79.2,-1.6,38.4,triple_bottom_setup,2021-10-28 13:30:00,2022-01-24 14:30:00,2026-07-21 13:30:00,75.93,73.97,79.91,76.6,4.32,91.85,1184,,,,17.82,0.0,Sysco,S&P 500,US,0.28669999999999995
100,CUBE,37.58,40.33,38.73,-3.0,34.2,triple_bottom_setup,2025-01-13 14:30:00,2025-05-22 13:30:00,2026-07-30 13:30:00,39.8,40.68,40.5,40.33,1.31,44.13,387,,,,17.43,0.0,CubeSmart,S&P MidCap 400,US,0.2862904761904762
101,LIN,474.65,480.88,482.87,-1.7,52.0,triple_bottom_setup,2024-08-08 13:30:00,2024-10-07 13:30:00,2026-07-31 13:30:00,440.93,460.77,466.88,456.19,3.35,548.2,495,,,,15.5,0.0,Linde plc,S&P 500,US,0.2860595238095238
102,EAT,193.53,218.81,169.35,14.3,35.7,triple_bottom_breakout,2024-12-09 14:30:00,2026-03-09 13:30:00,2026-05-20 13:30:00,122.72,129.02,124.96,125.57,2.75,192.22,361,2026-07-20 13:30:00,51.0,0.68,,1.07,Brinker International,S&P MidCap 400,US,0.28376373626373624
103,ABNB,160.65,168.77,143.18,12.2,43.6,triple_bottom_breakout,2025-06-23 13:30:00,2026-05-20 13:30:00,2026-07-23 13:30:00,127.04,128.2,135.72,130.32,4.14,150.88,272,2026-07-28 13:30:00,45.0,6.48,,1.87,Airbnb,S&P 500,US,0.28375279503105594
104,STAG,35.81,37.18,37.21,-3.8,36.7,triple_bottom_setup,2022-02-24 14:30:00,2023-08-18 13:30:00,2026-08-20 13:30:00,37.23,34.56,36.21,36.0,4.0,42.61,1125,,,,18.99,0.0,STAG Industrial,S&P MidCap 400,US,0.28175000000000006
105,DBX,33.85,34.1,28.14,20.3,47.5,triple_bottom_breakout,2025-01-13 14:30:00,2025-12-10 14:30:00,2026-07-23 13:30:00,29.01,26.83,27.89,27.91,3.95,33.33,382,2026-08-04 13:30:00,40.0,1.56,,1.34,Dropbox,S&P MidCap 400,US,0.2809941927990709
106,INF.L,873.8,893.79,850.69,2.7,43.8,triple_bottom_setup,2024-07-02 07:00:00,2026-06-08 07:00:00,2026-09-10 07:00:00,829.0,788.6,868.0,828.53,4.82,1000.0,555,,,,14.44,0.0,Informa,STOXX 600,Europe,0.2807793650793651
107,BLND.L,393.2,422.4,403.2,-2.5,36.4,triple_bottom_setup,2025-05-23 07:00:00,2026-06-22 07:00:00,2026-09-15 07:00:00,376.0,394.6,387.92,386.17,2.63,451.6,332,,,,14.85,0.0,British Land,STOXX 600,Europe,0.2807153439153439
108,VRSN,282.01,287.93,264.22,6.7,41.8,triple_bottom_setup,2025-05-27 13:30:00,2026-04-24 13:30:00,2026-09-08 13:30:00,265.24,253.51,279.04,265.93,4.93,312.48,322,,,,10.8,0.0,Verisign,S&P 500,US,0.2786425925925926
109,ENTG,154.06,140.48,131.29,17.3,60.6,triple_bottom_setup,2024-05-31 13:30:00,2026-06-09 13:30:00,2026-09-03 13:30:00,122.98,123.77,125.78,124.18,1.29,186.94,566,,,,21.34,0.0,Entegris,S&P MidCap 400,US,0.2776843915343915
110,DVN,46.04,46.61,43.97,4.7,42.6,triple_bottom_setup,2024-06-14 13:30:00,2026-02-26 14:30:00,2026-08-05 13:30:00,45.0,41.74,42.04,42.93,4.83,52.71,535,,,,14.49,0.0,Devon Energy,S&P 500,US,0.27756719576719574
111,PLTR,187.05,167.16,152.04,23.0,60.4,triple_bottom_setup,2025-07-01 13:30:00,2026-04-10 13:30:00,2026-07-28 13:30:00,128.51,122.68,117.89,123.03,4.46,207.52,269,,,,10.94,0.0,Palantir Technologies,S&P 500,US,0.27751534391534394
112,SPX.L,7195.0,7057.4,7078.25,1.6,56.5,triple_bottom_setup,2025-01-13 08:00:00,2026-07-09 07:00:00,2026-09-15 07:00:00,6375.0,6240.0,6675.0,6430.0,3.81,8245.0,423,,,,14.59,0.0,Spirax Group,STOXX 600,Europe,0.27721904761904764
113,ESS,269.39,279.17,263.12,2.4,41.5,triple_bottom_setup,2025-05-23 13:30:00,2025-09-04 13:30:00,2026-07-31 13:30:00,269.1,258.82,279.32,269.08,3.81,303.35,297,,,,12.61,0.0,Essex Property Trust,S&P 500,US,0.27705238095238094
114,FRT,108.29,117.19,111.25,-2.7,21.9,triple_bottom_setup,2022-02-24 14:30:00,2022-05-24 13:30:00,2026-08-11 13:30:00,113.1,106.52,115.78,111.8,4.72,128.21,1118,,,,18.4,0.0,Federal Realty Investment Trust,S&P 500,US,0.2758666666666667
115,XEL,70.48,75.71,76.96,-8.4,35.3,triple_bottom_setup,2022-05-03 13:30:00,2025-09-09 13:30:00,2026-08-07 13:30:00,71.82,71.29,76.08,73.06,4.13,84.23,1069,,,,19.51,0.0,Xcel Energy,S&P 500,US,0.27546666666666664
116,MMM,164.15,173.32,159.49,2.9,40.8,triple_bottom_setup,2025-09-03 13:30:00,2026-07-08 13:30:00,2026-09-14 13:30:00,150.43,153.56,160.27,154.75,3.56,184.9,258,,,,12.64,0.0,3M,S&P 500,US,0.2753936507936508
117,CFR.SW,179.1,181.23,163.55,9.5,56.6,triple_bottom_setup,2025-03-11 08:00:00,2025-11-07 08:00:00,2026-09-16 07:00:00,156.85,154.35,166.5,159.23,4.56,202.2,379,,,,12.9,0.0,Compagnie Financière Richemont SA,STOXX 600,Europe,0.27423227513227516
118,SHW,323.27,338.45,331.99,-2.6,43.6,triple_bottom_setup,2025-04-08 13:30:00,2026-03-20 13:30:00,2026-07-23 13:30:00,308.84,301.58,301.1,303.84,1.65,379.65,323,,,,17.44,0.0,Sherwin-Williams,S&P 500,US,0.2726415343915344
119,BBOX.L,146.3,157.82,156.48,-6.5,37.4,triple_bottom_setup,2022-12-20 08:00:00,2023-08-02 07:00:00,2026-09-15 07:00:00,133.8,134.4,142.9,137.03,4.28,175.0,942,,,,19.62,0.0,Tritax Big Box REIT,STOXX 600,Europe,0.2723
120,PSON.L,1208.0,1210.66,1093.52,10.5,53.3,triple_bottom_setup,2025-01-21 08:00:00,2025-03-21 08:00:00,2026-07-23 07:00:00,1235.0,1169.5,1190.5,1198.33,3.06,1401.0,380,,,,15.98,0.0,Pearson plc,STOXX 600,Europe,0.2711978835978836
121,FTV,54.81,58.51,58.15,-5.7,38.5,triple_bottom_setup,2024-04-24 13:30:00,2024-07-05 13:30:00,2026-07-30 13:30:00,54.65,53.99,57.48,55.37,3.8,64.56,567,,,,17.79,0.0,Fortive,S&P 500,US,0.26975000000000005
122,APD,278.23,296.57,283.46,-1.8,34.0,triple_bottom_setup,2025-08-01 13:30:00,2026-03-03 14:30:00,2026-08-04 13:30:00,278.4,268.12,288.0,278.17,3.61,314.87,252,,,,13.17,0.0,Air Products,S&P 500,US,0.2694333333333333
123,HOMB,28.18,30.13,28.13,0.2,29.4,triple_bottom_setup,2025-08-01 13:30:00,2026-01-02 14:30:00,2026-09-01 13:30:00,27.21,27.41,29.09,27.9,4.25,31.7,272,,,,12.49,0.0,Home BancShares,S&P MidCap 400,US,0.26814550264550263
124,NDSN,327.85,313.19,284.65,15.2,62.3,triple_bottom_breakout,2024-04-25 13:30:00,2024-11-20 14:30:00,2026-05-19 13:30:00,255.78,248.28,270.26,258.11,4.71,305.28,517,2026-08-04 13:30:00,40.0,7.39,,0.9,Nordson Corporation,S&P 500,US,0.2681354626403407
125,FLR,47.88,52.68,48.75,-1.8,33.6,triple_bottom_setup,2024-11-12 14:30:00,2026-04-21 13:30:00,2026-07-29 13:30:00,47.72,46.63,46.77,47.04,1.45,57.5,426,,,,20.09,0.0,Fluor,S&P MidCap 400,US,0.2671825396825397
126,MRK,145.31,141.06,120.99,20.1,48.9,triple_bottom_breakout,2024-05-30 13:30:00,2026-03-20 13:30:00,2026-07-14 13:30:00,122.7,112.72,120.16,118.53,4.9,134.63,530,2026-08-13 13:30:00,33.0,7.93,,0.86,Merck & Co.,S&P 500,US,0.2667012138188609
127,KIM,22.21,23.82,22.8,-2.6,27.8,triple_bottom_setup,2022-04-07 13:30:00,2024-10-04 13:30:00,2026-07-10 13:30:00,23.57,22.54,24.7,23.6,4.65,26.57,1066,,,,19.63,0.0,Kimco Realty,S&P 500,US,0.26666666666666666
128,BMY,62.4,64.5,58.62,6.5,43.1,triple_bottom_breakout,2023-10-09 13:30:00,2024-12-13 14:30:00,2025-02-18 14:30:00,55.7,55.04,53.54,54.76,2.23,61.1,340,2026-07-23 13:30:00,48.0,2.13,,0.64,Bristol Myers Squibb,S&P 500,US,0.2665791383219955
129,SSB,99.56,105.72,98.7,0.9,28.7,triple_bottom_setup,2024-09-11 13:30:00,2025-01-13 14:30:00,2026-07-08 13:30:00,88.99,91.68,96.85,92.51,4.7,114.27,455,,,,14.78,0.0,South State Bank,S&P MidCap 400,US,0.26651851851851854
130,THC,255.56,259.37,212.9,20.0,46.2,triple_bottom_breakout,2024-10-08 13:30:00,2025-07-25 13:30:00,2026-06-08 13:30:00,147.12,146.6,157.58,150.43,4.75,247.21,416,2026-07-28 13:30:00,45.0,3.38,,1.26,Tenet Health,S&P MidCap 400,US,0.26623533471359556
131,IAG.L,438.0,431.66,417.39,4.9,55.8,triple_bottom_setup,2025-09-02 07:00:00,2026-06-11 07:00:00,2026-09-14 07:00:00,377.08,400.75,403.8,393.88,4.26,492.9,261,,,,12.53,0.0,International Airlines Group,STOXX 600,Europe,0.26620714285714286
132,NTNX,70.41,65.21,50.27,40.1,62.6,triple_bottom_setup,2025-03-10 13:30:00,2025-10-17 13:30:00,2026-09-11 13:30:00,63.55,65.84,65.25,64.88,2.05,83.36,379,,,,18.39,0.0,Nutanix,S&P MidCap 400,US,0.2661322751322751
133,LH,308.11,318.17,278.82,10.5,40.8,triple_bottom_breakout,2025-02-12 14:30:00,2026-05-05 13:30:00,2026-07-14 13:30:00,240.42,248.59,262.11,250.37,4.69,293.72,354,2026-07-24 13:30:00,47.0,4.9,,1.44,Labcorp,S&P 500,US,0.26477142857142855
134,WRB,67.54,70.17,68.38,-1.2,41.1,triple_bottom_setup,2025-06-11 13:30:00,2025-09-16 13:30:00,2026-07-16 13:30:00,71.09,70.43,68.56,70.03,2.09,78.96,274,,,,16.91,0.0,W. R. Berkley Corporation,S&P 500,US,0.2639767195767196
135,MSCI,538.66,560.71,569.65,-5.4,39.2,triple_bottom_setup,2023-03-02 14:30:00,2023-08-18 13:30:00,2026-07-21 13:30:00,508.47,512.23,548.01,522.9,4.8,644.77,848,,,,19.7,0.0,MSCI,S&P 500,US,0.26383333333333336
136,PG,145.28,145.84,146.17,-0.6,47.0,triple_bottom_setup,2025-07-31 13:30:00,2026-06-30 13:30:00,2026-09-10 13:30:00,149.91,144.17,141.86,145.31,3.16,167.25,279,,,,15.12,0.0,Procter & Gamble,S&P 500,US,0.26350476190476185
137,SWK,88.59,94.71,82.26,7.7,39.7,triple_bottom_setup,2024-11-18 14:30:00,2025-02-05 14:30:00,2026-09-15 13:30:00,84.73,82.09,87.25,84.69,3.07,104.68,455,,,,18.16,0.0,Stanley Black & Decker,S&P 500,US,0.26280185185185184
138,BBY,88.24,86.81,71.21,23.9,48.2,triple_bottom_setup,2024-08-05 13:30:00,2025-11-18 14:30:00,2026-08-27 13:30:00,78.55,73.01,76.7,76.09,4.04,103.71,517,,,,17.53,0.0,Best Buy,S&P 500,US,0.26170291005291
139,DEMANT.CO,314.6,291.02,238.88,31.7,66.0,triple_bottom_breakout,2025-02-12 08:00:00,2025-07-14 07:00:00,2026-08-11 07:00:00,256.6,260.2,273.4,263.4,3.8,293.0,369,2026-08-14 07:00:00,32.0,7.37,,0.94,Demant,STOXX 600,Europe,0.26155772005772004
140,SREN.SW,138.5,138.59,127.12,9.0,47.5,triple_bottom_setup,2025-06-17 07:00:00,2026-03-23 08:00:00,2026-09-09 07:00:00,134.3,124.8,133.5,130.87,4.64,156.8,309,,,,13.21,0.0,Swiss Reinsurance Company Ltd,STOXX 600,Europe,0.26118968253968255
141,MUR,37.02,36.76,35.35,4.7,50.6,triple_bottom_setup,2024-09-26 13:30:00,2026-05-27 13:30:00,2026-08-26 13:30:00,32.53,35.19,33.79,33.84,4.0,43.34,479,,,,17.07,0.0,Murphy Oil,S&P MidCap 400,US,0.2611097883597884
142,ELAN,22.39,23.88,23.8,-5.9,39.9,triple_bottom_setup,2022-05-12 13:30:00,2025-11-07 14:30:00,2026-08-10 13:30:00,20.51,20.83,21.32,20.89,2.07,27.98,1063,,,,24.97,0.0,Elanco,S&P MidCap 400,US,0.2608666666666667
143,DLTR,114.02,124.32,117.46,-2.9,40.3,triple_bottom_setup,2024-04-29 13:30:00,2026-01-30 14:30:00,2026-07-23 13:30:00,116.56,116.02,116.81,116.46,0.38,142.4,559,,,,24.89,0.0,Dollar Tree,S&P 500,US,0.26082513227513227
144,IBOC,68.5,72.08,70.83,-3.3,33.3,triple_bottom_setup,2025-08-01 13:30:00,2026-05-15 13:30:00,2026-09-01 13:30:00,66.13,70.28,69.39,68.6,3.6,78.46,272,,,,14.54,0.0,Intl Bancshares Corp,S&P MidCap 400,US,0.26081216931216933
145,KGF.L,328.7,313.0,308.11,6.7,58.7,triple_bottom_setup,2025-06-10 07:00:00,2026-07-08 07:00:00,2026-09-14 07:00:00,269.2,266.4,287.3,274.3,4.74,372.3,320,,,,13.26,0.0,Kingfisher plc,STOXX 600,Europe,0.26072804232804236
146,CI,271.83,278.59,277.25,-2.0,44.9,triple_bottom_setup,2025-08-01 13:30:00,2026-06-03 13:30:00,2026-08-05 13:30:00,256.89,270.43,263.11,263.48,2.64,315.47,253,,,,16.05,0.0,Cigna,S&P 500,US,0.26011560846560844
147,VLY,12.62,13.94,13.13,-3.9,28.3,triple_bottom_setup,2021-11-30 14:30:00,2026-05-15 13:30:00,2026-07-23 13:30:00,13.35,12.77,14.01,13.38,4.73,15.2,1164,,,,20.44,0.0,Valley Bank,S&P MidCap 400,US,0.25871666666666665
148,GSK.L,1856.0,1886.41,1953.13,-5.0,47.4,triple_bottom_setup,2022-07-14 07:00:00,2026-05-19 07:00:00,2026-09-11 07:00:00,1677.65,1690.0,1770.0,1712.55,3.35,2282.0,1051,,,,22.95,0.0,GSK plc,STOXX 600,Europe,0.2585
149,DOC,19.97,20.91,18.43,8.4,37.7,triple_bottom_setup,2025-02-12 14:30:00,2026-06-02 13:30:00,2026-08-17 13:30:00,19.23,18.9,20.4,19.51,4.56,22.95,378,,,,14.92,0.0,Healthpeak Properties,S&P 500,US,0.25726666666666664
150,ACGL,92.36,98.42,96.38,-4.2,30.0,triple_bottom_setup,2024-11-04 14:30:00,2025-01-13 14:30:00,2026-08-12 13:30:00,94.95,89.47,96.95,93.79,4.61,107.09,442,,,,15.95,0.0,Arch Capital Group,S&P 500,US,0.25639894179894185
151,CL,85.32,89.89,87.76,-2.8,36.5,triple_bottom_setup,2025-06-25 13:30:00,2026-06-04 13:30:00,2026-08-04 13:30:00,87.07,84.3,89.17,86.85,2.93,99.33,278,,,,16.42,0.0,Colgate-Palmolive,S&P 500,US,0.25598915343915346
152,TROW,104.05,109.45,101.49,2.5,40.2,triple_bottom_setup,2025-08-01 13:30:00,2026-06-24 13:30:00,2026-09-16 13:30:00,99.6,104.4,101.45,101.82,2.54,122.0,282,,,,17.25,0.0,T. Rowe Price,S&P 500,US,0.2554515873015873
153,ECL,274.58,278.04,272.34,0.8,46.5,triple_bottom_setup,2025-07-29 13:30:00,2026-03-19 13:30:00,2026-08-17 13:30:00,255.03,252.66,273.33,260.34,4.99,309.27,264,,,,12.63,0.0,Ecolab,S&P 500,US,0.2548206349206349
154,D,60.52,65.92,63.24,-4.3,27.0,triple_bottom_setup,2022-10-13 13:30:00,2026-05-08 13:30:00,2026-08-07 13:30:00,61.7,61.04,66.0,62.91,4.91,72.99,956,,,,20.6,0.0,Dominion Energy,S&P 500,US,0.2546833333333333
155,AFL,111.78,119.05,114.1,-2.0,31.0,triple_bottom_setup,2024-09-11 13:30:00,2025-10-29 13:30:00,2026-09-10 13:30:00,105.73,105.43,113.6,108.25,4.94,130.22,500,,,,16.5,0.0,Aflac,S&P 500,US,0.2545375661375661
156,LEA,118.03,126.87,127.17,-7.2,39.5,triple_bottom_setup,2023-10-05 13:30:00,2023-12-13 14:30:00,2026-07-08 13:30:00,128.82,127.92,127.41,128.05,0.6,150.33,689,,,,27.37,0.0,Lear,S&P MidCap 400,US,0.2540542328042328
157,FANG,183.81,198.06,182.76,0.6,36.5,triple_bottom_setup,2024-11-05 14:30:00,2026-05-07 13:30:00,2026-08-07 13:30:00,173.72,186.55,184.8,181.69,4.39,214.51,438,,,,16.7,0.0,Diamondback Energy,S&P 500,US,0.2529198412698413
158,BLK,1058.29,1105.23,1050.99,0.7,42.4,triple_bottom_setup,2025-06-17 13:30:00,2026-06-29 13:30:00,2026-09-16 13:30:00,965.63,947.21,1017.46,976.77,4.17,1219.94,313,,,,15.27,0.0,BlackRock,S&P 500,US,0.2516021164021164
159,ADC,66.81,72.87,73.74,-9.4,22.2,triple_bottom_setup,2022-07-14 13:30:00,2022-11-30 14:30:00,2026-08-11 13:30:00,70.71,67.91,73.28,70.63,3.86,82.08,1022,,,,22.86,0.0,Agree Realty,S&P MidCap 400,US,0.25160000000000005
160,WPC,64.63,69.52,69.01,-6.4,26.4,triple_bottom_setup,2024-01-05 14:30:00,2026-03-25 13:30:00,2026-07-08 13:30:00,63.88,66.89,70.31,67.03,4.9,76.97,626,,,,19.09,0.0,W. P. Carey,S&P MidCap 400,US,0.2502208994708995
161,PSA,282.84,308.26,294.14,-3.8,32.7,triple_bottom_setup,2024-12-19 14:30:00,2025-05-22 13:30:00,2026-07-21 13:30:00,288.67,292.14,307.56,296.12,3.86,331.79,394,,,,17.31,0.0,Public Storage,S&P 500,US,0.24996640211640214
162,COLB,28.6,30.44,29.21,-2.1,35.2,triple_bottom_setup,2024-11-20 14:30:00,2026-05-15 13:30:00,2026-07-29 13:30:00,29.6,28.49,30.75,29.61,3.84,33.68,420,,,,17.76,0.0,Columbia Banking System,S&P MidCap 400,US,0.24995555555555551
163,AIG,74.42,76.31,76.27,-2.4,45.8,triple_bottom_setup,2025-08-07 13:30:00,2026-06-03 13:30:00,2026-08-20 13:30:00,75.26,72.15,75.06,74.16,2.71,87.29,260,,,,17.29,0.0,American International Group,S&P 500,US,0.24965820105820105
164,REG,71.88,75.78,74.92,-4.1,30.6,triple_bottom_setup,2024-10-10 13:30:00,2025-05-22 13:30:00,2026-08-11 13:30:00,69.47,70.53,75.35,71.78,4.97,83.66,458,,,,16.39,0.0,Regency Centers,S&P 500,US,0.24944867724867725
165,AVY,170.67,172.65,171.09,-0.2,47.7,triple_bottom_setup,2025-04-08 13:30:00,2025-08-01 13:30:00,2026-07-23 13:30:00,157.0,164.19,154.72,158.64,3.5,199.54,323,,,,16.92,0.0,Avery Dennison,S&P 500,US,0.2492248677248677
166,AWK,129.47,135.76,130.64,-0.9,31.8,triple_bottom_setup,2025-05-14 13:30:00,2026-02-09 14:30:00,2026-08-04 13:30:00,131.65,121.28,129.74,127.56,4.92,147.87,306,,,,14.21,0.0,American Water Works,S&P 500,US,0.2482595238095238
167,BG,106.95,114.15,114.89,-6.9,35.2,triple_bottom_setup,2022-03-16 13:30:00,2022-05-12 13:30:00,2026-07-30 13:30:00,102.96,106.58,102.81,104.12,2.37,134.87,1096,,,,26.11,0.0,Bunge Global,S&P 500,US,0.24686666666666668
168,COST,910.34,933.43,958.94,-5.1,46.2,triple_bottom_setup,2024-09-05 13:30:00,2024-11-01 13:30:00,2026-07-10 13:30:00,868.7,867.34,907.21,881.08,2.97,1096.5,461,,,,20.45,0.0,Costco,S&P 500,US,0.2460121693121693
169,O,54.3,60.57,60.45,-10.2,14.5,triple_bottom_setup,2023-03-24 13:30:00,2023-05-25 13:30:00,2026-08-10 13:30:00,59.07,58.13,61.27,59.49,2.99,67.94,846,,,,25.12,0.0,Realty Income,S&P 500,US,0.24581666666666666
170,TEL,211.08,208.13,213.13,-1.0,52.4,triple_bottom_setup,2025-08-20 13:30:00,2026-05-19 13:30:00,2026-08-25 13:30:00,198.0,193.75,199.28,197.01,1.65,252.56,254,,,,19.65,0.0,TE Connectivity,S&P 500,US,0.24509788359788362
171,AAL.L,3992.0,3962.73,3623.39,10.2,48.7,triple_bottom_setup,2022-03-15 08:00:00,2026-04-30 07:00:00,2026-07-08 07:00:00,3495.53,3448.5,3250.0,3398.01,4.36,4901.49,1087,,,,22.78,0.0,Anglo American plc,STOXX 600,Europe,0.24476666666666666
172,PLD,129.84,138.48,135.96,-4.5,30.0,triple_bottom_setup,2022-02-24 14:30:00,2026-05-05 13:30:00,2026-08-10 13:30:00,137.9,138.0,137.22,137.71,0.35,174.54,1117,,,,34.43,0.0,Prologis,S&P 500,US,0.24475
173,SW,44.1,46.59,42.56,3.6,43.0,triple_bottom_setup,2025-03-11 13:30:00,2025-06-23 13:30:00,2026-07-08 13:30:00,42.82,41.34,41.13,41.76,2.53,52.65,332,,,,19.39,0.0,Smurfit Westrock,S&P 500,US,0.2443820105820106
174,MAS,67.4,72.41,69.58,-3.1,40.2,triple_bottom_setup,2025-01-08 14:30:00,2025-09-02 13:30:00,2026-07-30 13:30:00,71.02,71.53,70.93,71.16,0.52,83.64,389,,,,24.09,0.0,Masco,S&P 500,US,0.24290502645502643
175,AAL,13.37,14.07,13.87,-3.6,47.2,triple_bottom_setup,2022-07-28 13:30:00,2022-11-03 13:30:00,2026-07-23 13:30:00,13.29,13.2,13.31,13.27,0.5,19.1,999,,,,42.86,0.0,American Airlines Group,S&P MidCap 400,US,0.2425
176,TSLA,354.81,346.96,394.23,-10.0,46.0,triple_bottom_setup,2021-12-21 14:30:00,2025-08-01 13:30:00,2026-07-29 13:30:00,295.37,297.82,297.38,296.86,0.5,498.83,1153,,,,40.59,0.0,"Tesla, Inc.",S&P 500,US,0.2425
177,SUI,110.78,118.02,121.98,-9.2,33.6,triple_bottom_setup,2024-11-07 14:30:00,2025-01-10 14:30:00,2026-08-12 13:30:00,119.0,119.36,117.74,118.7,0.81,137.85,439,,,,24.44,0.0,Sun Communities,S&P MidCap 400,US,0.24225211640211639
178,BJ,92.0,93.69,93.54,-1.7,47.9,triple_bottom_setup,2025-08-25 13:30:00,2026-01-30 14:30:00,2026-09-09 13:30:00,94.63,89.32,87.72,90.56,4.5,105.78,261,,,,14.98,0.0,BJ's Wholesale Club,S&P MidCap 400,US,0.24219047619047618
179,FFIN,31.74,33.62,32.14,-1.3,35.3,triple_bottom_setup,2025-05-23 13:30:00,2025-08-14 13:30:00,2026-07-23 13:30:00,33.48,33.52,33.94,33.65,0.87,38.74,291,,,,22.05,0.0,First Financial Bankshares,S&P MidCap 400,US,0.24169206349206349
180,GN.CO,109.85,97.83,98.46,11.6,70.3,triple_bottom_setup,2025-08-01 07:00:00,2026-06-29 07:00:00,2026-09-11 07:00:00,90.36,85.32,93.4,89.69,4.88,125.9,277,,,,14.61,0.0,GN Store Nord,STOXX 600,Europe,0.24169021164021165
181,KEY,20.07,21.81,21.26,-5.6,31.5,triple_bottom_setup,2022-03-08 14:30:00,2026-05-15 13:30:00,2026-07-29 13:30:00,22.1,20.69,22.13,21.64,4.39,24.71,1101,,,,23.12,0.0,KeyCorp,S&P 500,US,0.24148333333333333
182,DRI,193.25,211.61,202.02,-4.3,32.7,triple_bottom_setup,2025-04-09 13:30:00,2026-05-19 13:30:00,2026-07-23 13:30:00,181.0,189.97,190.98,187.32,3.37,228.27,322,,,,18.12,0.0,Darden Restaurants,S&P 500,US,0.2410425925925926
183,CTAS,195.06,201.82,187.26,4.2,43.2,triple_bottom_setup,2025-04-07 13:30:00,2026-02-03 14:30:00,2026-08-17 13:30:00,184.61,186.14,196.5,189.08,3.92,229.24,341,,,,17.52,0.0,Cintas,S&P 500,US,0.24030582010582008
184,RJF,158.02,172.82,160.3,-1.4,31.4,triple_bottom_setup,2025-08-20 13:30:00,2025-10-30 13:30:00,2026-08-26 13:30:00,160.65,156.75,168.93,162.11,4.21,182.73,255,,,,15.64,0.0,Raymond James Financial,S&P 500,US,0.2402468253968254
185,OXY,55.32,58.18,53.41,3.6,38.0,triple_bottom_setup,2024-08-05 13:30:00,2026-04-17 13:30:00,2026-08-05 13:30:00,55.04,51.96,53.66,53.55,2.98,67.45,501,,,,21.93,0.0,Occidental Petroleum,S&P 500,US,0.23881984126984124
186,ALLY,37.62,42.27,42.31,-11.1,23.6,triple_bottom_setup,2022-03-08 14:30:00,2026-05-20 13:30:00,2026-07-24 13:30:00,39.85,40.62,42.21,40.89,3.22,47.29,1098,,,,25.7,0.0,Ally Financial,S&P MidCap 400,US,0.23753333333333332
187,CPRT,27.28,30.49,33.61,-18.8,31.3,triple_bottom_setup,2022-03-08 14:30:00,2022-05-12 13:30:00,2026-07-23 13:30:00,26.59,26.35,26.81,26.59,0.87,64.38,1097,,,,136.0,0.0,Copart,S&P 500,US,0.23695
188,ELV,388.82,396.03,362.65,7.2,39.1,triple_bottom_setup,2024-10-17 13:30:00,2025-02-21 14:30:00,2026-07-28 13:30:00,397.98,378.0,362.98,379.65,4.83,458.75,443,,,,17.99,0.0,Elevance Health,S&P 500,US,0.23623121693121696
189,BA.L,1947.5,2058.94,2015.56,-3.4,41.0,triple_bottom_setup,2025-06-24 07:00:00,2026-01-28 08:00:00,2026-09-11 07:00:00,1798.5,1831.0,1867.0,1832.17,1.9,2360.0,309,,,,21.18,0.0,BAE Systems,STOXX 600,Europe,0.23587301587301587
190,FERG,222.62,231.85,236.25,-5.8,47.2,triple_bottom_setup,2024-04-25 13:30:00,2025-07-16 13:30:00,2026-07-08 13:30:00,205.07,214.61,218.54,212.74,3.61,271.64,550,,,,22.02,0.0,Ferguson Enterprises,S&P 500,US,0.23510132275132276
191,ALSN,113.26,122.17,116.9,-3.1,35.2,triple_bottom_setup,2024-11-20 14:30:00,2026-03-20 13:30:00,2026-07-08 13:30:00,113.92,109.42,109.71,111.02,2.62,137.62,405,,,,21.51,0.0,Allison Transmission,S&P MidCap 400,US,0.23502142857142855
192,WEC,100.78,106.8,109.81,-8.2,34.3,triple_bottom_setup,2025-07-02 13:30:00,2026-06-01 13:30:00,2026-08-11 13:30:00,102.49,108.59,105.48,105.52,2.91,119.91,278,,,,18.98,0.0,WEC Energy Group,S&P 500,US,0.2349558201058201
193,AXTA,32.16,35.03,32.15,0.0,36.7,triple_bottom_setup,2025-01-10 14:30:00,2026-01-08 14:30:00,2026-07-08 13:30:00,33.4,31.61,31.7,32.24,3.6,38.37,372,,,,19.31,0.0,Axalta,S&P MidCap 400,US,0.23428968253968255
194,BF-B,26.2,27.12,26.57,-1.4,46.4,triple_bottom_setup,2025-06-17 13:30:00,2026-07-14 13:30:00,2026-09-16 13:30:00,25.53,24.9,25.55,25.33,1.68,31.92,313,,,,21.83,0.0,Brown–Forman,S&P 500,US,0.23428544973544976
195,POR,44.63,48.46,49.31,-9.5,32.3,triple_bottom_setup,2024-11-04 14:30:00,2026-05-15 13:30:00,2026-08-10 13:30:00,45.73,47.07,47.91,46.9,2.5,54.62,440,,,,22.38,0.0,Portland General Electric,S&P MidCap 400,US,0.2342010582010582
196,PRU.L,944.4,1023.26,1080.85,-12.6,33.9,triple_bottom_setup,2023-03-20 08:00:00,2023-08-21 07:00:00,2026-08-05 07:00:00,934.2,932.8,949.4,938.8,1.13,1238.0,853,,,,31.09,0.0,Prudential plc,STOXX 600,Europe,0.23305
197,VLTO,94.32,96.3,92.76,1.7,43.2,triple_bottom_setup,2025-06-23 13:30:00,2026-02-04 14:30:00,2026-09-10 13:30:00,96.46,88.4,92.92,92.59,4.53,110.11,306,,,,16.74,0.0,Veralto,S&P 500,US,0.23302619047619047
198,MIDD,103.58,118.01,121.58,-14.8,29.9,triple_bottom_setup,2022-03-07 14:30:00,2025-02-12 14:30:00,2026-07-21 13:30:00,130.94,129.27,128.09,129.43,1.17,148.55,1096,,,,43.42,0.0,Middleby,S&P MidCap 400,US,0.23245
199,NESN.SW,76.02,79.18,77.72,-2.2,38.9,triple_bottom_setup,2025-04-09 07:00:00,2026-05-12 07:00:00,2026-07-27 07:00:00,81.6,75.37,79.12,78.7,4.23,89.43,321,,,,17.64,0.0,Nestlé SA,STOXX 600,Europe,0.23201031746031747
200,IRM,110.95,118.8,110.48,0.4,39.7,triple_bottom_setup,2024-09-06 13:30:00,2024-11-06 14:30:00,2026-07-08 13:30:00,107.59,112.11,114.33,111.34,3.37,134.68,458,,,,21.39,0.0,Iron Mountain,S&P 500,US,0.2317820105820106
201,ON,76.87,77.0,80.18,-4.1,54.1,triple_bottom_setup,2022-09-06 13:30:00,2023-04-27 13:30:00,2026-09-16 13:30:00,65.03,66.67,65.8,65.83,1.27,134.92,1010,,,,75.52,0.0,ON Semiconductor,S&P 500,US,0.23095
202,DLR,175.53,187.23,178.58,-1.7,37.4,triple_bottom_setup,2024-10-07 13:30:00,2025-06-26 13:30:00,2026-07-15 13:30:00,155.16,163.64,171.03,163.28,4.97,208.14,442,,,,18.58,0.0,Digital Realty,S&P 500,US,0.22908227513227516
203,LVS,37.81,44.18,51.52,-26.6,21.4,triple_bottom_setup,2023-10-05 13:30:00,2023-12-08 14:30:00,2026-07-23 13:30:00,43.77,44.6,44.21,44.19,0.96,70.45,700,,,,86.33,0.0,Las Vegas Sands,S&P 500,US,0.2281925925925926
204,SLB,48.72,52.7,49.96,-2.5,32.0,triple_bottom_setup,2023-06-23 13:30:00,2026-03-13 13:30:00,2026-07-21 13:30:00,45.75,43.55,45.18,44.83,2.85,62.12,770,,,,27.5,0.0,Schlumberger,S&P 500,US,0.22808333333333333
205,POST,72.85,82.27,94.48,-22.9,32.5,triple_bottom_setup,2022-08-29 13:30:00,2022-11-11 14:30:00,2026-07-10 13:30:00,86.09,84.51,83.89,84.83,1.49,125.84,968,,,,72.74,0.0,Post Holdings,S&P MidCap 400,US,0.22765
206,KDP,30.34,31.01,28.97,4.7,42.8,triple_bottom_setup,2024-11-19 14:30:00,2025-02-10 14:30:00,2026-08-11 13:30:00,30.91,30.67,28.66,30.08,4.72,36.12,430,,,,19.05,0.0,Keurig Dr Pepper,S&P 500,US,0.22732830687830688
207,SIGI,83.6,91.52,86.3,-3.1,25.0,triple_bottom_setup,2025-01-13 14:30:00,2025-04-30 13:30:00,2026-07-28 13:30:00,87.68,85.25,91.41,88.11,3.74,100.4,385,,,,20.1,0.0,Selective Insurance Group,S&P MidCap 400,US,0.22732592592592593
208,RSG,209.87,217.14,214.54,-2.2,33.4,triple_bottom_setup,2025-01-03 14:30:00,2026-06-02 13:30:00,2026-08-05 13:30:00,199.43,197.62,204.8,200.62,2.09,258.75,396,,,,23.29,0.0,Republic Services,S&P 500,US,0.22694761904761906
209,ITW,257.28,277.54,265.16,-3.0,32.2,triple_bottom_setup,2025-08-01 13:30:00,2026-06-01 13:30:00,2026-09-10 13:30:00,249.67,242.05,261.35,251.02,4.11,303.16,278,,,,17.83,0.0,Illinois Tool Works,S&P 500,US,0.22653915343915348
210,CVNA,62.54,68.67,72.22,-13.4,40.0,triple_bottom_setup,2021-11-05 13:30:00,2025-06-16 13:30:00,2026-07-30 13:30:00,55.07,56.73,56.12,55.97,1.62,97.38,1185,,,,55.71,0.0,Carvana,S&P 500,US,0.22569999999999998
211,UHS,174.26,171.49,180.88,-3.7,49.3,triple_bottom_setup,2022-04-05 13:30:00,2023-01-27 14:30:00,2026-07-14 13:30:00,138.19,141.36,142.38,140.64,1.74,246.33,1070,,,,41.36,0.0,Universal Health Services,S&P 500,US,0.22390000000000002
212,VMRK,60.76,65.23,63.33,-4.1,33.9,triple_bottom_setup,2025-05-23 13:30:00,2025-08-01 13:30:00,2026-08-17 13:30:00,66.95,61.71,63.26,63.97,4.65,71.5,308,,,,17.68,0.0,Vivmark Residential,S&P 500,US,0.2236574074074074
213,ACM,58.95,66.21,79.88,-26.2,36.8,triple_bottom_setup,2021-12-01 14:30:00,2022-01-28 14:30:00,2026-07-08 13:30:00,67.61,65.32,66.28,66.4,1.82,135.52,1152,,,,129.89,0.0,AECOM,S&P MidCap 400,US,0.2227
214,MTN,137.18,143.78,135.38,1.3,45.9,triple_bottom_setup,2025-08-11 13:30:00,2025-10-15 13:30:00,2026-08-13 13:30:00,146.68,144.71,140.07,143.82,2.61,165.5,253,,,,20.64,0.0,Vail Resorts,S&P MidCap 400,US,0.22231560846560844
215,OKE,85.27,92.22,85.19,0.1,28.3,triple_bottom_setup,2025-03-07 14:30:00,2026-05-29 13:30:00,2026-08-04 13:30:00,87.36,83.57,83.48,84.8,3.01,103.64,353,,,,21.54,0.0,Oneok,S&P 500,US,0.2220431216931217
216,BR,161.1,167.23,169.78,-5.1,39.1,triple_bottom_setup,2023-05-31 13:30:00,2026-05-13 13:30:00,2026-07-23 13:30:00,144.54,139.79,143.04,142.46,1.87,271.91,788,,,,68.78,0.0,Broadridge Financial Solutions,S&P 500,US,0.22194999999999998
217,CART,43.12,47.33,42.6,1.2,34.0,triple_bottom_setup,2025-06-23 13:30:00,2025-08-26 13:30:00,2026-07-23 13:30:00,42.88,42.48,42.1,42.49,0.93,53.5,272,,,,24.07,0.0,Maplebear Inc.,S&P MidCap 400,US,0.22144550264550264
218,CROX,117.31,125.08,106.19,10.5,43.6,triple_bottom_setup,2024-12-20 14:30:00,2025-07-15 13:30:00,2026-09-10 13:30:00,104.47,99.7,108.54,104.24,4.35,141.28,429,,,,20.43,0.0,Crocs,S&P MidCap 400,US,0.22124603174603177
219,TRYG.CO,141.3,152.72,151.47,-6.7,23.4,triple_bottom_setup,2025-08-01 07:00:00,2025-09-29 07:00:00,2026-08-19 07:00:00,156.2,157.9,150.8,154.97,2.69,170.6,260,,,,20.74,0.0,Tryg,STOXX 600,Europe,0.22120820105820108
220,BALL,56.03,61.86,59.66,-6.1,25.9,triple_bottom_setup,2024-11-04 14:30:00,2026-03-20 13:30:00,2026-08-04 13:30:00,58.85,56.63,60.8,58.76,3.62,68.29,436,,,,21.88,0.0,Ball Corporation,S&P 500,US,0.22103862433862434
221,CTEC.L,217.0,223.61,223.74,-3.0,47.0,triple_bottom_setup,2025-08-04 07:00:00,2026-03-23 08:00:00,2026-08-21 07:00:00,225.2,212.8,223.2,220.4,3.45,259.3,266,,,,19.49,0.0,Convatec,STOXX 600,Europe,0.22101851851851853
222,KRG,24.39,26.49,25.7,-5.1,21.0,triple_bottom_setup,2024-10-31 13:30:00,2026-05-19 13:30:00,2026-08-31 13:30:00,24.43,25.85,25.58,25.29,3.39,29.92,457,,,,22.67,0.0,Kite Realty Group Trust,S&P MidCap 400,US,0.2206830687830688
223,AVNT,40.25,41.49,37.06,8.6,40.5,triple_bottom_setup,2024-02-05 14:30:00,2025-05-23 13:30:00,2026-07-29 13:30:00,35.58,35.14,35.57,35.43,0.82,54.68,621,,,,35.85,0.0,Avient,S&P MidCap 400,US,0.21984285714285712
224,CRM,229.57,216.73,199.86,14.9,47.7,triple_bottom_setup,2022-05-20 13:30:00,2023-02-24 14:30:00,2026-07-23 13:30:00,154.55,159.66,155.15,156.45,2.05,369.0,1045,,,,60.74,0.0,Salesforce,S&P 500,US,0.21925
225,PAG,200.34,215.24,176.16,13.7,25.7,triple_bottom_breakout,2025-04-30 13:30:00,2026-03-20 13:30:00,2026-05-20 13:30:00,148.14,140.12,154.12,147.46,4.98,189.51,265,2026-07-09 13:30:00,58.0,5.71,,1.07,Penske Automotive Group,S&P MidCap 400,US,0.2192034705407587
226,SR,76.09,80.55,83.16,-8.5,31.8,triple_bottom_setup,2022-05-03 13:30:00,2025-03-12 13:30:00,2026-08-04 13:30:00,72.11,73.91,78.28,74.77,4.7,95.31,1066,,,,25.26,0.0,Spire,S&P MidCap 400,US,0.21899999999999997
227,COLM,57.41,58.3,58.91,-2.5,48.4,triple_bottom_setup,2025-06-23 13:30:00,2026-05-20 13:30:00,2026-09-10 13:30:00,58.89,57.12,55.01,57.01,3.5,69.06,306,,,,20.29,0.0,Columbia Sportswear,S&P MidCap 400,US,0.21889285714285714
228,GLEN.L,551.8,568.46,531.13,3.9,42.0,triple_bottom_setup,2023-01-05 08:00:00,2026-05-20 07:00:00,2026-07-28 07:00:00,501.71,478.1,500.4,493.4,3.1,707.2,896,,,,28.16,0.0,Glencore,STOXX 600,Europe,0.21883333333333332
229,MORN,190.04,200.65,185.85,2.3,40.6,triple_bottom_setup,2023-03-22 13:30:00,2023-06-28 13:30:00,2026-09-11 13:30:00,180.99,185.15,188.36,184.83,2.08,365.0,871,,,,92.06,0.0,"Morningstar, Inc.",S&P MidCap 400,US,0.2188
230,CUZ,27.64,29.49,26.39,4.7,37.2,triple_bottom_setup,2025-08-05 13:30:00,2025-10-13 13:30:00,2026-09-09 13:30:00,26.17,26.08,27.66,26.64,3.84,32.95,275,,,,19.21,0.0,Cousins Properties,S&P MidCap 400,US,0.21869232804232808
231,AZN.L,12428.0,12184.44,13580.07,-8.5,54.3,triple_bottom_setup,2022-05-12 07:00:00,2022-08-11 07:00:00,2026-07-15 07:00:00,9764.0,10430.2,9892.0,10028.73,4.0,15732.0,1053,,,,26.59,0.0,AstraZeneca,STOXX 600,Europe,0.21841666666666668
232,LMP.L,180.1,188.28,191.35,-5.9,43.4,triple_bottom_setup,2025-09-03 07:00:00,2026-07-08 07:00:00,2026-09-15 07:00:00,175.34,184.0,175.1,178.14,3.29,216.2,261,,,,20.04,0.0,LondonMetric Property,STOXX 600,Europe,0.21817380952380955
233,PGR,207.31,214.17,208.43,-0.5,42.1,triple_bottom_setup,2024-04-11 13:30:00,2024-06-12 13:30:00,2026-07-16 13:30:00,202.09,201.34,203.08,202.17,0.45,292.99,566,,,,41.33,0.0,Progressive Corporation,S&P 500,US,0.21811772486772485
234,OPCH,22.49,23.47,26.61,-15.5,36.8,triple_bottom_setup,2022-01-24 14:30:00,2024-11-19 14:30:00,2026-07-23 13:30:00,21.32,21.39,20.68,21.13,2.13,36.8,1127,,,,63.63,0.0,Option Care Health,S&P MidCap 400,US,0.21805000000000002
235,MP,47.29,50.96,56.8,-16.7,41.3,triple_bottom_setup,2021-12-06 14:30:00,2022-03-04 14:30:00,2026-07-29 13:30:00,38.95,37.64,37.81,38.13,2.14,100.25,1164,,,,111.99,0.0,MP Materials,S&P MidCap 400,US,0.2179
236,BSY,31.95,34.11,34.5,-7.4,44.9,triple_bottom_setup,2022-06-16 13:30:00,2022-09-23 13:30:00,2026-07-22 13:30:00,30.33,30.51,29.44,30.1,2.17,59.25,1026,,,,85.45,0.0,Bentley Systems,S&P MidCap 400,US,0.21745
237,DUK,114.01,121.08,122.35,-6.8,30.5,triple_bottom_setup,2025-06-17 13:30:00,2025-09-18 13:30:00,2026-07-15 13:30:00,113.66,119.69,124.1,119.15,4.61,134.49,269,,,,17.96,0.0,Duke Energy,S&P 500,US,0.21676534391534388
238,HLN.L,337.1,356.3,361.74,-6.8,37.1,triple_bottom_setup,2025-07-31 07:00:00,2025-10-30 08:00:00,2026-08-18 07:00:00,346.1,339.4,348.8,344.77,1.56,416.1,265,,,,23.44,0.0,Haleon,STOXX 600,Europe,0.21631957671957672
239,CPAY,388.6,400.48,345.95,12.3,38.6,triple_bottom_breakout,2025-06-23 13:30:00,2026-01-02 14:30:00,2026-06-26 13:30:00,313.97,298.0,321.19,311.05,4.2,367.43,254,2026-07-16 13:30:00,53.0,5.76,,0.76,Corpay,S&P 500,US,0.216026455026455
240,NG.L,1123.0,1171.4,1233.59,-9.0,39.1,triple_bottom_setup,2022-04-22 07:00:00,2026-06-19 07:00:00,2026-09-15 07:00:00,1149.5,1174.5,1096.5,1140.17,3.83,1428.5,1109,,,,27.2,0.0,National Grid plc,STOXX 600,Europe,0.21588333333333334
241,SIKA.SW,184.0,185.6,158.27,16.3,48.0,triple_bottom_setup,2025-04-07 07:00:00,2025-09-25 07:00:00,2026-09-15 07:00:00,178.1,170.25,175.75,174.7,2.55,226.8,359,,,,23.26,0.0,Sika AG,STOXX 600,Europe,0.21540343915343915
242,ELS,58.33,62.74,62.55,-6.8,27.6,triple_bottom_setup,2025-07-30 13:30:00,2026-06-02 13:30:00,2026-08-12 13:30:00,58.15,60.61,63.48,60.75,4.5,69.0,260,,,,18.29,0.0,Equity Lifestyle Properties,S&P MidCap 400,US,0.2144748677248677
243,EFX,137.24,174.22,182.33,-24.7,19.5,triple_bottom_setup,2023-10-30 13:30:00,2026-05-15 13:30:00,2026-07-21 13:30:00,159.95,156.47,155.0,157.14,1.79,309.63,681,,,,125.61,0.0,Equifax,S&P 500,US,0.21322936507936507
244,HUBB,453.6,472.11,485.02,-6.5,44.6,triple_bottom_setup,2024-11-01 13:30:00,2025-08-07 13:30:00,2026-09-14 13:30:00,419.49,415.57,435.71,423.59,2.86,565.5,465,,,,24.67,0.0,Hubbell Incorporated,S&P 500,US,0.21302460317460314
245,PNR,52.99,61.39,81.11,-34.7,25.1,triple_bottom_setup,2023-06-01 13:30:00,2023-10-25 13:30:00,2026-07-15 13:30:00,55.26,57.18,57.6,56.68,2.51,113.95,781,,,,115.04,0.0,Pentair,S&P 500,US,0.21234999999999998
246,NOVT,142.19,147.09,140.1,1.5,48.4,triple_bottom_setup,2025-01-13 14:30:00,2026-02-05 14:30:00,2026-07-29 13:30:00,143.18,132.51,135.9,137.2,4.36,171.85,386,,,,20.86,0.0,Novanta,S&P MidCap 400,US,0.21182486772486772
247,TREX,43.56,45.46,42.01,3.7,44.8,triple_bottom_setup,2022-12-22 14:30:00,2026-01-30 14:30:00,2026-09-16 13:30:00,40.69,40.56,42.25,41.17,2.63,101.91,934,,,,133.95,0.0,Trex,S&P MidCap 400,US,0.21055000000000001
248,LUV,41.64,42.26,43.15,-3.5,52.6,triple_bottom_setup,2021-12-20 14:30:00,2022-03-07 14:30:00,2026-09-01 13:30:00,38.66,36.75,37.58,37.66,2.65,55.11,1178,,,,32.35,0.0,Southwest Airlines,S&P 500,US,0.21025
249,CHH,102.41,104.89,105.75,-3.2,51.1,triple_bottom_setup,2022-07-13 13:30:00,2022-09-26 13:30:00,2026-07-14 13:30:00,108.7,104.15,104.76,105.87,2.67,157.86,1003,,,,54.15,0.0,Choice Hotels,S&P MidCap 400,US,0.20995
250,OTIS,64.32,70.52,77.56,-17.1,31.5,triple_bottom_setup,2022-02-24 14:30:00,2022-05-19 13:30:00,2026-07-23 13:30:00,73.1,71.21,69.26,71.19,2.71,106.83,1105,,,,66.09,0.0,Otis Worldwide,S&P 500,US,0.20934999999999998
251,ERIE,219.15,245.07,247.94,-11.6,31.5,triple_bottom_setup,2023-07-13 13:30:00,2026-05-04 13:30:00,2026-07-15 13:30:00,199.49,210.07,205.64,205.07,2.72,547.0,753,,,,149.6,0.0,Erie Indemnity,S&P 500,US,0.2088031746031746
252,MCO,454.13,482.09,469.99,-3.4,35.7,triple_bottom_setup,2025-01-10 14:30:00,2026-05-15 13:30:00,2026-07-24 13:30:00,449.45,426.21,468.37,448.01,4.87,546.88,384,,,,20.42,0.0,Moody's Corporation,S&P 500,US,0.2075769841269841
253,SBUX,93.96,102.45,97.78,-3.9,30.9,triple_bottom_setup,2023-12-05 14:30:00,2026-04-28 13:30:00,2026-08-20 13:30:00,94.85,96.45,102.97,98.09,4.98,117.46,678,,,,25.01,0.0,Starbucks,S&P 500,US,0.20656587301587304
254,GEBN.SW,545.6,551.26,553.91,-1.5,47.0,triple_bottom_setup,2025-04-07 07:00:00,2026-06-11 07:00:00,2026-08-18 07:00:00,495.6,490.9,525.6,504.03,4.28,659.8,339,,,,20.93,0.0,Geberit AG,STOXX 600,Europe,0.20622460317460317
255,HIG,122.36,136.58,134.95,-9.3,25.2,triple_bottom_setup,2025-06-11 13:30:00,2025-09-10 13:30:00,2026-08-21 13:30:00,123.79,129.48,136.0,129.76,4.81,146.07,300,,,,19.38,0.0,Hartford (The),S&P 500,US,0.20603253968253968
256,GME,24.65,20.4,22.24,10.9,70.0,triple_bottom_setup,2023-05-02 13:30:00,2024-08-05 13:30:00,2026-08-20 13:30:00,18.06,18.73,17.79,18.19,2.95,64.83,828,,,,163.0,0.0,GameStop,S&P MidCap 400,US,0.20575
257,CHWY,18.2,22.04,24.64,-26.1,28.5,triple_bottom_setup,2022-05-24 13:30:00,2026-02-17 14:30:00,2026-08-13 13:30:00,22.22,23.06,21.92,22.4,2.95,52.88,1058,,,,190.55,0.0,Chewy,S&P MidCap 400,US,0.20575
258,LEN,81.59,83.77,93.91,-13.1,48.7,triple_bottom_setup,2022-02-24 14:30:00,2026-05-19 13:30:00,2026-07-23 13:30:00,76.98,81.18,79.83,79.33,2.96,187.61,1105,,,,129.94,0.0,Lennar,S&P 500,US,0.2056
259,HON,210.94,222.32,228.82,-7.8,46.9,triple_bottom_setup,2024-07-09 13:30:00,2026-06-10 13:30:00,2026-09-14 13:30:00,208.13,215.54,196.98,206.89,4.79,260.28,547,,,,23.39,0.0,Honeywell Technologies,S&P 500,US,0.20558783068783065
260,GGG,76.84,79.24,81.5,-5.7,44.4,triple_bottom_setup,2025-04-07 13:30:00,2026-07-09 13:30:00,2026-09-10 13:30:00,72.06,72.51,75.04,73.2,2.51,95.69,358,,,,24.53,0.0,Graco Inc.,S&P MidCap 400,US,0.20528783068783069
261,WTW,288.23,322.34,297.05,-3.0,27.3,triple_bottom_setup,2024-11-21 14:30:00,2025-02-04 14:30:00,2026-08-17 13:30:00,307.14,303.15,325.66,311.98,4.38,352.79,432,,,,22.4,0.0,Willis Towers Watson,S&P 500,US,0.20477619047619047
262,XYL,101.27,112.57,120.56,-16.0,29.1,triple_bottom_setup,2021-12-20 14:30:00,2022-11-30 14:30:00,2026-07-31 13:30:00,112.64,108.63,114.82,112.03,3.03,154.27,1156,,,,52.34,0.0,Xylem Inc.,S&P 500,US,0.20455
263,NNN,41.09,45.08,43.4,-5.3,19.8,triple_bottom_setup,2024-11-06 14:30:00,2026-06-01 13:30:00,2026-08-12 13:30:00,41.09,43.21,45.29,43.2,4.88,50.0,440,,,,21.68,0.0,NNN Reit,S&P MidCap 400,US,0.20433439153439154
264,MMS,53.19,57.4,67.47,-21.2,37.4,triple_bottom_setup,2022-06-14 13:30:00,2022-10-13 13:30:00,2026-08-12 13:30:00,56.5,54.46,53.43,54.8,3.11,100.0,1043,,,,88.01,0.0,Maximus Inc.,S&P MidCap 400,US,0.20335000000000003
265,OLLI,85.65,75.92,89.65,-4.5,65.7,triple_bottom_setup,2022-07-28 13:30:00,2023-06-30 13:30:00,2026-07-09 13:30:00,57.76,57.31,60.29,58.45,3.14,141.74,989,,,,65.49,0.0,Ollie's Bargain Outlet,S&P MidCap 400,US,0.2029
266,ASH,67.92,71.38,61.83,9.8,35.8,triple_bottom_setup,2023-11-02 13:30:00,2025-01-13 14:30:00,2026-09-11 13:30:00,70.82,68.15,67.75,68.91,2.78,102.5,715,,,,50.91,0.0,Ashland Global,S&P MidCap 400,US,0.2028767195767196
267,ALB,105.78,123.02,154.74,-31.6,34.1,triple_bottom_setup,2024-02-05 14:30:00,2024-04-22 13:30:00,2026-07-28 13:30:00,108.39,108.3,111.55,109.41,1.95,221.0,620,,,,108.92,0.0,Albemarle Corporation,S&P 500,US,0.202760582010582
268,LII,355.02,407.64,484.68,-26.8,32.4,triple_bottom_setup,2023-11-30 14:30:00,2024-02-05 14:30:00,2026-07-30 13:30:00,397.34,412.09,411.41,406.95,2.36,689.44,666,,,,94.2,0.0,Lennox International,S&P 500,US,0.2026952380952381
269,INGR,95.81,101.68,106.38,-9.9,31.0,triple_bottom_setup,2021-12-01 14:30:00,2023-01-05 14:30:00,2026-07-31 13:30:00,92.96,96.33,98.72,96.0,3.17,155.44,1169,,,,62.24,0.0,Ingredion,S&P MidCap 400,US,0.20245000000000002
270,REXR,36.27,36.98,35.78,1.4,40.5,triple_bottom_setup,2025-07-17 13:30:00,2026-05-15 13:30:00,2026-09-02 13:30:00,35.12,34.53,36.56,35.4,3.27,44.38,284,,,,22.36,0.0,Rexford Industrial Realty,S&P MidCap 400,US,0.20218280423280427
271,AGCO,114.23,113.69,115.86,-1.4,43.8,triple_bottom_setup,2024-07-09 13:30:00,2025-02-13 14:30:00,2026-08-19 13:30:00,92.75,93.74,98.22,94.9,3.49,143.78,530,,,,25.87,0.0,AGCO,S&P MidCap 400,US,0.20217248677248678
272,OMC,73.63,81.31,76.87,-4.2,33.2,triple_bottom_setup,2025-02-12 14:30:00,2026-04-29 13:30:00,2026-07-30 13:30:00,80.31,73.29,76.46,76.69,4.72,89.27,366,,,,21.24,0.0,Omnicom Group,S&P 500,US,0.2006126984126984
273,WM,203.92,220.46,223.2,-8.6,27.1,triple_bottom_setup,2025-07-02 13:30:00,2026-06-02 13:30:00,2026-08-04 13:30:00,222.15,210.12,222.16,218.14,3.68,248.13,273,,,,21.68,0.0,Waste Management,S&P 500,US,0.20024444444444445
274,PPC,27.01,29.22,33.71,-19.9,33.4,triple_bottom_setup,2021-11-11 14:30:00,2022-01-25 14:30:00,2026-08-11 13:30:00,27.65,26.84,25.9,26.8,3.35,57.16,1189,,,,111.63,0.0,Pilgrim's Pride,S&P MidCap 400,US,0.19975
275,ORA,91.49,101.75,113.93,-19.7,37.5,triple_bottom_setup,2022-09-06 13:30:00,2022-11-30 14:30:00,2026-07-29 13:30:00,90.88,87.44,93.09,90.47,3.35,146.39,976,,,,60.01,0.0,Ormat Technologies,S&P MidCap 400,US,0.19975
276,AMCR,41.86,44.61,41.73,0.3,38.9,triple_bottom_setup,2025-04-09 13:30:00,2025-06-23 13:30:00,2026-08-17 13:30:00,41.85,44.55,44.81,43.74,4.31,50.94,339,,,,21.69,0.0,Amcor,S&P 500,US,0.19944126984126984
277,ABT,98.83,106.98,103.42,-4.4,29.9,triple_bottom_setup,2022-10-21 13:30:00,2023-10-12 13:30:00,2026-07-15 13:30:00,93.25,89.67,87.64,90.19,3.4,141.23,933,,,,42.9,0.0,Abbott Laboratories,S&P 500,US,0.199
278,SLGN,34.75,40.56,41.39,-16.0,24.7,triple_bottom_setup,2021-10-27 13:30:00,2022-01-24 14:30:00,2026-07-31 13:30:00,38.18,40.57,39.83,39.53,3.41,58.14,1193,,,,67.31,0.0,Silgan Holdings,S&P MidCap 400,US,0.19885000000000003
279,HOLN.SW,66.62,70.98,71.93,-7.4,37.5,triple_bottom_setup,2024-08-05 07:00:00,2026-06-10 07:00:00,2026-08-18 07:00:00,70.0,70.66,69.04,69.9,1.23,101.95,508,,,,53.03,0.0,Holcim Limited,STOXX 600,Europe,0.1987457671957672
280,VAL,78.52,82.98,81.98,-4.2,39.3,triple_bottom_setup,2023-02-02 14:30:00,2023-08-08 13:30:00,2026-07-29 13:30:00,68.82,69.52,72.79,70.38,3.43,114.12,873,,,,45.34,0.0,Valaris,S&P MidCap 400,US,0.19855
281,AYI,309.81,331.37,314.48,-1.5,44.2,triple_bottom_setup,2025-02-03 14:30:00,2026-01-29 14:30:00,2026-07-21 13:30:00,302.7,306.57,323.51,310.93,4.05,380.17,366,,,,22.71,0.0,Acuity Brands,S&P MidCap 400,US,0.1984126984126984
282,SPGI,394.47,418.17,423.3,-6.8,36.3,triple_bottom_setup,2021-11-12 14:30:00,2024-01-05 14:30:00,2026-08-06 13:30:00,424.6,402.81,403.45,410.29,3.49,547.82,1185,,,,38.88,0.0,S&P Global,S&P 500,US,0.19765
283,CDNS,330.19,317.9,325.39,1.5,62.6,triple_bottom_setup,2024-03-15 13:30:00,2024-07-01 13:30:00,2026-07-17 13:30:00,298.11,304.12,320.07,307.43,4.11,416.69,585,,,,26.2,0.0,Cadence Design Systems,S&P 500,US,0.19739761904761904
284,KVUE,17.66,18.46,17.53,0.8,40.5,triple_bottom_setup,2023-10-30 13:30:00,2024-03-04 14:30:00,2026-07-15 13:30:00,17.82,18.61,18.58,18.34,2.82,25.17,677,,,,42.53,0.0,Kenvue,S&P 500,US,0.19725026455026454
285,AES,14.9,14.76,14.43,3.3,69.3,triple_bottom_setup,2024-03-18 13:30:00,2026-05-07 13:30:00,2026-07-31 13:30:00,14.74,14.24,14.65,14.54,2.09,22.21,594,,,,49.06,0.0,AES Corporation,S&P 500,US,0.19722142857142858
286,HGV,34.66,42.64,45.72,-24.2,24.4,triple_bottom_setup,2021-12-01 14:30:00,2022-03-08 14:30:00,2026-08-10 13:30:00,45.16,43.22,42.49,43.62,3.52,55.4,1175,,,,59.84,0.0,Hilton Grand Vacations,S&P MidCap 400,US,0.1972
287,XYZ,73.53,79.77,70.04,5.0,37.6,triple_bottom_setup,2022-02-24 14:30:00,2025-01-13 14:30:00,2026-08-12 13:30:00,82.72,80.2,77.23,80.05,3.52,149.0,1119,,,,102.64,0.0,"Block, Inc.",S&P 500,US,0.1972
288,MDT,86.29,89.07,87.24,-1.1,37.6,triple_bottom_setup,2025-08-19 13:30:00,2026-03-31 13:30:00,2026-08-28 13:30:00,87.5,84.92,89.94,87.45,2.9,106.33,258,,,,23.22,0.0,Medtronic,S&P 500,US,0.19712698412698415
289,ROP,349.41,390.36,368.95,-5.3,25.6,triple_bottom_setup,2022-10-13 13:30:00,2026-03-25 13:30:00,2026-07-22 13:30:00,356.22,340.41,335.5,344.04,3.54,595.17,944,,,,70.34,0.0,Roper Technologies,S&P 500,US,0.19690000000000002
290,GPC,125.74,131.1,118.07,6.5,37.6,triple_bottom_setup,2025-07-16 13:30:00,2026-01-08 14:30:00,2026-08-20 13:30:00,120.38,121.4,129.4,123.73,4.59,151.57,276,,,,20.54,0.0,Genuine Parts Company,S&P 500,US,0.19649126984126986
291,WFC,80.05,86.29,84.16,-4.9,31.7,triple_bottom_setup,2025-07-15 13:30:00,2025-11-21 14:30:00,2026-08-21 13:30:00,77.72,81.05,83.48,80.75,3.75,97.76,278,,,,22.12,0.0,Wells Fargo,S&P 500,US,0.19618915343915344
292,HQY,88.46,98.49,88.76,-0.3,33.3,triple_bottom_setup,2025-07-11 13:30:00,2025-10-06 13:30:00,2026-08-27 13:30:00,93.65,87.58,88.68,89.97,4.09,107.62,284,,,,21.66,0.0,HealthEquity,S&P MidCap 400,US,0.1957161375661376
293,PATH,12.84,14.48,12.71,1.0,40.0,triple_bottom_setup,2024-08-05 13:30:00,2025-08-12 13:30:00,2026-07-23 13:30:00,10.37,10.35,10.16,10.29,1.3,19.84,492,,,,54.52,0.0,UiPath,S&P MidCap 400,US,0.19557936507936508
294,BMRN,60.0,64.02,58.62,2.4,34.3,triple_bottom_setup,2024-11-19 14:30:00,2025-07-21 13:30:00,2026-07-23 13:30:00,61.15,56.48,57.42,58.35,4.8,73.51,417,,,,22.52,0.0,BioMarin Pharmaceutical,S&P MidCap 400,US,0.19549206349206347
295,DPZ,299.61,330.46,351.05,-14.7,40.1,triple_bottom_setup,2023-11-01 13:30:00,2026-03-30 13:30:00,2026-08-20 13:30:00,332.13,346.31,328.72,335.72,3.15,542.75,701,,,,81.15,0.0,Domino's,S&P 500,US,0.19547486772486772
296,RLI,55.31,61.8,57.33,-3.5,26.5,triple_bottom_setup,2022-04-13 13:30:00,2022-06-22 13:30:00,2026-07-23 13:30:00,53.38,53.79,56.61,54.59,3.69,91.14,1071,,,,64.79,0.0,RLI Corp.,S&P MidCap 400,US,0.19465
297,AVAV,142.22,158.66,202.21,-29.7,38.6,triple_bottom_setup,2024-04-16 13:30:00,2026-07-15 13:30:00,2026-09-11 13:30:00,143.65,139.1,138.31,140.35,2.35,417.86,603,,,,193.81,0.0,AeroVironment,S&P MidCap 400,US,0.19451190476190477
298,BHF,49.9,55.5,60.98,-18.2,36.8,triple_bottom_setup,2022-01-24 14:30:00,2022-04-07 13:30:00,2026-08-24 13:30:00,49.16,48.4,51.55,49.7,3.72,66.8,1149,,,,33.87,0.0,Brighthouse Financial,S&P MidCap 400,US,0.19419999999999998
299,CNM,41.48,43.74,49.35,-15.9,41.1,triple_bottom_setup,2024-01-26 14:30:00,2024-10-04 13:30:00,2026-07-29 13:30:00,40.13,41.6,41.88,41.2,2.6,67.18,627,,,,61.96,0.0,Core & Main,S&P MidCap 400,US,0.19393650793650796
300,VNT,31.4,32.38,34.2,-8.2,46.2,triple_bottom_setup,2023-10-25 13:30:00,2025-04-07 13:30:00,2026-07-08 13:30:00,28.84,27.22,28.15,28.07,3.03,48.2,675,,,,53.5,0.0,Vontier,S&P MidCap 400,US,0.1938357142857143
301,CAVA,54.1,61.75,72.28,-25.2,42.1,triple_bottom_setup,2024-04-22 13:30:00,2026-02-03 14:30:00,2026-08-11 13:30:00,58.22,58.25,60.15,58.87,2.17,172.43,577,,,,218.72,0.0,Cava Group,S&P MidCap 400,US,0.19377275132275135
302,LMT,509.25,555.53,556.62,-8.5,32.8,triple_bottom_setup,2022-11-15 14:30:00,2023-03-17 13:30:00,2026-07-21 13:30:00,458.05,463.29,487.15,469.5,3.76,692.0,920,,,,35.89,0.0,Lockheed Martin,S&P 500,US,0.1936
303,LDOS,121.83,129.71,146.96,-17.1,37.4,triple_bottom_setup,2022-05-20 13:30:00,2022-08-11 13:30:00,2026-07-21 13:30:00,98.88,97.59,103.9,100.12,3.77,205.77,1043,,,,68.9,0.0,Leidos,S&P 500,US,0.19345
304,BNZL.L,2618.0,2722.12,2409.14,8.7,43.1,triple_bottom_setup,2023-08-22 07:00:00,2023-10-24 07:00:00,2026-09-15 07:00:00,2680.0,2709.0,2544.0,2644.33,3.79,3732.0,775,,,,42.55,0.0,Bunzl,STOXX 600,Europe,0.19315
305,VRSK,167.85,184.8,189.57,-11.5,37.0,triple_bottom_setup,2022-02-24 14:30:00,2022-05-19 13:30:00,2026-08-17 13:30:00,175.0,164.96,174.44,171.47,3.79,322.92,1122,,,,92.39,0.0,Verisk Analytics,S&P 500,US,0.19315
306,KRC,33.27,35.89,33.79,-1.5,31.6,triple_bottom_setup,2022-10-13 13:30:00,2023-01-05 14:30:00,2026-07-28 13:30:00,38.91,37.15,36.4,37.49,3.8,45.03,948,,,,35.35,0.0,Kilroy Realty Corp,S&P MidCap 400,US,0.193
307,RIO.L,7072.0,7309.17,7085.11,-0.2,37.6,triple_bottom_setup,2022-01-31 08:00:00,2023-12-05 08:00:00,2026-07-07 07:00:00,5178.0,5369.0,5629.0,5392.0,4.4,9117.0,1116,,,,28.92,0.0,Rio Tinto,STOXX 600,Europe,0.19299999999999998
308,CAR,106.67,134.82,156.26,-31.7,30.4,triple_bottom_setup,2022-09-23 13:30:00,2026-05-14 13:30:00,2026-08-04 13:30:00,131.83,140.44,133.56,135.28,3.82,847.7,967,,,,694.69,0.0,Avis Budget Group,S&P MidCap 400,US,0.19269999999999998
309,PTC,140.3,140.98,145.41,-3.5,51.3,triple_bottom_setup,2021-11-30 14:30:00,2022-01-27 14:30:00,2026-07-22 13:30:00,105.49,106.0,111.93,107.81,3.82,219.69,1163,,,,56.59,0.0,PTC Inc.,S&P 500,US,0.19269999999999998
310,CNP,36.8,39.84,41.01,-10.3,29.9,triple_bottom_setup,2025-05-14 13:30:00,2025-09-04 13:30:00,2026-08-24 13:30:00,36.0,36.6,38.45,37.02,3.87,45.26,320,,,,22.99,0.0,CenterPoint Energy,S&P 500,US,0.19269470899470897
311,APPF,200.52,204.84,185.98,7.8,42.8,triple_bottom_setup,2023-08-16 13:30:00,2024-01-05 14:30:00,2026-07-24 13:30:00,164.49,164.29,155.55,161.44,3.65,326.04,736,,,,62.6,0.0,AppFolio,S&P MidCap 400,US,0.19260449735449736
312,ST,41.56,43.68,40.92,1.6,44.6,triple_bottom_setup,2023-03-15 13:30:00,2023-06-23 13:30:00,2026-07-17 13:30:00,45.4,42.75,42.8,43.65,4.01,53.89,837,,,,29.67,0.0,Sensata Technologies,S&P MidCap 400,US,0.1926
313,LOGN.SW,84.42,81.5,78.11,8.1,56.0,triple_bottom_setup,2025-08-04 07:00:00,2026-04-13 07:00:00,2026-08-20 07:00:00,72.3,70.32,75.74,72.79,4.06,102.8,262,,,,21.77,0.0,Logitech International SA,STOXX 600,Europe,0.192339417989418
314,CHE,505.07,523.05,453.43,11.4,44.0,triple_bottom_setup,2024-11-04 14:30:00,2025-05-14 13:30:00,2026-08-27 13:30:00,523.33,550.47,501.84,525.21,4.81,623.61,453,,,,23.47,0.0,Chemed Corp.,S&P MidCap 400,US,0.1921873015873016
315,HIMS,29.79,29.42,27.62,7.9,53.0,triple_bottom_setup,2025-01-10 14:30:00,2025-04-04 13:30:00,2026-07-30 13:30:00,24.07,23.97,24.24,24.09,0.61,72.98,388,,,,144.98,0.0,Hims & Hers Health,S&P MidCap 400,US,0.19217275132275133
316,T,24.4,24.91,24.78,-1.5,39.2,triple_bottom_setup,2025-07-23 13:30:00,2026-05-18 13:30:00,2026-09-09 13:30:00,25.85,23.85,24.8,24.83,4.09,29.79,284,,,,22.09,0.0,AT&T,S&P 500,US,0.19213280423280427
317,FICO,592.47,1050.52,1230.31,-51.8,15.7,triple_bottom_setup,2023-10-03 13:30:00,2026-04-22 13:30:00,2026-09-04 13:30:00,829.98,870.01,885.0,861.66,3.68,2402.52,733,,,,305.51,0.0,Fair Isaac,S&P 500,US,0.19175767195767196
318,REGN,758.27,781.19,734.63,3.2,40.5,triple_bottom_setup,2023-06-28 13:30:00,2026-04-29 13:30:00,2026-07-23 13:30:00,684.81,668.85,637.8,663.82,3.92,1211.2,769,,,,59.73,0.0,Regeneron Pharmaceuticals,S&P 500,US,0.19119999999999998
319,CGNX,60.65,61.94,55.36,9.6,50.1,triple_bottom_setup,2022-01-28 14:30:00,2026-06-10 13:30:00,2026-08-24 13:30:00,61.64,58.06,58.22,59.31,3.93,80.3,1145,,,,32.4,0.0,Cognex,S&P MidCap 400,US,0.19105
320,YUM,136.34,146.59,152.83,-10.8,37.4,triple_bottom_setup,2025-08-06 13:30:00,2026-06-01 13:30:00,2026-08-11 13:30:00,139.06,145.44,143.0,142.5,2.41,170.14,254,,,,24.79,0.0,Yum! Brands,S&P 500,US,0.19086455026455026
321,BAH,69.42,74.16,77.02,-9.9,34.6,triple_bottom_setup,2022-01-28 14:30:00,2022-05-20 13:30:00,2026-09-09 13:30:00,73.32,76.6,71.14,73.69,3.95,190.59,1156,,,,174.55,0.0,Booz Allen Hamilton,S&P MidCap 400,US,0.19075
322,SNPS,434.94,403.02,444.54,-2.2,61.8,triple_bottom_setup,2025-09-10 13:30:00,2025-11-18 14:30:00,2026-09-15 13:30:00,380.84,376.18,362.55,373.19,2.85,539.48,254,,,,24.04,0.0,Synopsys,S&P 500,US,0.19051455026455025
323,PSH.L,3638.0,3814.86,4128.37,-11.9,38.4,triple_bottom_setup,2024-02-20 08:00:00,2024-04-19 07:00:00,2026-07-23 07:00:00,3810.0,3778.0,3642.0,3743.33,2.71,5095.0,612,,,,40.05,0.0,Pershing Square Holdings,STOXX 600,Europe,0.19030238095238095
324,WDAY,190.46,183.63,157.58,20.9,51.3,triple_bottom_setup,2022-06-23 13:30:00,2022-10-13 13:30:00,2026-07-23 13:30:00,134.53,135.63,127.11,132.42,4.01,311.28,1023,,,,63.44,0.0,"Workday, Inc.",S&P 500,US,0.18985000000000002
325,NXPI,237.53,233.29,243.61,-2.5,55.1,triple_bottom_setup,2021-11-26 14:30:00,2024-01-17 14:30:00,2026-08-03 13:30:00,210.25,201.58,218.24,210.02,4.02,339.95,1173,,,,43.12,0.0,NXP Semiconductors,S&P 500,US,0.18970000000000004
326,KD,11.26,12.87,15.04,-25.2,33.9,triple_bottom_setup,2023-05-19 13:30:00,2023-08-03 13:30:00,2026-08-20 13:30:00,11.35,11.92,12.23,11.83,4.04,44.2,815,,,,292.54,0.0,Kyndryl,S&P MidCap 400,US,0.1894
327,ALGM,36.35,38.98,40.16,-9.5,48.3,triple_bottom_setup,2023-03-13 13:30:00,2026-05-19 13:30:00,2026-07-30 13:30:00,41.3,39.57,38.15,39.67,4.1,71.77,848,,,,97.44,0.0,Allegro MicroSystems,S&P MidCap 400,US,0.1885
328,TOL,134.75,143.65,144.09,-6.5,41.8,triple_bottom_setup,2025-01-08 14:30:00,2026-05-19 13:30:00,2026-09-10 13:30:00,122.56,123.15,130.26,125.32,3.94,168.36,418,,,,24.94,0.0,Toll Brothers,S&P MidCap 400,US,0.18835767195767195
329,ISRG,406.63,377.63,448.76,-9.4,62.3,triple_bottom_setup,2021-12-03 14:30:00,2023-12-05 14:30:00,2026-07-23 13:30:00,313.69,304.5,328.57,315.59,4.11,616.0,1161,,,,51.49,0.0,Intuitive Surgical,S&P 500,US,0.18835000000000002
330,WING,105.37,115.16,177.1,-40.5,46.4,triple_bottom_setup,2022-08-30 13:30:00,2026-05-14 13:30:00,2026-08-11 13:30:00,108.34,116.35,110.44,111.71,4.15,433.86,989,,,,311.75,0.0,Wingstop,S&P MidCap 400,US,0.18775
331,AR,33.39,36.65,36.33,-8.1,33.4,triple_bottom_setup,2022-12-06 14:30:00,2024-12-18 14:30:00,2026-07-10 13:30:00,30.72,30.53,32.58,31.28,4.17,45.75,899,,,,37.02,0.0,Antero Resources,S&P MidCap 400,US,0.18745
332,APTV,43.02,48.21,63.66,-32.4,38.5,triple_bottom_setup,2024-12-19 14:30:00,2026-04-16 13:30:00,2026-07-08 13:30:00,55.75,56.56,56.51,56.27,0.93,88.93,385,,,,106.72,0.0,Aptiv,S&P 500,US,0.18697592592592593
333,EXE,84.09,93.12,97.69,-13.9,27.1,triple_bottom_setup,2022-05-02 13:30:00,2022-08-05 13:30:00,2026-07-10 13:30:00,80.44,86.5,84.99,83.98,4.21,126.62,1050,,,,50.58,0.0,Expand Energy,S&P 500,US,0.18685000000000002
334,KNSL,322.75,363.72,355.34,-9.2,26.6,triple_bottom_setup,2023-10-30 13:30:00,2026-02-13 14:30:00,2026-07-15 13:30:00,328.01,341.06,319.16,329.41,3.54,548.47,677,,,,69.94,0.0,Kinsale Capital Group,S&P MidCap 400,US,0.18645026455026453
335,PHM,116.06,125.17,124.27,-6.6,39.2,triple_bottom_setup,2025-01-08 14:30:00,2026-05-19 13:30:00,2026-09-10 13:30:00,106.81,108.49,114.78,110.03,4.32,144.5,418,,,,24.5,0.0,PulteGroup,S&P 500,US,0.18632433862433861
336,CVS,85.69,95.76,86.85,-1.3,33.0,triple_bottom_setup,2023-02-07 14:30:00,2026-06-02 13:30:00,2026-08-21 13:30:00,84.6,89.42,92.35,88.79,4.72,110.68,887,,,,29.16,0.0,CVS Health,S&P 500,US,0.18620000000000003
337,DUOL,142.4,141.45,127.84,11.4,48.2,triple_bottom_setup,2023-05-04 13:30:00,2023-08-18 13:30:00,2026-08-06 13:30:00,116.82,121.89,112.02,116.91,4.26,544.93,816,,,,282.68,0.0,Duolingo,S&P MidCap 400,US,0.18610000000000002
338,ADSK,209.0,233.12,239.81,-12.8,39.2,triple_bottom_setup,2022-11-04 13:30:00,2023-07-06 13:30:00,2026-09-09 13:30:00,189.69,197.52,206.33,197.85,4.29,329.09,962,,,,57.46,0.0,Autodesk,S&P 500,US,0.18564999999999998
339,LPX,64.55,70.62,76.36,-15.5,37.8,triple_bottom_setup,2021-11-30 14:30:00,2024-01-05 14:30:00,2026-07-21 13:30:00,64.43,65.82,69.42,66.56,4.3,122.87,1162,,,,90.35,0.0,Louisiana-Pacific,S&P MidCap 400,US,0.1855
340,TYL,318.6,334.52,346.73,-8.1,37.9,triple_bottom_setup,2022-06-16 13:30:00,2022-11-07 14:30:00,2026-07-22 13:30:00,300.85,281.11,282.82,288.26,4.37,661.31,1026,,,,107.57,0.0,Tyler Technologies,S&P 500,US,0.18445
341,AA,42.0,47.71,57.86,-27.4,30.4,triple_bottom_setup,2022-12-22 14:30:00,2024-10-31 13:30:00,2026-07-29 13:30:00,41.82,39.44,42.48,41.25,4.37,84.38,900,,,,100.9,0.0,Alcoa,S&P MidCap 400,US,0.18445
342,WSO,302.69,319.38,368.23,-17.8,39.9,triple_bottom_setup,2021-12-20 14:30:00,2023-05-24 13:30:00,2026-08-25 13:30:00,295.0,315.18,295.75,301.98,4.37,571.42,1173,,,,88.78,0.0,Watsco,S&P MidCap 400,US,0.18445
343,F,12.06,13.83,13.28,-9.2,29.0,triple_bottom_setup,2022-04-07 13:30:00,2026-02-11 14:30:00,2026-08-06 13:30:00,14.56,13.52,13.75,13.94,4.42,17.78,1085,,,,47.43,0.0,Ford Motor Company,S&P 500,US,0.18370000000000003
344,ULTA,546.17,532.16,556.23,-1.8,52.5,triple_bottom_setup,2023-03-17 13:30:00,2024-01-05 14:30:00,2026-08-17 13:30:00,501.04,464.81,493.11,486.32,4.42,714.97,856,,,,30.91,0.0,Ulta Beauty,S&P 500,US,0.18370000000000003
345,NFLX,69.58,75.61,84.34,-17.5,35.7,triple_bottom_setup,2021-10-20 13:30:00,2024-03-28 13:30:00,2026-07-17 13:30:00,61.72,60.16,65.08,62.32,4.43,134.12,1188,,,,92.75,0.0,Netflix,S&P 500,US,0.18355
346,PCTY,142.57,145.48,125.11,14.0,43.9,triple_bottom_setup,2023-11-06 14:30:00,2024-01-22 14:30:00,2026-09-09 13:30:00,139.4,148.54,140.39,142.77,4.04,223.8,711,,,,56.98,0.0,Paylocity,S&P MidCap 400,US,0.18344761904761903
347,ORCL,137.3,142.9,162.66,-15.6,42.7,triple_bottom_setup,2023-07-11 13:30:00,2024-02-21 14:30:00,2026-07-28 13:30:00,113.43,106.51,114.5,111.48,4.46,345.72,764,,,,151.8,0.0,Oracle Corporation,S&P 500,US,0.1831
348,PSN,40.97,47.47,56.03,-26.9,30.7,triple_bottom_setup,2022-07-14 13:30:00,2022-09-23 13:30:00,2026-07-29 13:30:00,38.98,38.67,36.26,37.97,4.5,114.68,1013,,,,179.91,0.0,Parsons Corporation,S&P MidCap 400,US,0.1825
349,WTB.L,2391.0,2422.14,2466.91,-3.1,54.4,triple_bottom_setup,2025-04-07 07:00:00,2026-07-14 07:00:00,2026-09-09 07:00:00,2253.0,2255.0,2289.0,2265.67,1.03,3302.0,359,,,,38.1,0.0,Whitbread,STOXX 600,Europe,0.1820367724867725
350,MRSH,170.73,184.05,176.06,-3.0,35.0,triple_bottom_setup,2021-12-01 14:30:00,2022-12-19 14:30:00,2026-07-23 13:30:00,163.63,162.59,174.59,166.94,4.58,248.0,1163,,,,45.26,0.0,Marsh McLennan,S&P 500,US,0.18130000000000002
351,COIN,186.41,171.94,186.14,0.1,51.7,triple_bottom_setup,2022-02-24 14:30:00,2026-06-05 13:30:00,2026-09-16 13:30:00,155.92,147.88,161.18,154.99,4.59,444.65,1143,,,,138.53,0.0,Coinbase,S&P 500,US,0.18115
352,STWD,13.5,15.28,16.08,-16.1,21.1,triple_bottom_setup,2023-05-04 13:30:00,2026-04-02 13:30:00,2026-08-06 13:30:00,16.06,16.9,15.51,16.16,4.6,22.29,816,,,,65.11,0.0,Starwood Property Trust,S&P MidCap 400,US,0.181
353,CBT,76.91,83.22,78.12,-1.5,36.4,triple_bottom_setup,2025-04-08 13:30:00,2025-06-20 13:30:00,2026-08-04 13:30:00,73.63,72.71,78.58,74.97,4.81,94.53,331,,,,22.91,0.0,Cabot Corp,S&P MidCap 400,US,0.1807164021164021
354,SSD,170.88,184.29,184.19,-7.2,37.7,triple_bottom_setup,2024-09-11 13:30:00,2024-11-19 14:30:00,2026-07-21 13:30:00,166.91,176.51,182.87,175.43,4.86,213.49,464,,,,24.94,0.0,Simpson Manufacturing,S&P MidCap 400,US,0.18064232804232805
355,SON,48.82,54.27,51.14,-4.5,34.6,triple_bottom_setup,2025-09-04 13:30:00,2026-06-08 13:30:00,2026-09-11 13:30:00,44.81,46.77,47.59,46.39,3.41,60.67,256,,,,24.27,0.0,Sonoco,S&P MidCap 400,US,0.18046243386243388
356,UFPI,77.22,85.48,90.59,-14.8,35.2,triple_bottom_setup,2023-06-01 13:30:00,2026-03-20 13:30:00,2026-07-08 13:30:00,77.47,84.82,81.44,81.24,4.64,141.33,776,,,,83.02,0.0,UFP Industries,S&P MidCap 400,US,0.1804
357,WYNN,79.43,93.43,103.17,-23.0,27.3,triple_bottom_setup,2023-03-15 13:30:00,2023-07-06 13:30:00,2026-07-23 13:30:00,101.35,97.36,92.52,97.08,4.69,134.72,841,,,,69.61,0.0,Wynn Resorts,S&P 500,US,0.17964999999999998
358,CNH,12.85,12.01,11.03,16.5,48.9,triple_bottom_setup,2022-07-14 13:30:00,2026-06-01 13:30:00,2026-08-18 13:30:00,10.6,9.74,10.03,10.12,4.71,17.98,1027,,,,39.92,0.0,CNH Industrial,S&P MidCap 400,US,0.17935
359,BSX,43.65,46.89,62.23,-29.9,40.7,triple_bottom_setup,2021-12-20 14:30:00,2022-02-18 14:30:00,2026-07-15 13:30:00,39.27,42.19,42.2,41.22,4.73,109.5,1144,,,,150.86,0.0,Boston Scientific,S&P 500,US,0.17905
360,RMD,221.1,221.9,224.99,-1.7,45.1,triple_bottom_setup,2022-06-16 13:30:00,2022-10-13 13:30:00,2026-07-23 13:30:00,194.3,206.3,190.21,196.94,4.75,293.81,1027,,,,32.89,0.0,ResMed|,S&P 500,US,0.17875000000000002
361,CPG.L,29.45,31.14,30.53,-3.5,37.9,triple_bottom_setup,2024-10-08 07:00:00,2025-01-07 08:00:00,2026-07-23 07:00:00,31.2,32.3,29.71,31.07,4.38,37.07,452,,,,25.86,0.0,Compass Group,STOXX 600,Europe,0.1785883597883598
362,WFRD,78.68,88.53,92.75,-15.2,32.2,triple_bottom_setup,2024-09-26 13:30:00,2026-03-18 13:30:00,2026-08-26 13:30:00,83.06,83.53,86.24,84.27,2.33,113.15,479,,,,43.81,0.0,Weatherford International,S&P MidCap 400,US,0.17840978835978838
363,PODD,130.47,146.33,195.0,-33.1,32.9,triple_bottom_setup,2023-11-01 13:30:00,2026-06-22 13:30:00,2026-09-11 13:30:00,128.68,138.79,131.24,132.9,4.43,354.88,716,,,,172.0,0.0,Insulet Corporation,S&P 500,US,0.1782589947089947
364,CXT,47.1,50.09,46.96,0.3,43.7,triple_bottom_setup,2023-05-04 13:30:00,2023-10-23 13:30:00,2026-08-20 13:30:00,46.14,50.31,47.58,48.01,4.79,69.0,826,,,,46.5,0.0,Crane NXT,S&P MidCap 400,US,0.17815
365,TJX,132.31,141.69,152.03,-13.0,47.5,triple_bottom_setup,2024-09-06 13:30:00,2025-01-13 14:30:00,2026-09-16 13:30:00,115.41,117.89,122.78,118.69,3.44,170.0,507,,,,28.49,0.0,TJX Companies,S&P 500,US,0.1780468253968254
366,GDDY,95.51,96.32,93.69,1.9,47.6,triple_bottom_setup,2023-01-11 14:30:00,2026-04-09 13:30:00,2026-07-31 13:30:00,72.59,78.22,73.1,74.64,4.8,216.0,890,,,,126.15,0.0,GoDaddy,S&P 500,US,0.178
367,RBREW.CO,411.8,443.48,489.38,-15.9,37.9,triple_bottom_setup,2024-04-16 07:00:00,2026-06-02 07:00:00,2026-08-18 07:00:00,425.4,403.2,421.8,416.8,3.26,653.5,581,,,,58.69,0.0,Royal Unibrew,STOXX 600,Europe,0.17795185185185186
368,CPT,96.73,105.32,104.77,-7.7,27.9,triple_bottom_setup,2025-06-30 13:30:00,2026-02-05 14:30:00,2026-07-15 13:30:00,110.81,104.85,111.47,109.04,3.85,119.81,261,,,,23.86,0.0,Camden Property Trust,S&P 500,US,0.1779404761904762
369,FOUR,36.17,44.94,49.22,-26.5,32.6,triple_bottom_setup,2023-10-30 13:30:00,2026-05-12 13:30:00,2026-09-01 13:30:00,42.91,39.61,40.78,41.1,4.41,127.5,711,,,,252.5,0.0,Shift4,S&P MidCap 400,US,0.17789761904761903
370,AUTO.L,448.1,508.79,505.5,-11.4,29.6,triple_bottom_setup,2022-10-21 07:00:00,2026-03-27 08:00:00,2026-07-24 07:00:00,479.8,445.8,479.4,468.33,4.81,920.0,948,,,,105.31,0.0,Autotrader Group,STOXX 600,Europe,0.17785
371,CMG,31.95,34.68,34.91,-8.5,35.2,triple_bottom_setup,2023-03-02 14:30:00,2026-05-11 13:30:00,2026-08-11 13:30:00,29.4,31.63,31.64,30.89,4.82,69.26,863,,,,116.78,0.0,Chipotle Mexican Grill,S&P 500,US,0.17770000000000002
372,RRC,37.04,39.89,39.16,-5.4,34.5,triple_bottom_setup,2024-04-16 13:30:00,2024-07-01 13:30:00,2026-07-10 13:30:00,34.19,32.95,34.87,34.0,3.1,48.31,559,,,,30.43,0.0,Range Resources,S&P MidCap 400,US,0.17744179894179896
373,RYAN,37.0,41.52,40.02,-7.5,36.9,triple_bottom_setup,2022-12-15 14:30:00,2026-02-13 14:30:00,2026-08-11 13:30:00,39.25,37.29,41.03,39.19,4.85,77.16,914,,,,108.54,0.0,Ryan Specialty,S&P MidCap 400,US,0.17725000000000002
374,NOW,134.01,127.49,116.03,15.5,50.3,triple_bottom_setup,2022-06-16 13:30:00,2023-04-27 13:30:00,2026-07-23 13:30:00,84.83,85.54,91.53,87.3,4.85,239.62,1027,,,,78.81,0.0,ServiceNow,S&P 500,US,0.17725000000000002
375,G,32.53,34.85,36.31,-10.4,35.3,triple_bottom_setup,2023-05-11 13:30:00,2023-08-08 13:30:00,2026-08-12 13:30:00,35.75,35.31,33.0,34.69,4.86,56.76,815,,,,74.49,0.0,Genpact,S&P MidCap 400,US,0.1771
376,REL.L,2497.0,2579.45,2582.89,-3.3,45.9,triple_bottom_setup,2023-07-11 07:00:00,2026-07-01 07:00:00,2026-09-11 07:00:00,2432.0,2259.0,2434.0,2375.0,4.88,4205.0,803,,,,68.4,0.0,RELX,STOXX 600,Europe,0.1768
377,TEX,52.6,62.96,61.86,-15.0,27.0,triple_bottom_setup,2023-07-27 13:30:00,2026-01-30 14:30:00,2026-07-30 13:30:00,56.57,55.87,60.44,57.63,4.88,74.69,754,,,,42.0,0.0,Terex,S&P MidCap 400,US,0.1765354497354497
378,EQT,48.56,52.93,55.3,-12.2,29.6,triple_bottom_setup,2022-09-07 13:30:00,2025-01-27 14:30:00,2026-07-10 13:30:00,44.34,47.59,47.94,46.62,4.9,68.24,962,,,,40.53,0.0,EQT Corporation,S&P 500,US,0.1765
379,MAA,117.74,128.44,129.31,-8.9,25.9,triple_bottom_setup,2023-03-24 13:30:00,2023-05-25 13:30:00,2026-07-22 13:30:00,138.68,143.72,131.08,137.83,4.9,173.38,833,,,,47.26,0.0,Mid-America Apartment Communities,S&P 500,US,0.1765
380,BRO,60.9,68.78,67.87,-10.3,30.5,triple_bottom_setup,2023-10-23 13:30:00,2026-03-25 13:30:00,2026-08-17 13:30:00,66.73,63.29,68.71,66.24,4.46,125.68,705,,,,106.37,0.0,Brown & Brown,S&P 500,US,0.17635396825396826
381,CRUS,119.97,120.62,139.83,-14.2,52.1,triple_bottom_setup,2023-03-13 13:30:00,2024-11-20 14:30:00,2026-09-01 13:30:00,99.04,98.56,106.26,101.29,4.91,180.42,871,,,,50.39,0.0,Cirrus Logic,S&P MidCap 400,US,0.17635
382,NOC,483.48,538.69,594.7,-18.7,26.8,triple_bottom_setup,2022-05-20 13:30:00,2022-09-28 13:30:00,2026-07-21 13:30:00,437.52,464.28,479.02,460.27,4.94,774.0,1043,,,,60.09,0.0,Northrop Grumman,S&P 500,US,0.1759
383,LSTR,168.65,178.73,174.11,-3.1,41.1,triple_bottom_setup,2025-01-13 14:30:00,2026-05-14 13:30:00,2026-07-30 13:30:00,164.04,162.11,167.58,164.58,1.82,228.46,387,,,,35.46,0.0,Landstar System,S&P MidCap 400,US,0.1738904761904762
384,EEFT,62.87,71.23,71.75,-12.4,31.7,triple_bottom_setup,2023-10-13 13:30:00,2026-01-13 14:30:00,2026-09-01 13:30:00,73.84,71.83,67.72,71.13,4.79,117.66,722,,,,87.15,0.0,Euronet Worldwide,S&P MidCap 400,US,0.1736526455026455
385,NEE,75.74,83.24,86.35,-12.3,24.5,triple_bottom_setup,2024-10-09 13:30:00,2026-06-09 13:30:00,2026-08-31 13:30:00,79.66,83.38,80.75,81.26,2.6,98.75,473,,,,30.38,0.0,NextEra Energy,S&P 500,US,0.1735661375661376
386,ODFL,173.84,198.48,199.1,-12.7,33.4,triple_bottom_setup,2023-08-18 13:30:00,2024-01-17 14:30:00,2026-07-30 13:30:00,194.12,187.19,205.16,195.49,4.95,252.03,738,,,,44.98,0.0,Old Dominion,S&P 500,US,0.17336904761904762
387,VFC,14.06,14.2,17.04,-17.5,54.8,triple_bottom_setup,2023-11-01 13:30:00,2025-11-04 14:30:00,2026-09-10 13:30:00,12.85,13.58,12.46,12.96,4.76,29.02,715,,,,106.4,0.0,VF Corporation,S&P MidCap 400,US,0.1731767195767196
388,TDG,1082.6,1183.59,1249.44,-13.4,33.4,triple_bottom_setup,2024-03-11 13:30:00,2026-05-15 13:30:00,2026-09-16 13:30:00,1136.27,1143.4,1071.25,1116.97,4.09,1623.83,631,,,,49.99,0.0,TransDigm Group,S&P 500,US,0.17211560846560847
389,SAIA,333.74,359.87,388.66,-14.1,41.1,triple_bottom_setup,2024-05-02 13:30:00,2024-10-07 13:30:00,2026-07-08 13:30:00,387.99,414.68,401.53,401.4,3.34,624.55,545,,,,87.14,0.0,Saia,S&P MidCap 400,US,0.17198994708994708
390,BATS.L,4144.0,4266.78,4384.52,-5.5,45.7,triple_bottom_setup,2025-09-02 07:00:00,2025-12-09 08:00:00,2026-09-10 07:00:00,4033.0,4085.0,4002.0,4040.0,1.11,5368.0,259,,,,29.54,0.0,British American Tobacco,STOXX 600,Europe,0.1714425925925926
391,VNOM,39.89,43.08,42.71,-6.6,32.7,triple_bottom_setup,2025-03-10 13:30:00,2025-05-07 13:30:00,2026-08-07 13:30:00,39.38,38.88,40.75,39.67,2.72,51.13,355,,,,28.18,0.0,Viper Energy,S&P MidCap 400,US,0.1713243386243386
392,YETI,41.02,44.93,44.43,-7.7,43.1,triple_bottom_setup,2024-02-26 14:30:00,2024-07-10 13:30:00,2026-09-10 13:30:00,37.31,36.05,39.04,37.47,4.2,53.99,637,,,,31.62,0.0,Yeti Holdings,S&P MidCap 400,US,0.17125925925925925
393,CARR,54.86,60.03,61.31,-10.5,37.6,triple_bottom_setup,2025-03-04 14:30:00,2026-05-21 13:30:00,2026-07-30 13:30:00,60.17,61.12,59.07,60.12,1.75,81.09,353,,,,47.81,0.0,Carrier Global,S&P 500,US,0.17044312169312167
394,UBER,68.51,73.1,74.89,-8.5,37.4,triple_bottom_setup,2024-05-29 13:30:00,2024-09-11 13:30:00,2026-07-27 13:30:00,62.91,67.12,65.41,65.15,3.43,101.99,540,,,,48.87,0.0,Uber,S&P 500,US,0.16997857142857142
395,PEP,126.72,136.42,144.76,-12.5,26.5,triple_bottom_setup,2025-07-31 13:30:00,2026-06-08 13:30:00,2026-08-12 13:30:00,137.64,139.26,136.73,137.88,1.0,171.48,259,,,,35.32,0.0,PepsiCo,S&P 500,US,0.16925925925925928
396,HAL,31.8,33.92,35.12,-9.5,33.0,triple_bottom_setup,2023-12-12 14:30:00,2024-06-14 13:30:00,2026-07-30 13:30:00,33.79,32.6,30.98,32.46,4.55,43.59,658,,,,37.08,0.0,Halliburton,S&P 500,US,0.16878703703703704
397,COO,56.53,67.49,71.62,-21.1,35.2,triple_bottom_setup,2025-04-09 13:30:00,2025-08-06 13:30:00,2026-07-14 13:30:00,69.81,68.09,68.37,68.76,1.53,89.83,315,,,,58.91,0.0,Cooper Companies (The),S&P 500,US,0.16871666666666668
398,GEN,22.02,28.08,24.47,-10.0,27.5,triple_bottom_setup,2025-05-23 13:30:00,2025-08-07 13:30:00,2026-08-20 13:30:00,27.21,27.73,27.01,27.32,1.51,32.22,311,,,,46.32,0.0,Gen Digital,S&P 500,US,0.16848756613756613
399,AKAM,106.35,112.38,111.46,-4.6,44.5,triple_bottom_setup,2024-02-22 14:30:00,2026-06-26 13:30:00,2026-09-08 13:30:00,106.57,108.84,100.77,105.39,4.39,165.45,637,,,,55.57,0.0,Akamai Technologies,S&P 500,US,0.16840925925925926
400,GAP,22.84,20.95,23.31,-2.0,59.8,triple_bottom_setup,2024-08-05 13:30:00,2024-10-09 13:30:00,2026-07-24 13:30:00,19.73,19.95,18.68,19.45,3.98,29.36,493,,,,28.55,0.0,Gap Inc.,S&P MidCap 400,US,0.16759497354497355
401,DOCS,28.34,24.77,26.95,5.2,65.0,triple_bottom_setup,2024-08-05 13:30:00,2026-02-25 14:30:00,2026-09-09 13:30:00,25.0,23.53,23.95,24.16,3.48,85.21,525,,,,200.67,0.0,Doximity,S&P MidCap 400,US,0.16724444444444445
402,AJG,228.11,249.8,232.01,-1.7,35.1,triple_bottom_setup,2024-06-26 13:30:00,2025-12-10 14:30:00,2026-08-04 13:30:00,251.42,236.34,240.82,242.86,3.52,351.23,527,,,,53.97,0.0,Arthur J. Gallagher & Co.,S&P 500,US,0.1669089947089947
403,NI,39.0,41.93,44.45,-12.3,30.3,triple_bottom_setup,2025-03-10 13:30:00,2025-05-14 13:30:00,2026-08-31 13:30:00,38.03,37.22,40.09,38.45,4.27,49.21,371,,,,26.18,0.0,NiSource,S&P 500,US,0.1668574074074074
404,DOV,187.05,198.01,209.24,-10.6,39.2,triple_bottom_setup,2024-11-20 14:30:00,2026-01-29 14:30:00,2026-09-14 13:30:00,196.63,197.97,184.0,192.87,4.6,237.54,452,,,,26.99,0.0,Dover Corporation,S&P 500,US,0.16587169312169314
405,PFGC,91.51,102.52,96.88,-5.5,34.5,triple_bottom_setup,2025-06-18 13:30:00,2026-05-05 13:30:00,2026-09-15 13:30:00,84.86,86.31,88.95,86.71,2.59,117.47,311,,,,28.37,0.0,Performance Food Group,S&P MidCap 400,US,0.16587089947089947
406,SYF,70.97,76.67,74.32,-4.5,35.2,triple_bottom_setup,2025-01-13 14:30:00,2025-10-10 13:30:00,2026-07-08 13:30:00,63.06,68.0,68.05,66.37,4.98,88.77,371,,,,25.08,0.0,Synchrony Financial,S&P 500,US,0.16537407407407406
407,HBAN,15.26,16.71,16.64,-8.3,32.9,triple_bottom_setup,2025-01-10 14:30:00,2026-01-28 14:30:00,2026-07-29 13:30:00,15.87,16.82,16.81,16.5,3.82,19.46,387,,,,27.52,0.0,Huntington Bancshares,S&P 500,US,0.16455714285714285
408,VST,138.35,144.23,154.74,-10.6,43.7,triple_bottom_setup,2024-12-18 14:30:00,2026-02-05 14:30:00,2026-08-07 13:30:00,131.64,138.53,134.75,134.97,2.64,219.82,408,,,,58.89,0.0,Vistra Corp.,S&P 500,US,0.16436825396825397
409,SGI,62.11,65.87,76.4,-18.7,41.1,triple_bottom_setup,2025-06-02 13:30:00,2026-05-20 13:30:00,2026-08-27 13:30:00,62.46,60.39,61.67,61.51,1.82,98.56,311,,,,58.69,0.0,Somnigroup International,S&P MidCap 400,US,0.16383756613756614
410,IRT,14.53,15.87,15.95,-8.9,32.7,triple_bottom_setup,2025-07-15 13:30:00,2026-02-12 14:30:00,2026-07-22 13:30:00,17.05,15.83,16.28,16.39,4.05,18.18,256,,,,25.12,0.0,Independence Realty Trust,S&P MidCap 400,US,0.16377910052910052
411,CME,261.98,269.16,274.46,-4.5,38.9,triple_bottom_setup,2025-06-20 13:30:00,2026-06-02 13:30:00,2026-08-12 13:30:00,263.21,244.56,256.83,254.87,4.04,329.16,287,,,,25.64,0.0,CME Group,S&P 500,US,0.16369629629629628
412,MUSA,504.03,548.06,503.12,0.2,40.6,triple_bottom_setup,2025-01-16 14:30:00,2026-06-26 13:30:00,2026-09-09 13:30:00,469.67,516.4,490.29,492.12,4.93,636.05,412,,,,26.19,0.0,Murphy USA,S&P MidCap 400,US,0.1622973544973545
413,KR,58.62,57.94,62.93,-6.8,49.0,triple_bottom_setup,2024-04-10 13:30:00,2024-08-20 13:30:00,2026-07-23 13:30:00,55.0,51.5,54.83,53.78,4.23,76.58,572,,,,30.64,0.0,Kroger,S&P 500,US,0.16221137566137567
414,HII,267.07,293.96,341.95,-21.9,37.5,triple_bottom_setup,2024-01-05 14:30:00,2024-05-02 13:30:00,2026-07-21 13:30:00,248.65,242.19,263.62,251.49,4.82,460.0,635,,,,72.24,0.0,Huntington Ingalls Industries,S&P 500,US,0.161694708994709
415,IMB.L,2447.0,2600.1,2880.6,-15.1,38.9,triple_bottom_setup,2024-12-19 08:00:00,2025-02-21 08:00:00,2026-07-14 07:00:00,2536.0,2647.0,2641.0,2608.0,2.76,3632.04,393,,,,48.43,0.0,Imperial Brands,STOXX 600,Europe,0.160584126984127
416,HWDN.L,769.0,784.37,811.77,-5.3,49.7,triple_bottom_setup,2024-11-07 08:00:00,2025-01-14 08:00:00,2026-07-09 07:00:00,799.0,736.0,762.0,765.67,4.35,981.0,420,,,,27.57,0.0,Howdens Joinery,STOXX 600,Europe,0.16055555555555556
417,ABF.L,1860.0,1995.9,1933.5,-3.8,39.8,triple_bottom_setup,2024-11-21 08:00:00,2025-05-07 07:00:00,2026-08-17 07:00:00,2130.0,1969.5,1990.5,2030.0,4.93,2359.0,437,,,,26.83,0.0,Associated British Foods,STOXX 600,Europe,0.16027089947089945
418,PVH,74.05,78.2,76.05,-2.6,46.7,triple_bottom_setup,2025-04-30 13:30:00,2025-08-01 13:30:00,2026-09-10 13:30:00,66.84,69.63,67.62,68.03,2.35,100.75,342,,,,36.06,0.0,PVH Corp.,S&P MidCap 400,US,0.15998809523809523
419,MTDR,51.58,54.38,52.32,-1.4,38.0,triple_bottom_setup,2024-09-26 13:30:00,2025-03-05 14:30:00,2026-07-28 13:30:00,47.15,43.89,45.44,45.49,3.64,66.84,458,,,,29.59,0.0,Matador Resources,S&P MidCap 400,US,0.15939867724867726
420,JEF,45.73,52.51,52.17,-12.3,30.1,triple_bottom_setup,2025-03-10 13:30:00,2025-07-16 13:30:00,2026-07-31 13:30:00,52.58,53.96,51.45,52.66,2.46,71.04,350,,,,55.35,0.0,Jefferies,S&P MidCap 400,US,0.15939629629629629
421,IDXX,522.19,544.76,589.79,-11.5,46.5,triple_bottom_setup,2025-07-16 13:30:00,2026-06-30 13:30:00,2026-09-11 13:30:00,506.91,518.55,500.61,508.69,1.94,769.98,291,,,,47.45,0.0,Idexx Laboratories,S&P 500,US,0.1593920634920635
422,HCA,426.74,413.92,444.91,-4.1,52.7,triple_bottom_setup,2024-09-09 13:30:00,2025-10-14 13:30:00,2026-09-09 13:30:00,379.26,407.7,396.0,394.32,3.82,556.52,501,,,,30.41,0.0,HCA Healthcare,S&P 500,US,0.15896984126984126
423,PNFP,93.61,100.97,96.22,-2.7,34.0,triple_bottom_setup,2025-03-11 13:30:00,2026-05-20 13:30:00,2026-07-23 13:30:00,98.03,92.66,94.36,95.02,3.17,120.46,343,,,,28.68,0.0,Pinnacle Financial Partners,S&P MidCap 400,US,0.1588203703703704
424,GEHC,65.37,68.62,71.43,-8.5,41.0,triple_bottom_setup,2025-04-09 13:30:00,2026-04-29 13:30:00,2026-07-24 13:30:00,57.65,58.75,60.2,58.87,2.27,89.77,323,,,,37.33,0.0,GE HealthCare,S&P 500,US,0.15867486772486772
425,AZO,2830.02,2969.35,3303.3,-14.3,42.0,triple_bottom_setup,2024-02-12 14:30:00,2024-04-25 13:30:00,2026-07-23 13:30:00,2672.31,2851.42,2902.2,2808.64,4.85,4388.11,612,,,,55.06,0.0,AutoZone,S&P 500,US,0.15820238095238096
426,BXP,61.11,66.33,61.5,-0.6,35.9,triple_bottom_setup,2025-01-10 14:30:00,2025-03-13 13:30:00,2026-08-18 13:30:00,67.39,63.72,66.17,65.76,3.1,79.33,401,,,,29.82,0.0,"BXP, Inc.",S&P 500,US,0.15804232804232804
427,SYNA,101.4,101.45,98.43,3.0,53.9,triple_bottom_setup,2024-06-27 13:30:00,2026-02-03 14:30:00,2026-09-16 13:30:00,84.26,80.86,88.09,84.4,4.37,149.11,556,,,,47.05,0.0,Synaptics,S&P MidCap 400,US,0.15799497354497355
428,UDR,33.55,36.58,36.43,-7.9,27.0,triple_bottom_setup,2025-05-23 13:30:00,2026-06-02 13:30:00,2026-08-12 13:30:00,39.25,36.41,37.04,37.57,4.48,42.22,305,,,,25.84,0.0,"UDR, Inc.",S&P 500,US,0.157810582010582
429,ALK,38.7,43.55,45.55,-15.0,38.2,triple_bottom_setup,2025-04-24 13:30:00,2026-06-10 13:30:00,2026-08-20 13:30:00,39.79,41.29,39.87,40.32,2.41,65.88,332,,,,70.23,0.0,Alaska Air Group,S&P MidCap 400,US,0.15776534391534391
430,SMG,50.11,59.69,61.34,-18.3,30.8,triple_bottom_setup,2025-03-03 14:30:00,2025-06-04 13:30:00,2026-08-17 13:30:00,55.68,56.81,58.56,57.02,2.71,75.34,366,,,,50.35,0.0,Scotts Miracle-Gro Company,S&P MidCap 400,US,0.1577626984126984
431,TMUS,163.08,176.54,189.73,-14.0,35.4,triple_bottom_setup,2024-07-30 13:30:00,2026-04-27 13:30:00,2026-07-31 13:30:00,173.74,182.01,169.68,175.14,3.92,276.49,502,,,,69.54,0.0,T-Mobile US,S&P 500,US,0.1576021164021164
432,ORLY,85.41,88.43,91.05,-6.2,44.8,triple_bottom_setup,2025-06-26 13:30:00,2026-03-20 13:30:00,2026-07-15 13:30:00,86.94,86.77,82.59,85.43,3.33,108.72,263,,,,27.29,0.0,O'Reilly Automotive,S&P 500,US,0.15742169312169313
433,IPGP,78.28,81.09,101.21,-22.7,48.6,triple_bottom_setup,2025-08-06 13:30:00,2025-12-31 14:30:00,2026-08-24 13:30:00,71.35,71.38,69.41,70.71,1.84,155.82,263,,,,99.05,0.0,IPG Photonics,S&P MidCap 400,US,0.1571883597883598
434,BRBY.L,1028.5,1083.69,1136.15,-9.5,45.6,triple_bottom_setup,2024-04-19 07:00:00,2025-08-14 07:00:00,2026-07-23 07:00:00,1103.5,1096.5,1026.0,1075.33,4.59,1376.5,571,,,,33.84,0.0,Burberry Group,STOXX 600,Europe,0.15667910052910056
435,BURL,267.19,304.6,310.84,-14.0,49.0,triple_bottom_setup,2024-08-05 13:30:00,2024-10-11 13:30:00,2026-09-15 13:30:00,232.19,244.35,226.85,234.46,4.22,378.33,529,,,,41.6,0.0,Burlington Stores,S&P MidCap 400,US,0.156673544973545
436,SFM,66.35,77.72,78.04,-15.0,37.2,triple_bottom_setup,2024-06-12 13:30:00,2026-04-29 13:30:00,2026-07-23 13:30:00,74.15,69.29,70.0,71.15,4.22,182.0,528,,,,174.3,0.0,Sprouts Farmers Market,S&P MidCap 400,US,0.15654126984126987
437,VC,86.68,100.79,101.09,-14.3,23.1,triple_bottom_setup,2024-06-14 13:30:00,2024-08-14 13:30:00,2026-07-23 13:30:00,101.42,95.4,95.14,97.32,4.21,129.1,526,,,,48.94,0.0,Visteon,S&P MidCap 400,US,0.15642671957671958
438,BC,64.24,75.52,78.09,-17.7,25.5,triple_bottom_setup,2024-04-25 13:30:00,2024-08-05 13:30:00,2026-07-08 13:30:00,79.09,73.09,75.03,75.74,4.43,90.25,550,,,,40.49,0.0,Brunswick,S&P MidCap 400,US,0.15630132275132275
439,CBRE,128.47,144.25,145.44,-11.7,31.0,triple_bottom_setup,2024-12-19 14:30:00,2026-03-11 13:30:00,2026-07-14 13:30:00,125.38,129.01,133.07,129.15,3.03,174.27,389,,,,35.65,0.0,CBRE Group,S&P 500,US,0.15600502645502645
440,WMS,126.71,137.28,145.49,-12.9,40.4,triple_bottom_setup,2024-08-08 13:30:00,2024-11-21 14:30:00,2026-07-31 13:30:00,135.0,127.62,136.07,132.9,3.97,179.32,495,,,,41.52,0.0,Advanced Drainage Systems,S&P MidCap 400,US,0.15592619047619047
441,RTO.L,298.5,354.03,434.4,-31.3,21.1,triple_bottom_setup,2024-10-16 07:00:00,2025-03-12 08:00:00,2026-08-03 07:00:00,336.3,315.3,329.6,327.07,3.6,507.0,453,,,,69.85,0.0,Rentokil Initial,STOXX 600,Europe,0.15592063492063493
442,HOG,24.43,26.46,22.95,6.4,33.4,triple_bottom_setup,2025-02-05 14:30:00,2025-06-02 13:30:00,2026-07-31 13:30:00,25.25,23.32,24.19,24.25,4.11,31.25,372,,,,27.92,0.0,Harley-Davidson,S&P MidCap 400,US,0.15488968253968252
443,TPL,325.83,368.51,395.38,-17.6,35.1,triple_bottom_setup,2025-06-24 13:30:00,2026-02-03 14:30:00,2026-08-13 13:30:00,340.46,326.68,335.1,334.08,2.21,547.2,286,,,,67.94,0.0,Texas Pacific Land Corporation,S&P 500,US,0.15468068783068784
444,NFG,75.86,80.93,82.35,-7.9,28.7,triple_bottom_setup,2025-04-30 13:30:00,2025-07-10 13:30:00,2026-08-05 13:30:00,75.73,81.29,78.75,78.59,3.64,97.06,317,,,,27.95,0.0,National Fuel Gas,S&P MidCap 400,US,0.15441455026455025
445,MCHP,77.77,75.71,78.05,-0.4,56.1,triple_bottom_setup,2024-09-10 13:30:00,2026-02-06 14:30:00,2026-09-16 13:30:00,73.15,73.38,68.75,71.76,4.19,105.91,505,,,,36.18,0.0,Microchip Technology,S&P 500,US,0.1539489417989418
446,UPS,93.44,102.2,102.46,-8.8,34.5,triple_bottom_setup,2025-06-25 13:30:00,2026-06-10 13:30:00,2026-08-18 13:30:00,98.62,102.83,101.34,100.93,2.29,122.41,288,,,,31.0,0.0,United Parcel Service,S&P 500,US,0.1537452380952381
447,CELH,27.35,29.42,36.6,-25.3,40.6,triple_bottom_setup,2024-12-30 14:30:00,2026-06-04 13:30:00,2026-09-10 13:30:00,25.64,27.47,26.59,26.57,3.49,66.74,424,,,,144.02,0.0,Celsius Holdings,S&P MidCap 400,US,0.15373465608465609
448,EL,92.77,93.19,91.66,1.2,43.4,triple_bottom_setup,2024-09-11 13:30:00,2025-08-20 13:30:00,2026-07-23 13:30:00,82.39,84.42,78.66,81.82,3.87,121.64,466,,,,31.12,0.0,Estée Lauder Companies (The),S&P 500,US,0.15359021164021164
449,MRO.L,472.9,483.25,525.19,-10.0,44.6,triple_bottom_setup,2025-05-23 07:00:00,2026-07-14 07:00:00,2026-09-15 07:00:00,439.7,455.1,460.95,451.92,2.7,685.0,332,,,,44.85,0.0,Melrose Industries,STOXX 600,Europe,0.15341534391534392
450,MANH,198.7,200.52,160.89,23.5,41.4,triple_bottom_setup,2024-07-18 13:30:00,2025-09-04 13:30:00,2026-09-11 13:30:00,215.62,202.26,200.93,206.27,4.53,312.6,539,,,,57.32,0.0,Manhattan Associates,S&P MidCap 400,US,0.15334629629629626
451,CRH,82.8,93.37,108.08,-23.4,32.3,triple_bottom_setup,2024-10-04 13:30:00,2025-01-13 14:30:00,2026-07-31 13:30:00,87.67,90.25,94.12,90.68,3.79,131.55,455,,,,58.88,0.0,CRH plc,S&P 500,US,0.15333518518518519
452,WAL,75.1,79.83,80.51,-6.7,36.3,triple_bottom_setup,2025-01-10 14:30:00,2025-08-01 13:30:00,2026-07-08 13:30:00,77.12,73.58,77.89,76.2,3.43,97.23,372,,,,29.47,0.0,Western Alliance Bancorporation,S&P MidCap 400,US,0.15217301587301588
453,SIRI,25.88,28.69,25.22,2.6,33.2,triple_bottom_setup,2024-08-05 13:30:00,2026-06-05 13:30:00,2026-08-13 13:30:00,28.6,26.46,27.92,27.66,4.34,36.4,507,,,,40.65,0.0,SiriusXM,S&P MidCap 400,US,0.15196349206349208
454,MLM,479.81,523.98,589.38,-18.6,36.2,triple_bottom_setup,2024-07-02 13:30:00,2024-09-11 13:30:00,2026-07-31 13:30:00,525.69,490.05,523.48,513.07,4.49,710.97,521,,,,48.18,0.0,Martin Marietta Materials,S&P 500,US,0.1515653439153439
455,ORI,37.31,41.33,40.37,-7.6,22.2,triple_bottom_setup,2025-06-09 13:30:00,2025-10-29 13:30:00,2026-07-23 13:30:00,36.24,38.34,39.85,38.14,4.99,46.76,281,,,,25.33,0.0,Old Republic International,S&P MidCap 400,US,0.15123597883597883
456,HLI,126.34,131.1,148.67,-15.0,39.6,triple_bottom_setup,2025-04-07 13:30:00,2026-03-24 13:30:00,2026-07-13 13:30:00,137.99,134.41,130.72,134.37,2.72,211.78,316,,,,67.62,0.0,Houlihan Lokey,S&P MidCap 400,US,0.1509989417989418
457,OC,116.74,138.6,125.33,-6.9,31.4,triple_bottom_setup,2025-03-10 13:30:00,2025-05-07 13:30:00,2026-07-29 13:30:00,137.5,129.81,134.39,133.9,3.05,159.91,348,,,,36.98,0.0,Owens Corning,S&P MidCap 400,US,0.15028174603174604
458,IP,33.17,38.34,37.31,-11.1,33.0,triple_bottom_setup,2024-04-25 13:30:00,2026-03-20 13:30:00,2026-07-14 13:30:00,33.16,33.57,35.87,34.2,4.88,60.36,554,,,,81.97,0.0,International Paper,S&P 500,US,0.15008042328042326
459,APP,290.43,335.95,460.2,-36.9,34.9,triple_bottom_setup,2024-12-18 14:30:00,2025-06-23 13:30:00,2026-08-24 13:30:00,308.13,320.0,297.5,308.54,3.71,745.61,419,,,,156.73,0.0,AppLovin,S&P 500,US,0.14977328042328042
460,SGE.L,971.4,1009.64,922.66,5.3,41.5,triple_bottom_setup,2024-10-08 07:00:00,2025-11-18 08:00:00,2026-09-11 07:00:00,984.0,1034.5,956.8,991.77,4.31,1349.0,487,,,,38.87,0.0,Sage Group,STOXX 600,Europe,0.1497679894179894
461,AGNC,9.07,10.28,10.11,-10.2,19.8,triple_bottom_setup,2024-09-11 13:30:00,2025-09-25 13:30:00,2026-07-23 13:30:00,10.11,9.66,10.46,10.08,4.13,12.19,466,,,,34.4,0.0,AGNC Investment,S&P MidCap 400,US,0.14969021164021162
462,OGS,71.87,78.01,80.09,-10.3,26.5,triple_bottom_setup,2025-06-17 13:30:00,2026-01-05 14:30:00,2026-08-04 13:30:00,70.87,75.29,76.71,74.29,4.6,90.78,283,,,,26.31,0.0,One Gas,S&P MidCap 400,US,0.14918386243386245
463,ICG.L,1831.0,1945.02,1830.44,0.0,38.2,triple_bottom_setup,2025-03-11 08:00:00,2025-05-23 07:00:00,2026-09-15 07:00:00,1981.0,1919.0,1817.0,1905.67,4.65,2340.0,382,,,,27.8,0.0,ICG,STOXX 600,Europe,0.14911243386243386
464,SMCI,41.07,36.04,31.89,28.8,56.5,triple_bottom_setup,2024-09-26 13:30:00,2025-03-04 14:30:00,2026-09-16 13:30:00,37.3,34.51,35.36,35.72,4.42,66.44,493,,,,61.77,0.0,Supermicro,S&P 500,US,0.14891164021164022
465,QCOM,184.04,170.5,167.77,9.7,51.9,triple_bottom_setup,2025-07-16 13:30:00,2025-11-20 14:30:00,2026-08-24 13:30:00,151.54,158.85,156.23,155.54,2.57,259.92,278,,,,41.23,0.0,Qualcomm,S&P 500,US,0.14822248677248678
466,SBAC,160.12,180.16,189.43,-15.5,23.5,triple_bottom_setup,2024-07-02 13:30:00,2026-02-06 14:30:00,2026-08-05 13:30:00,187.06,177.49,171.12,178.56,4.76,252.64,524,,,,57.78,0.0,SBA Communications,S&P 500,US,0.14791216931216933
467,BCO,100.99,111.34,111.73,-9.6,34.3,triple_bottom_setup,2024-10-02 13:30:00,2026-05-13 13:30:00,2026-09-09 13:30:00,107.9,99.09,103.99,103.66,4.41,136.37,484,,,,35.03,0.0,Brink's,S&P MidCap 400,US,0.14787116402116401
468,LOPE,151.59,148.65,158.63,-4.4,53.9,triple_bottom_setup,2024-10-22 13:30:00,2026-06-22 13:30:00,2026-08-25 13:30:00,130.69,140.02,138.61,136.44,4.21,223.04,460,,,,47.13,0.0,Grand Canyon Education,S&P MidCap 400,US,0.14769656084656085
469,CVLT,149.92,137.81,115.23,30.1,59.8,triple_bottom_setup,2024-05-31 13:30:00,2025-12-05 14:30:00,2026-07-31 13:30:00,105.76,114.47,113.53,111.25,4.94,200.68,542,,,,33.86,0.0,CommVault Systems,S&P MidCap 400,US,0.1475931216931217
470,FNF,38.65,46.46,48.58,-20.4,19.9,triple_bottom_setup,2025-07-11 13:30:00,2026-05-07 13:30:00,2026-07-23 13:30:00,48.8,46.67,48.08,47.85,2.47,59.21,259,,,,53.19,0.0,Fidelity National Financial,S&P MidCap 400,US,0.14720925925925926
471,LSEG.L,8182.0,8587.61,8712.82,-6.1,42.1,triple_bottom_setup,2025-07-31 07:00:00,2025-10-20 07:00:00,2026-08-19 07:00:00,9050.0,8472.0,8354.0,8625.33,4.92,10290.0,266,,,,25.76,0.0,London Stock Exchange Group,STOXX 600,Europe,0.14671851851851853
472,ESAB,65.88,78.33,98.4,-33.0,37.3,triple_bottom_setup,2024-08-02 13:30:00,2026-05-20 13:30:00,2026-07-23 13:30:00,88.54,83.17,82.3,84.67,4.57,137.42,493,,,,108.59,0.0,ESAB,S&P MidCap 400,US,0.1466616402116402
473,RBA,81.39,90.33,101.63,-19.9,37.0,triple_bottom_setup,2024-09-09 13:30:00,2025-02-03 14:30:00,2026-09-10 13:30:00,82.06,86.68,79.75,82.83,4.65,119.58,502,,,,46.92,0.0,RB Global,S&P MidCap 400,US,0.1466521164021164
474,WMG,27.61,27.27,28.29,-2.4,49.2,triple_bottom_setup,2025-06-03 13:30:00,2026-02-05 14:30:00,2026-08-12 13:30:00,25.56,26.42,24.51,25.5,3.86,35.42,299,,,,28.29,0.0,Warner Music Group,S&P MidCap 400,US,0.14590026455026456
475,PEG,67.34,73.14,77.73,-13.4,29.8,triple_bottom_setup,2025-05-14 13:30:00,2026-05-18 13:30:00,2026-08-24 13:30:00,76.0,76.05,72.53,74.86,3.11,91.26,320,,,,35.52,0.0,Public Service Enterprise Group,S&P 500,US,0.14567804232804232
476,ALGN,145.35,161.2,170.51,-14.8,38.7,triple_bottom_setup,2025-03-13 13:30:00,2025-05-23 13:30:00,2026-07-31 13:30:00,158.13,168.01,164.74,163.63,3.36,208.31,347,,,,43.32,0.0,Align Technology,S&P 500,US,0.1454994708994709
477,BAB.L,999.0,1076.15,1183.45,-15.6,45.1,triple_bottom_setup,2025-08-11 07:00:00,2026-06-29 07:00:00,2026-09-10 07:00:00,934.76,902.4,946.8,927.99,2.76,1527.0,274,,,,52.85,0.0,Babcock International,STOXX 600,Europe,0.14484338624338622
478,EXLS,34.38,34.93,33.09,3.9,42.0,triple_bottom_setup,2024-09-06 13:30:00,2025-10-29 13:30:00,2026-09-11 13:30:00,35.16,37.3,34.33,35.6,4.79,52.43,504,,,,52.5,0.0,EXL Service,S&P MidCap 400,US,0.14481666666666665
479,TXT,76.2,83.75,89.67,-15.0,32.3,triple_bottom_setup,2024-11-19 14:30:00,2026-05-20 13:30:00,2026-07-31 13:30:00,81.17,87.83,84.87,84.62,4.08,101.57,423,,,,33.29,0.0,Textron,S&P 500,US,0.14475238095238094
480,AXON,422.52,532.75,498.36,-15.2,33.1,triple_bottom_setup,2025-02-25 14:30:00,2025-11-21 14:30:00,2026-07-23 13:30:00,480.18,508.72,485.75,491.55,3.49,885.92,353,,,,109.68,0.0,Axon Enterprise,S&P 500,US,0.1443431216931217
481,PNDORA.CO,855.0,813.77,630.56,35.6,60.5,triple_bottom_setup,2025-04-07 07:00:00,2025-10-15 07:00:00,2026-08-20 07:00:00,805.4,788.0,757.0,783.47,3.38,1225.5,338,,,,43.33,0.0,Pandora,STOXX 600,Europe,0.1440089947089947
482,III.L,2652.0,2763.74,2795.32,-5.1,44.9,triple_bottom_setup,2024-08-05 07:00:00,2025-12-03 08:00:00,2026-08-11 07:00:00,2750.0,2957.0,2742.0,2816.33,4.99,4497.0,510,,,,69.57,0.0,3i,STOXX 600,Europe,0.14261031746031747
483,IBM,219.93,230.73,253.54,-13.3,37.2,triple_bottom_setup,2024-10-31 13:30:00,2025-01-14 14:30:00,2026-07-23 13:30:00,203.51,214.61,199.19,205.77,4.3,332.46,430,,,,51.17,0.0,IBM,S&P 500,US,0.14237830687830688
484,EXP,171.02,197.06,207.29,-17.5,28.4,triple_bottom_setup,2025-03-07 14:30:00,2025-06-18 13:30:00,2026-07-23 13:30:00,205.44,191.91,197.79,198.38,3.56,245.53,345,,,,43.57,0.0,Eagle Materials,S&P MidCap 400,US,0.14223492063492066
485,RPM,98.67,106.31,105.45,-6.4,39.0,triple_bottom_setup,2025-04-08 13:30:00,2026-05-20 13:30:00,2026-07-21 13:30:00,95.28,94.24,99.65,96.39,3.38,129.12,321,,,,30.86,0.0,RPM International,S&P MidCap 400,US,0.14176031746031748
486,FSLR,175.16,208.88,225.05,-22.2,35.5,triple_bottom_setup,2024-09-10 13:30:00,2026-04-21 13:30:00,2026-07-28 13:30:00,202.15,185.13,195.84,194.37,4.76,320.95,470,,,,83.23,0.0,First Solar,S&P 500,US,0.14076931216931218
487,KHC,22.72,24.87,23.27,-2.4,28.2,triple_bottom_setup,2025-05-23 13:30:00,2025-10-13 13:30:00,2026-08-12 13:30:00,26.01,24.8,24.1,24.97,4.16,29.19,305,,,,28.48,0.0,Kraft Heinz,S&P 500,US,0.14061058201058202
488,NCLH,14.66,16.95,19.5,-24.8,40.5,triple_bottom_setup,2025-06-23 13:30:00,2026-03-30 13:30:00,2026-07-31 13:30:00,17.42,17.56,18.31,17.76,3.08,27.18,278,,,,85.4,0.0,Norwegian Cruise Line Holdings,S&P 500,US,0.14057248677248677
489,BILL,42.54,47.24,43.39,-1.9,35.0,triple_bottom_setup,2025-03-13 13:30:00,2025-07-14 13:30:00,2026-08-26 13:30:00,42.82,44.68,46.2,44.57,3.92,57.21,365,,,,34.49,0.0,Bill Holdings,S&P MidCap 400,US,0.13948042328042326
490,GNTX,21.74,23.11,23.26,-6.5,36.1,triple_bottom_setup,2025-06-23 13:30:00,2026-05-19 13:30:00,2026-09-01 13:30:00,21.05,22.27,22.03,21.78,3.37,29.38,300,,,,35.14,0.0,Gentex,S&P MidCap 400,US,0.1391325396825397
491,WH,71.84,72.28,77.46,-7.3,54.5,triple_bottom_setup,2025-04-07 13:30:00,2025-06-23 13:30:00,2026-07-24 13:30:00,76.65,77.37,72.32,75.45,4.14,92.68,325,,,,29.02,0.0,Wyndham Hotels & Resorts,S&P MidCap 400,US,0.13905608465608468
492,RYN,18.36,20.57,20.82,-11.8,23.8,triple_bottom_setup,2025-06-30 13:30:00,2026-01-30 14:30:00,2026-07-09 13:30:00,21.84,21.9,20.9,21.55,3.0,27.34,257,,,,48.91,0.0,Rayonier,S&P MidCap 400,US,0.138994708994709
493,TTWO,207.5,227.36,224.97,-7.8,41.5,triple_bottom_setup,2025-06-02 13:30:00,2025-12-17 14:30:00,2026-08-06 13:30:00,222.12,240.28,228.2,230.2,4.38,265.94,296,,,,28.16,0.0,Take-Two Interactive,S&P 500,US,0.1387867724867725
494,WEIR.L,2712.0,2690.2,2802.55,-3.2,52.4,triple_bottom_setup,2025-01-14 08:00:00,2025-05-23 07:00:00,2026-07-08 07:00:00,2162.0,2274.0,2324.0,2253.33,4.05,3580.0,374,,,,32.01,0.0,Weir,STOXX 600,Europe,0.13872089947089947
495,PII,52.15,63.15,62.96,-17.2,26.2,triple_bottom_setup,2024-10-24 13:30:00,2026-01-27 14:30:00,2026-07-31 13:30:00,68.59,62.58,65.72,65.63,4.65,77.98,441,,,,49.53,0.0,Polaris,S&P MidCap 400,US,0.13858333333333334
496,INVH,26.33,28.6,27.25,-3.4,24.3,triple_bottom_setup,2025-04-09 13:30:00,2026-05-15 13:30:00,2026-07-31 13:30:00,29.37,27.76,29.34,28.83,3.68,35.8,328,,,,35.96,0.0,Invitation Homes,S&P 500,US,0.13818624338624338
497,IR,75.11,79.53,81.59,-7.9,47.1,triple_bottom_setup,2025-03-13 13:30:00,2025-06-23 13:30:00,2026-07-08 13:30:00,79.79,79.74,75.4,78.31,3.72,100.96,330,,,,34.42,0.0,Ingersoll Rand,S&P 500,US,0.13785079365079364
498,EIX,53.73,65.41,67.3,-20.2,36.9,triple_bottom_setup,2025-01-13 14:30:00,2025-04-09 13:30:00,2026-09-01 13:30:00,55.27,51.0,52.5,52.92,4.43,81.62,410,,,,51.91,0.0,Edison International,S&P 500,US,0.13778280423280423
499,AMH,30.39,32.67,31.07,-2.2,28.1,triple_bottom_setup,2025-04-09 13:30:00,2026-05-15 13:30:00,2026-07-31 13:30:00,31.68,30.47,32.84,31.66,3.77,39.49,328,,,,29.94,0.0,American Homes 4 Rent,S&P MidCap 400,US,0.1373362433862434
500,HSY,157.61,176.24,188.85,-16.5,22.2,triple_bottom_setup,2024-11-19 14:30:00,2026-05-01 13:30:00,2026-07-20 13:30:00,168.16,180.18,168.75,172.36,4.53,239.48,414,,,,51.94,0.0,Hershey Company (The),S&P 500,US,0.13681190476190475
501,PINS,18.89,21.68,21.29,-11.3,41.8,triple_bottom_setup,2025-04-07 13:30:00,2025-11-21 14:30:00,2026-08-13 13:30:00,23.68,24.37,22.65,23.57,3.88,39.93,339,,,,111.38,0.0,Pinterest,S&P MidCap 400,US,0.13664126984126984
502,NVR,6154.39,6291.52,6705.32,-8.2,44.3,triple_bottom_setup,2025-04-09 13:30:00,2026-03-20 13:30:00,2026-09-10 13:30:00,6562.85,6301.03,6057.84,6307.24,4.05,8618.28,356,,,,40.03,0.0,"NVR, Inc.",S&P 500,US,0.1363399470899471
503,NLY,18.89,21.56,20.86,-9.5,18.0,triple_bottom_setup,2025-03-12 13:30:00,2026-03-20 13:30:00,2026-07-22 13:30:00,20.88,20.62,22.03,21.18,4.03,24.52,341,,,,29.8,0.0,Annaly Capital Management,S&P MidCap 400,US,0.13632248677248676
504,SYK,275.39,311.84,328.96,-16.3,37.4,triple_bottom_setup,2025-04-07 13:30:00,2026-03-31 13:30:00,2026-07-14 13:30:00,329.16,319.32,306.53,318.34,3.71,404.87,317,,,,47.02,0.0,Stryker Corporation,S&P 500,US,0.13628121693121692
505,ATR,121.16,130.03,126.12,-3.9,32.8,triple_bottom_setup,2025-02-12 14:30:00,2025-08-14 13:30:00,2026-08-14 13:30:00,139.93,136.44,129.56,135.31,4.25,164.28,377,,,,35.59,0.0,AptarGroup,S&P MidCap 400,US,0.13611772486772486
506,SRE,77.96,83.99,88.79,-12.2,35.3,triple_bottom_setup,2025-01-13 14:30:00,2026-01-21 14:30:00,2026-08-31 13:30:00,76.72,83.91,79.59,80.07,4.79,101.04,409,,,,29.6,0.0,Sempra,S&P 500,US,0.13558386243386245
507,VMC,244.63,266.32,283.67,-13.8,38.6,triple_bottom_setup,2025-07-16 13:30:00,2026-05-19 13:30:00,2026-07-31 13:30:00,255.33,252.42,266.68,258.14,3.31,331.09,262,,,,35.34,0.0,Vulcan Materials Company,S&P 500,US,0.13500608465608466
508,GXO,44.45,47.67,52.53,-15.4,39.6,triple_bottom_setup,2025-08-06 13:30:00,2026-06-10 13:30:00,2026-08-20 13:30:00,45.75,47.71,45.0,46.15,3.37,66.85,261,,,,50.39,0.0,GXO Logistics,S&P MidCap 400,US,0.13397380952380952
509,GMED,74.9,79.57,84.75,-11.6,41.9,triple_bottom_setup,2025-03-13 13:30:00,2026-07-14 13:30:00,2026-09-10 13:30:00,68.88,74.39,72.84,72.04,4.38,101.4,375,,,,35.38,0.0,Globus Medical,S&P MidCap 400,US,0.1339031746031746
510,RKT.L,4890.0,5099.75,5350.49,-8.6,39.6,triple_bottom_setup,2025-04-23 07:00:00,2026-04-22 07:00:00,2026-08-19 07:00:00,4769.79,4574.0,4961.0,4768.26,4.07,6522.92,335,,,,33.39,0.0,Reckitt,STOXX 600,Europe,0.1332621693121693
511,AMT,163.69,171.23,173.35,-5.6,35.1,triple_bottom_setup,2025-01-10 14:30:00,2026-07-06 13:30:00,2026-09-02 13:30:00,172.51,160.06,171.73,168.1,4.78,234.33,412,,,,43.15,0.0,American Tower,S&P 500,US,0.1327973544973545
512,HLMA.L,3528.0,3598.96,3882.4,-9.1,47.3,triple_bottom_setup,2025-08-01 07:00:00,2025-11-18 08:00:00,2026-08-20 07:00:00,3191.38,3298.0,3418.0,3302.46,3.5,4902.0,266,,,,38.95,0.0,Halma plc,STOXX 600,Europe,0.13268518518518518
513,APG,38.6,39.9,41.87,-7.8,48.3,triple_bottom_setup,2025-07-22 13:30:00,2025-09-25 13:30:00,2026-09-09 13:30:00,33.64,33.4,35.57,34.2,4.0,49.99,285,,,,29.51,0.0,APi Group,S&P MidCap 400,US,0.13178174603174603
514,DASH,183.55,205.35,187.14,-1.9,37.1,triple_bottom_setup,2025-04-07 13:30:00,2026-02-17 14:30:00,2026-07-23 13:30:00,155.4,158.0,166.58,159.99,4.12,285.5,324,,,,55.54,0.0,DoorDash,S&P 500,US,0.13105714285714284
515,DG,119.58,124.23,126.24,-5.3,42.3,triple_bottom_setup,2025-06-24 13:30:00,2026-04-13 13:30:00,2026-08-20 13:30:00,109.55,114.68,117.51,113.91,3.83,158.23,291,,,,32.32,0.0,Dollar General,S&P 500,US,0.1310420634920635
516,PPG,104.33,111.36,110.89,-5.9,37.5,triple_bottom_setup,2025-06-13 13:30:00,2026-05-19 13:30:00,2026-07-31 13:30:00,106.08,100.0,109.54,105.21,4.95,133.43,283,,,,27.89,0.0,PPG Industries,S&P 500,US,0.13076719576719578
517,DKS,134.29,163.21,197.36,-32.0,42.1,triple_bottom_setup,2025-03-13 13:30:00,2025-08-01 13:30:00,2026-07-31 13:30:00,186.09,202.52,195.18,194.6,4.37,244.38,347,,,,81.98,0.0,Dick's Sporting Goods,S&P MidCap 400,US,0.13034947089947088
518,CLF,11.01,11.86,11.4,-3.4,40.0,triple_bottom_setup,2025-02-03 14:30:00,2026-05-19 13:30:00,2026-08-20 13:30:00,9.53,10.07,10.42,10.01,4.76,16.7,388,,,,51.68,0.0,Cleveland-Cliffs,S&P MidCap 400,US,0.12992275132275133
519,FCN,134.51,150.27,162.7,-17.3,34.7,triple_bottom_setup,2025-04-09 13:30:00,2026-05-13 13:30:00,2026-08-17 13:30:00,151.75,140.84,149.21,147.27,4.36,189.3,339,,,,40.73,0.0,FTI Consulting,S&P MidCap 400,US,0.12944126984126986
520,AOS,56.37,60.21,63.93,-11.8,37.3,triple_bottom_setup,2025-04-09 13:30:00,2025-06-20 13:30:00,2026-07-20 13:30:00,58.83,62.2,58.0,59.68,4.23,81.87,319,,,,45.24,0.0,A. O. Smith,S&P 500,US,0.1287457671957672
521,JD.L,80.02,85.26,80.69,-0.8,49.7,triple_bottom_setup,2025-07-17 07:00:00,2026-01-21 08:00:00,2026-08-20 07:00:00,82.14,76.65,78.48,79.09,3.86,106.18,277,,,,32.69,0.0,JD Sports,STOXX 600,Europe,0.12874021164021165
522,HD,284.49,322.87,335.3,-15.2,27.0,triple_bottom_setup,2025-03-13 13:30:00,2025-06-18 13:30:00,2026-07-23 13:30:00,345.26,345.8,323.05,338.04,4.43,426.75,341,,,,50.01,0.0,Home Depot (The),S&P 500,US,0.1286558201058201
523,DSV.CO,1198.0,1337.84,1555.92,-23.0,37.0,triple_bottom_setup,2025-02-04 08:00:00,2026-05-05 07:00:00,2026-08-05 07:00:00,1320.0,1414.5,1318.5,1351.0,4.7,1913.5,371,,,,59.72,0.0,DSV,STOXX 600,Europe,0.12857407407407406
524,H,158.56,171.01,169.2,-6.3,40.6,triple_bottom_setup,2025-01-10 14:30:00,2026-04-29 13:30:00,2026-07-30 13:30:00,150.0,156.86,164.87,157.24,4.85,206.86,388,,,,30.46,0.0,Hyatt,S&P MidCap 400,US,0.1285727513227513
525,CCL,24.54,25.25,27.27,-10.0,56.9,triple_bottom_setup,2025-01-07 14:30:00,2026-05-20 13:30:00,2026-07-23 13:30:00,23.27,23.45,25.1,23.94,4.85,34.03,385,,,,38.67,0.0,Carnival Corporation,S&P 500,US,0.12817592592592592
526,DHI,136.65,144.31,148.07,-7.7,41.3,triple_bottom_setup,2025-02-19 14:30:00,2026-05-19 13:30:00,2026-09-10 13:30:00,124.23,133.84,133.88,130.65,4.91,184.55,391,,,,35.05,0.0,D. R. Horton,S&P 500,US,0.12806957671957672
527,TRMB,57.11,57.95,62.9,-9.2,44.7,triple_bottom_setup,2025-04-07 13:30:00,2026-05-20 13:30:00,2026-09-10 13:30:00,52.91,52.8,56.62,54.11,4.64,87.5,358,,,,53.21,0.0,Trimble Inc.,S&P 500,US,0.12775449735449734
528,COF,193.07,211.06,204.81,-5.7,31.8,triple_bottom_setup,2024-12-18 14:30:00,2025-05-23 13:30:00,2026-07-08 13:30:00,173.96,183.38,191.38,182.91,4.89,259.64,386,,,,34.48,0.0,Capital One,S&P 500,US,0.12770820105820105
529,DECK,78.14,88.59,101.51,-23.0,35.6,triple_bottom_setup,2025-05-23 13:30:00,2025-08-11 13:30:00,2026-07-24 13:30:00,96.1,99.18,91.8,95.69,4.07,126.5,292,,,,61.89,0.0,Deckers Brands,S&P 500,US,0.12757433862433862
530,AAON,82.76,84.18,97.57,-15.2,51.5,triple_bottom_setup,2025-06-23 13:30:00,2026-03-30 13:30:00,2026-09-03 13:30:00,70.86,76.84,73.5,73.73,4.21,150.46,302,,,,81.8,0.0,AAON,S&P MidCap 400,US,0.12679708994708994
531,GNRC,206.95,200.79,212.06,-2.4,54.9,triple_bottom_setup,2025-09-04 13:30:00,2026-03-25 13:30:00,2026-09-16 13:30:00,174.02,183.83,173.25,177.03,3.84,296.44,259,,,,43.24,0.0,Generac,S&P 500,US,0.12665925925925925
532,APO,116.06,128.66,126.1,-8.0,29.6,triple_bottom_setup,2025-03-10 13:30:00,2025-05-23 13:30:00,2026-07-30 13:30:00,123.39,126.79,116.57,122.25,4.65,157.28,349,,,,35.52,0.0,Apollo Global Management,S&P 500,US,0.12641402116402115
533,CNA.L,146.6,153.88,180.93,-19.0,39.6,triple_bottom_setup,2025-07-18 07:00:00,2025-11-24 08:00:00,2026-08-05 07:00:00,152.45,161.05,151.45,154.98,3.91,220.3,265,,,,50.27,0.0,Centrica,STOXX 600,Europe,0.12640291005291004
534,PCG,12.25,15.63,16.44,-25.5,31.4,triple_bottom_setup,2025-04-30 13:30:00,2025-11-03 14:30:00,2026-08-07 13:30:00,16.32,15.53,16.88,16.24,4.39,19.16,319,,,,56.41,0.0,PG&E Corporation,S&P 500,US,0.1263457671957672
535,VICI,22.97,25.15,26.55,-13.5,27.3,triple_bottom_setup,2024-12-19 14:30:00,2026-01-08 14:30:00,2026-07-09 13:30:00,28.22,27.48,25.82,27.17,4.99,34.03,386,,,,48.15,0.0,Vici Properties,S&P 500,US,0.12620820105820105
536,BKNG,162.91,189.87,182.39,-10.7,33.5,triple_bottom_setup,2025-01-22 14:30:00,2025-11-20 14:30:00,2026-07-09 13:30:00,183.84,182.84,170.31,179.0,4.85,233.58,366,,,,43.38,0.0,Booking Holdings,S&P 500,US,0.12566269841269842
537,CSL,322.17,348.22,350.29,-8.0,42.6,triple_bottom_setup,2025-02-05 14:30:00,2025-06-20 13:30:00,2026-07-29 13:30:00,340.61,349.27,320.23,336.7,4.89,435.92,370,,,,35.31,0.0,Carlisle Companies,S&P MidCap 400,US,0.12559179894179895
538,MOS,21.65,23.47,24.14,-10.3,34.6,triple_bottom_setup,2025-04-07 13:30:00,2026-05-19 13:30:00,2026-08-17 13:30:00,22.36,20.89,20.82,21.36,4.7,38.23,341,,,,76.58,0.0,Mosaic Company (The),S&P 500,US,0.12460582010582011
539,CDW,128.16,141.92,130.62,-1.9,33.2,triple_bottom_setup,2025-04-07 13:30:00,2025-11-21 14:30:00,2026-07-21 13:30:00,137.31,135.63,127.39,133.44,4.54,192.3,322,,,,50.05,0.0,CDW Corporation,S&P 500,US,0.1244925925925926
540,TTEK,32.95,35.07,32.93,0.1,30.3,triple_bottom_setup,2025-03-03 14:30:00,2025-05-07 13:30:00,2026-07-24 13:30:00,28.17,30.19,30.41,29.59,4.8,43.14,350,,,,30.93,0.0,Tetra Tech,S&P MidCap 400,US,0.1242962962962963
541,KBH,46.47,53.17,54.87,-15.3,33.4,triple_bottom_setup,2025-03-04 14:30:00,2025-10-10 13:30:00,2026-07-21 13:30:00,59.0,57.17,54.01,56.73,4.79,68.71,346,,,,47.86,0.0,KB Home,S&P MidCap 400,US,0.12391719576719576
542,OLN,15.5,18.22,22.6,-31.4,29.8,triple_bottom_setup,2025-04-08 13:30:00,2025-06-23 13:30:00,2026-07-31 13:30:00,17.66,18.96,17.73,18.12,4.66,30.46,329,,,,96.52,0.0,Olin Corporation,S&P MidCap 400,US,0.12361851851851852
543,MCD,230.94,259.4,287.15,-19.6,21.8,triple_bottom_setup,2025-06-26 13:30:00,2026-05-11 13:30:00,2026-07-23 13:30:00,283.47,271.98,260.96,272.14,4.16,341.75,269,,,,47.98,0.0,McDonald's,S&P 500,US,0.12318201058201059
544,WMT,103.92,108.92,118.0,-11.9,39.0,triple_bottom_setup,2025-07-11 13:30:00,2025-11-14 14:30:00,2026-08-21 13:30:00,94.23,98.88,102.15,98.42,4.26,135.16,280,,,,30.06,0.0,Walmart,S&P 500,US,0.12313703703703704
545,BA,186.05,212.97,220.87,-15.8,31.1,triple_bottom_setup,2025-06-13 13:30:00,2026-03-30 13:30:00,2026-07-21 13:30:00,195.28,187.72,203.9,195.63,4.23,254.35,275,,,,36.71,0.0,Boeing,S&P 500,US,0.12292566137566137
546,TSN,50.53,55.2,59.17,-14.6,31.4,triple_bottom_setup,2025-08-01 13:30:00,2026-06-18 13:30:00,2026-09-04 13:30:00,51.85,54.63,50.71,52.4,4.26,69.48,275,,,,37.5,0.0,Tyson Foods,S&P 500,US,0.12247566137566139
547,GLPI,37.97,41.65,43.64,-13.0,27.6,triple_bottom_setup,2025-07-31 13:30:00,2026-04-02 13:30:00,2026-08-17 13:30:00,45.3,43.64,41.73,43.56,4.19,49.95,262,,,,31.55,0.0,Gaming and Leisure Properties,S&P MidCap 400,US,0.12180608465608464
548,HOOD,112.5,105.04,94.38,19.2,49.3,triple_bottom_setup,2025-09-05 13:30:00,2025-11-21 14:30:00,2026-09-16 13:30:00,95.66,102.1,101.71,99.82,4.17,153.86,258,,,,36.76,0.0,Robinhood Markets,S&P 500,US,0.12157698412698412
549,CHDN,75.68,85.51,91.65,-17.4,31.4,triple_bottom_setup,2025-04-25 13:30:00,2026-03-09 13:30:00,2026-07-30 13:30:00,85.58,80.24,79.4,81.74,4.7,118.46,316,,,,56.53,0.0,Churchill Downs Inc.,S&P MidCap 400,US,0.1212989417989418
550,SLM,22.63,25.81,23.96,-5.5,29.7,triple_bottom_setup,2025-04-07 13:30:00,2025-10-16 13:30:00,2026-07-24 13:30:00,23.81,25.13,23.0,23.98,4.8,34.97,325,,,,54.53,0.0,SLM Corp,S&P MidCap 400,US,0.120989417989418
551,THO,69.1,75.6,85.15,-18.9,39.4,triple_bottom_setup,2025-03-13 13:30:00,2026-04-02 13:30:00,2026-07-08 13:30:00,75.78,74.66,69.86,73.43,4.87,122.83,330,,,,77.76,0.0,Thor Industries,S&P MidCap 400,US,0.12060079365079365
552,BROS,38.56,50.15,55.8,-30.9,26.3,triple_bottom_setup,2025-03-10 13:30:00,2026-01-06 14:30:00,2026-07-08 13:30:00,57.36,58.65,62.4,59.47,4.93,77.88,333,,,,101.97,0.0,Dutch Bros Inc.,S&P MidCap 400,US,0.12009761904761904
553,WY,19.05,23.13,23.82,-20.0,18.9,triple_bottom_setup,2025-07-01 13:30:00,2025-09-19 13:30:00,2026-07-30 13:30:00,25.16,23.98,23.16,24.1,4.4,27.75,271,,,,45.67,0.0,Weyerhaeuser,S&P 500,US,0.11984656084656084
554,BDC,107.93,118.44,119.23,-9.5,39.3,triple_bottom_setup,2025-06-02 13:30:00,2026-05-19 13:30:00,2026-09-01 13:30:00,103.57,101.0,109.8,104.79,4.78,159.99,314,,,,48.23,0.0,Belden Inc.,S&P MidCap 400,US,0.11983439153439153
555,TRU,61.12,78.16,75.44,-19.0,21.6,triple_bottom_setup,2025-04-07 13:30:00,2025-10-02 13:30:00,2026-07-23 13:30:00,66.38,70.2,72.79,69.79,4.89,99.39,324,,,,62.61,0.0,TransUnion,S&P MidCap 400,US,0.11950714285714285
556,JKHY,143.24,157.17,156.98,-8.8,31.2,triple_bottom_setup,2025-08-11 13:30:00,2026-04-10 13:30:00,2026-08-17 13:30:00,157.8,146.92,149.19,151.3,4.29,193.39,255,,,,35.01,0.0,Jack Henry & Associates,S&P 500,US,0.11938015873015873
557,RDDT,142.44,157.16,169.28,-15.9,40.1,triple_bottom_setup,2025-07-18 13:30:00,2026-02-12 14:30:00,2026-07-31 13:30:00,138.11,127.71,135.22,133.68,4.47,282.95,260,,,,98.65,0.0,Reddit,S&P 500,US,0.1173415343915344
558,WLK,62.31,73.38,87.38,-28.7,25.3,triple_bottom_setup,2025-06-20 13:30:00,2025-10-14 13:30:00,2026-07-31 13:30:00,70.13,74.29,68.48,70.97,4.68,124.23,279,,,,99.37,0.0,Westlake Corporation,S&P MidCap 400,US,0.1167047619047619
559,AN,157.44,198.5,199.08,-20.9,23.2,triple_bottom_setup,2025-05-23 13:30:00,2025-08-01 13:30:00,2026-08-25 13:30:00,176.25,188.32,192.0,185.52,5.0,235.81,314,,,,49.78,0.0,AutoNation,S&P MidCap 400,US,0.11653439153439153
560,NXST,161.57,178.42,193.98,-16.7,38.3,triple_bottom_setup,2025-06-17 13:30:00,2026-04-02 13:30:00,2026-08-11 13:30:00,164.0,173.02,179.79,172.27,4.8,254.3,288,,,,57.39,0.0,Nexstar Media Group,S&P MidCap 400,US,0.1160952380952381
561,LOW,184.29,205.92,230.49,-20.0,28.6,triple_bottom_setup,2025-06-20 13:30:00,2025-11-18 14:30:00,2026-07-23 13:30:00,210.33,218.8,199.4,209.51,4.83,293.06,273,,,,59.02,0.0,Lowe's,S&P 500,US,0.1136611111111111
562,STJ.L,1060.0,1125.27,1244.8,-14.8,34.9,triple_bottom_setup,2025-06-13 07:00:00,2026-05-20 07:00:00,2026-07-29 07:00:00,1067.25,1133.0,1038.75,1079.67,4.94,1575.5,285,,,,48.63,0.0,St. James's Place,STOXX 600,Europe,0.1135984126984127
563,CNX,31.17,35.1,36.61,-14.9,23.2,triple_bottom_setup,2025-07-03 13:30:00,2026-01-05 14:30:00,2026-07-10 13:30:00,31.36,33.82,31.52,32.23,4.92,43.62,255,,,,39.94,0.0,CNX Resources,S&P MidCap 400,US,0.10993015873015874
