rank,ticker,price,sma50,sma200,pct_above_200sma,rsi14,pattern_type,bottom1_date,bottom2_date,bottom3_date,bottom1_price,bottom2_price,bottom3_price,avg_bottom,bottom_variation_pct,neckline,pattern_span_days,breakout_date,days_since_breakout,pct_above_neckline,pct_to_neckline,volume_ratio,name,indices,region,score
1,TWLO,301.27,234.99,175.31,71.9,69.9,triple_bottom_breakout,2022-01-27 14:30:00,2026-05-26 13:30:00,2026-07-23 13:30:00,172.61,180.36,179.65,177.54,2.78,238.48,1124,2026-08-07 13:30:00,38.0,26.33,,3.59,Twilio,S&P MidCap 400,US,0.5041008547008546
2,ANF,136.36,124.15,101.33,34.6,54.0,triple_bottom_breakout,2025-04-30 13:30:00,2025-11-24 14:30:00,2026-05-20 13:30:00,66.87,65.45,69.68,67.33,3.49,133.11,265,2026-08-26 13:30:00,25.0,2.44,,15.48,Abercrombie & Fitch,S&P MidCap 400,US,0.4481639804639805
3,RVTY,149.06,127.05,105.91,40.7,66.6,triple_bottom_breakout,2023-08-18 13:30:00,2024-10-25 13:30:00,2026-09-10 13:30:00,112.28,115.27,120.9,116.15,4.09,133.0,767,2026-09-15 13:30:00,12.0,12.08,,2.46,Revvity,S&P 500,US,0.4356358974358975
4,VOD.L,124.1,121.97,112.51,10.3,49.3,triple_bottom_setup,2022-05-17 07:00:00,2022-08-04 07:00:00,2026-08-27 07:00:00,115.02,117.42,115.55,116.0,1.23,132.1,1080,,,,6.45,0.0,Vodafone Group,STOXX 600,Europe,0.42779999999999996
5,IEX,229.85,229.6,209.72,9.6,54.6,triple_bottom_setup,2024-05-03 13:30:00,2024-11-20 14:30:00,2026-09-16 13:30:00,219.23,219.95,219.44,219.54,0.19,243.8,593,,,,6.07,0.0,IDEX Corporation,S&P 500,US,0.4250058201058201
6,GRMN,282.46,286.29,244.21,15.7,48.2,triple_bottom_breakout,2024-11-20 14:30:00,2025-08-01 13:30:00,2026-05-19 13:30:00,204.16,214.44,224.54,214.38,4.77,273.32,372,2026-07-29 13:30:00,45.0,3.34,,4.25,Garmin,S&P 500,US,0.42321628709454795
7,WBD,30.95,28.12,27.67,11.8,75.4,triple_bottom_setup,2022-01-26 14:30:00,2026-02-05 14:30:00,2026-07-27 13:30:00,24.18,26.61,25.25,25.35,4.98,31.12,1127,,,,0.55,0.0,Warner Bros. Discovery,S&P 500,US,0.4207166666666666
8,ILMN,265.72,217.37,162.01,64.0,67.6,triple_bottom_breakout,2022-05-11 13:30:00,2023-03-28 13:30:00,2026-09-11 13:30:00,202.68,206.72,200.01,203.14,1.77,251.04,1087,2026-09-23 13:30:00,6.0,5.85,,0.88,"Illumina, Inc.",S&P 500,US,0.420631746031746
9,HAE,104.37,98.34,74.9,39.3,53.2,triple_bottom_breakout,2022-12-16 14:30:00,2025-12-15 14:30:00,2026-07-09 13:30:00,76.0,78.68,71.81,75.5,4.88,97.97,890,2026-08-18 13:30:00,31.0,6.53,,2.78,Haemonetics,S&P MidCap 400,US,0.4193444444444444
10,TXNM,58.53,57.82,57.85,1.2,58.2,triple_bottom_setup,2025-07-08 13:30:00,2025-09-19 13:30:00,2026-08-24 13:30:00,56.17,56.49,57.07,56.58,0.87,59.53,284,,,,1.71,0.0,TXNM Energy,S&P MidCap 400,US,0.41026613756613756
11,EZJ.L,677.2,662.3,509.73,32.9,64.3,triple_bottom_setup,2021-10-21 07:00:00,2022-01-24 08:00:00,2026-07-22 07:00:00,575.76,589.4,562.0,575.72,2.38,729.2,1197,,,,7.68,0.0,EasyJet,STOXX 600,Europe,0.4003
12,MTD,1481.17,1405.39,1318.24,12.4,58.8,triple_bottom_setup,2023-06-20 13:30:00,2023-08-22 13:30:00,2026-07-21 13:30:00,1254.48,1151.18,1216.9,1207.52,4.67,1546.93,773,,,,4.44,0.0,Mettler Toledo,S&P 500,US,0.39295
13,IVZ,30.42,31.31,27.5,10.6,43.5,triple_bottom_breakout,2021-12-20 14:30:00,2025-11-18 14:30:00,2026-04-07 13:30:00,21.33,22.1,21.82,21.75,1.93,29.61,1076,2026-07-15 13:30:00,55.0,2.74,,1.25,Invesco,S&P 500,US,0.38798730158730155
14,PBF,82.34,71.23,47.68,72.7,65.7,triple_bottom_breakout,2023-06-01 13:30:00,2026-04-17 13:30:00,2026-06-18 13:30:00,35.46,36.12,36.39,35.99,1.47,62.88,764,2026-07-20 13:30:00,52.0,30.95,,0.92,PBF Energy,S&P MidCap 400,US,0.37925828092243186
15,ABDN.L,242.4,246.24,226.2,7.2,45.8,triple_bottom_setup,2022-01-24 08:00:00,2026-06-19 07:00:00,2026-09-16 07:00:00,228.78,224.0,236.6,229.79,2.96,265.0,1172,,,,9.32,0.0,Aberdeen Group,STOXX 600,Europe,0.37793333333333334
16,MRNA,188.94,120.97,67.59,179.6,65.8,triple_bottom_breakout,2023-03-01 14:30:00,2023-05-17 13:30:00,2026-09-10 13:30:00,133.66,122.56,130.38,128.87,4.89,176.66,885,2026-09-22 13:30:00,7.0,6.95,,1.33,Moderna,S&P 500,US,0.3760888888888889
17,WST,365.01,351.62,301.59,21.0,54.2,triple_bottom_setup,2024-06-18 13:30:00,2025-01-15 14:30:00,2026-09-10 13:30:00,310.0,321.46,331.99,321.15,3.47,386.0,558,,,,5.75,0.0,West Pharmaceutical Services,S&P 500,US,0.37384285714285714
18,LGEN.L,285.6,296.34,273.51,4.4,39.5,triple_bottom_setup,2021-10-20 07:00:00,2021-12-20 08:00:00,2026-08-24 07:00:00,272.5,279.89,282.78,278.39,2.12,318.1,1221,,,,11.38,0.0,Legal & General,STOXX 600,Europe,0.3733666666666666
19,SHEL.L,3589.0,3432.76,3160.14,13.6,57.2,triple_bottom_setup,2025-06-25 07:00:00,2026-01-08 08:00:00,2026-07-08 07:00:00,2498.96,2553.77,2559.5,2537.41,1.52,3758.5,262,,,,4.72,0.0,Shell plc,STOXX 600,Europe,0.3725227513227513
20,SHC,18.12,18.61,16.98,6.7,41.2,triple_bottom_setup,2023-02-13 14:30:00,2023-08-03 13:30:00,2026-07-21 13:30:00,16.15,15.82,16.83,16.27,3.46,19.85,860,,,,9.55,0.0,Sotera Health,S&P MidCap 400,US,0.3685166666666667
21,TTC,97.79,96.13,92.96,5.2,58.3,triple_bottom_setup,2023-08-21 13:30:00,2024-02-01 14:30:00,2026-07-31 13:30:00,96.85,91.03,90.24,92.71,4.47,105.19,738,,,,7.57,0.0,Toro,S&P MidCap 400,US,0.3674857142857143
22,BRKR,61.94,58.84,49.13,26.1,54.0,triple_bottom_setup,2024-12-19 14:30:00,2026-06-12 13:30:00,2026-09-14 13:30:00,54.62,52.9,51.54,53.02,3.02,65.3,432,,,,5.42,0.0,Bruker,S&P MidCap 400,US,0.3666761904761905
23,SVT.L,3074.0,3049.96,3020.35,1.8,54.4,triple_bottom_setup,2023-06-02 07:00:00,2026-06-22 07:00:00,2026-09-15 07:00:00,2656.0,2812.0,2888.0,2785.33,4.64,3335.0,832,,,,8.49,0.0,Severn Trent,STOXX 600,Europe,0.35965
24,WTRG,38.67,40.36,38.65,0.1,32.0,triple_bottom_setup,2023-09-07 13:30:00,2024-05-29 13:30:00,2026-07-15 13:30:00,35.44,35.89,37.72,36.35,3.77,42.37,714,,,,9.57,0.0,Essential Utilities,S&P MidCap 400,US,0.35814444444444443
25,GEF,81.56,84.15,72.19,13.0,45.7,triple_bottom_breakout,2023-01-05 14:30:00,2026-01-29 14:30:00,2026-07-14 13:30:00,65.81,68.6,69.35,67.92,3.11,77.14,881,2026-07-24 13:30:00,48.0,5.73,,1.1,"Greif, Inc.",S&P MidCap 400,US,0.3570743764172336
26,A,166.68,151.97,132.41,25.9,60.0,triple_bottom_breakout,2024-12-19 14:30:00,2026-01-02 14:30:00,2026-09-10 13:30:00,131.62,135.27,141.25,136.05,3.82,163.75,430,2026-09-22 13:30:00,7.0,1.79,,1.73,Agilent Technologies,S&P 500,US,0.35502857142857147
27,BP.L,557.1,543.15,514.84,8.2,52.8,triple_bottom_setup,2023-01-25 08:00:00,2023-10-05 07:00:00,2026-08-07 07:00:00,468.6,489.55,513.0,490.38,4.61,609.4,892,,,,9.39,0.0,BP,STOXX 600,Europe,0.3526
28,BKH,70.14,72.13,71.56,-2.0,43.0,triple_bottom_setup,2022-12-16 14:30:00,2025-12-19 14:30:00,2026-08-04 13:30:00,67.3,67.25,70.52,68.36,3.16,78.69,908,,,,12.19,0.0,Black Hills Corporation,S&P MidCap 400,US,0.35101666666666664
29,BDX,178.07,178.93,160.59,10.9,44.8,triple_bottom_setup,2024-12-11 14:30:00,2025-02-28 14:30:00,2026-09-11 13:30:00,172.04,174.25,175.2,173.83,1.03,198.11,437,,,,11.25,0.0,Becton Dickinson,S&P 500,US,0.3486042328042328
30,EQH,51.95,51.13,44.8,16.0,49.3,triple_bottom_setup,2025-08-06 13:30:00,2025-10-16 13:30:00,2026-08-25 13:30:00,47.0,46.73,48.58,47.44,2.4,55.24,264,,,,6.33,0.0,Equitable Holdings,S&P MidCap 400,US,0.34617063492063493
31,ENTG,158.48,140.9,131.62,20.4,63.9,triple_bottom_setup,2022-01-27 14:30:00,2022-04-11 13:30:00,2026-07-29 13:30:00,107.41,106.92,106.91,107.08,0.31,186.94,1128,,,,17.96,0.0,Entegris,S&P MidCap 400,US,0.34568333333333334
32,NEU,921.14,888.5,739.76,24.5,61.9,triple_bottom_breakout,2024-03-13 13:30:00,2026-02-17 14:30:00,2026-04-23 13:30:00,603.0,585.82,607.58,598.8,2.17,875.97,529,2026-08-04 13:30:00,41.0,5.16,,1.32,NewMarket Corporation,S&P MidCap 400,US,0.34441746031746034
33,EMR,158.57,154.14,143.7,10.4,58.9,triple_bottom_setup,2025-02-05 14:30:00,2025-10-14 13:30:00,2026-07-16 13:30:00,122.37,125.72,133.55,127.21,4.98,165.15,361,,,,4.15,0.0,Emerson Electric,S&P 500,US,0.33846798941798945
34,UGI,36.36,36.69,35.97,1.1,44.3,triple_bottom_setup,2023-03-24 13:30:00,2025-03-13 13:30:00,2026-08-11 13:30:00,32.1,31.79,33.54,32.48,3.27,41.34,847,,,,13.7,0.0,UGI Corp,S&P MidCap 400,US,0.3367833333333333
35,ED,103.5,106.91,106.51,-2.8,42.1,triple_bottom_setup,2022-08-29 13:30:00,2024-09-19 13:30:00,2026-08-24 13:30:00,97.44,100.95,105.51,101.3,4.16,116.23,999,,,,12.3,0.0,Consolidated Edison,S&P 500,US,0.33509999999999995
36,CRBG,33.66,33.1,28.96,16.2,49.9,triple_bottom_setup,2025-08-07 13:30:00,2025-10-16 13:30:00,2026-08-25 13:30:00,33.03,30.47,31.62,31.7,4.17,35.22,263,,,,4.62,0.0,Corebridge Financial,S&P MidCap 400,US,0.3337383597883598
37,VRSN,286.9,288.43,264.46,8.5,47.1,triple_bottom_setup,2025-05-27 13:30:00,2025-08-13 13:30:00,2026-07-23 13:30:00,265.24,261.23,255.21,260.56,2.05,312.48,290,,,,8.92,0.0,Verisign,S&P 500,US,0.33327645502645503
38,SGRO.L,912.6,953.04,800.8,14.0,32.4,triple_bottom_setup,2024-07-02 07:00:00,2026-07-14 07:00:00,2026-09-15 07:00:00,885.4,846.6,924.0,885.33,4.38,997.4,558,,,,9.29,0.0,Segro,STOXX 600,Europe,0.3306928571428572
39,TMO,652.51,615.46,541.34,20.5,55.7,triple_bottom_breakout,2024-05-30 13:30:00,2025-12-18 14:30:00,2026-09-10 13:30:00,550.33,554.53,594.82,566.56,4.99,647.0,571,2026-09-16 13:30:00,11.0,0.85,,1.5,Thermo Fisher Scientific,S&P 500,US,0.3301603174603175
40,NDAQ,91.67,94.7,90.1,1.7,42.7,triple_bottom_setup,2025-07-18 13:30:00,2025-10-02 13:30:00,2026-09-16 13:30:00,86.36,86.45,87.94,86.92,1.18,101.79,292,,,,11.04,0.0,"Nasdaq, Inc.",S&P 500,US,0.3289243386243386
41,TECH,72.4,72.22,61.84,17.1,55.8,triple_bottom_setup,2024-08-07 13:30:00,2024-10-25 13:30:00,2026-09-10 13:30:00,70.14,68.07,72.08,70.1,2.89,80.95,524,,,,11.81,0.0,Bio-Techne,S&P 500,US,0.32754550264550264
42,ALV,113.07,119.79,117.6,-3.8,40.1,triple_bottom_setup,2024-04-19 13:30:00,2026-05-19 13:30:00,2026-07-23 13:30:00,113.96,113.18,113.92,113.69,0.45,132.17,565,,,,16.89,0.0,Autoliv,S&P MidCap 400,US,0.3272354497354497
43,FAST,50.23,49.78,45.86,9.5,53.6,triple_bottom_setup,2025-08-01 13:30:00,2026-02-25 14:30:00,2026-09-02 13:30:00,44.87,44.51,47.65,45.68,4.32,52.92,273,,,,5.36,0.0,Fastenal,S&P 500,US,0.3266444444444444
44,ADM,79.52,81.81,73.58,8.1,38.6,triple_bottom_setup,2023-10-25 13:30:00,2026-06-24 13:30:00,2026-08-25 13:30:00,69.31,71.62,75.86,72.26,4.98,88.46,709,,,,11.24,0.0,Archer Daniels Midland,S&P 500,US,0.3254164021164021
45,BBY,87.7,86.84,71.3,23.0,47.0,triple_bottom_setup,2022-12-20 14:30:00,2024-07-02 13:30:00,2026-08-07 13:30:00,78.3,80.53,79.0,79.28,1.58,103.71,909,,,,18.26,0.0,Best Buy,S&P 500,US,0.32413333333333333
46,DXCM,86.23,86.08,72.95,18.2,47.2,triple_bottom_setup,2025-02-13 14:30:00,2025-06-23 13:30:00,2026-09-10 13:30:00,83.2,77.81,82.29,81.1,4.06,93.25,394,,,,8.14,0.0,Dexcom,S&P 500,US,0.32338306878306877
47,NOV,18.91,20.32,19.17,-1.4,32.7,triple_bottom_setup,2023-10-06 13:30:00,2023-12-06 14:30:00,2026-08-25 13:30:00,18.62,18.31,19.42,18.78,3.39,21.67,722,,,,14.6,0.0,NOV Inc.,S&P MidCap 400,US,0.3229859788359789
48,AMGN,407.27,407.87,360.56,13.0,50.2,triple_bottom_breakout,2024-09-25 13:30:00,2026-04-07 13:30:00,2026-06-18 13:30:00,312.16,335.06,334.05,327.09,4.56,391.29,433,2026-08-05 13:30:00,40.0,4.08,,2.13,Amgen,S&P 500,US,0.32280212930700736
49,VEEV,281.93,248.86,200.96,40.3,64.7,triple_bottom_setup,2024-08-05 13:30:00,2026-02-12 14:30:00,2026-07-23 13:30:00,177.41,168.14,179.25,174.93,3.88,310.5,492,,,,10.13,0.0,Veeva Systems,S&P 500,US,0.32246269841269837
50,EG,368.72,372.82,344.55,7.0,46.1,triple_bottom_setup,2025-01-14 14:30:00,2026-04-30 13:30:00,2026-09-09 13:30:00,349.15,334.26,361.7,348.37,4.05,401.07,414,,,,8.77,0.0,Everest Group,S&P 500,US,0.32092857142857145
51,EW,85.19,88.45,85.12,0.1,40.6,triple_bottom_setup,2022-10-13 13:30:00,2023-02-21 14:30:00,2026-07-27 13:30:00,80.69,75.33,81.16,79.06,4.72,96.29,947,,,,13.03,0.0,Edwards Lifesciences,S&P 500,US,0.32061666666666666
52,OZK,46.34,49.53,47.96,-3.4,34.5,triple_bottom_setup,2022-01-31 14:30:00,2025-08-01 13:30:00,2026-07-08 13:30:00,45.67,47.23,48.86,47.25,3.4,53.66,1111,,,,15.8,0.0,Bank OZK,S&P MidCap 400,US,0.31733333333333336
53,CACI,627.06,606.42,562.12,11.6,54.4,triple_bottom_setup,2024-11-20 14:30:00,2026-05-11 13:30:00,2026-07-21 13:30:00,438.17,465.0,435.92,446.36,4.18,683.5,414,,,,9.0,0.0,CACI International,S&P MidCap 400,US,0.31706190476190477
54,HUM,379.68,385.49,291.89,30.1,44.9,triple_bottom_setup,2024-01-25 14:30:00,2024-05-29 13:30:00,2026-08-05 13:30:00,342.69,328.09,353.69,341.49,3.92,428.88,633,,,,12.96,0.0,Humana,S&P 500,US,0.31693015873015873
55,HAS,89.98,91.69,89.21,0.9,51.2,triple_bottom_setup,2022-07-27 13:30:00,2025-11-19 14:30:00,2026-07-08 13:30:00,76.94,74.78,75.19,75.64,1.72,106.98,989,,,,18.89,0.0,Hasbro,S&P 500,US,0.3167833333333333
56,MSFT,512.8,484.66,431.23,18.9,60.3,triple_bottom_setup,2025-09-05 13:30:00,2025-11-25 14:30:00,2026-09-10 13:30:00,492.37,464.89,486.0,481.09,3.37,553.72,254,,,,7.98,0.0,Microsoft,S&P 500,US,0.31654788359788355
57,EGP,194.84,200.72,193.32,0.8,36.8,triple_bottom_setup,2022-01-28 14:30:00,2026-04-30 13:30:00,2026-08-12 13:30:00,188.37,195.81,199.51,194.56,3.18,226.71,1137,,,,16.36,0.0,EastGroup Properties,S&P MidCap 400,US,0.3159666666666666
58,MKS.L,377.6,386.85,365.66,3.3,49.1,triple_bottom_setup,2024-11-12 08:00:00,2025-05-12 07:00:00,2026-07-15 07:00:00,358.1,342.8,364.8,355.23,3.5,417.8,421,,,,10.65,0.0,Marks & Spencer,STOXX 600,Europe,0.3144378306878307
59,EHC,119.06,120.04,107.72,10.5,42.3,triple_bottom_setup,2025-06-16 13:30:00,2025-11-19 14:30:00,2026-08-27 13:30:00,117.4,110.69,118.77,115.62,4.26,127.99,301,,,,7.5,0.0,Encompass Health,S&P MidCap 400,US,0.3134148148148148
60,IFF,83.12,83.45,75.53,10.0,43.9,triple_bottom_setup,2024-11-18 14:30:00,2025-02-20 14:30:00,2026-09-10 13:30:00,85.4,78.91,82.6,82.3,4.12,91.65,452,,,,10.26,0.0,International Flavors & Fragrances,S&P 500,US,0.31248835978835976
61,AFG,138.08,142.68,133.9,3.1,38.1,triple_bottom_setup,2025-01-10 14:30:00,2025-11-03 14:30:00,2026-07-15 13:30:00,127.6,128.72,136.73,131.02,4.36,150.02,377,,,,8.65,0.0,American Financial Group,S&P MidCap 400,US,0.31238439153439157
62,WPP.L,382.9,368.23,298.85,28.1,53.0,triple_bottom_setup,2025-08-13 07:00:00,2025-10-13 07:00:00,2026-09-02 07:00:00,358.9,336.2,354.3,349.8,3.89,412.6,266,,,,7.76,0.0,WPP,STOXX 600,Europe,0.31216851851851857
63,PM,188.18,190.06,176.29,6.7,46.3,triple_bottom_setup,2025-07-02 13:30:00,2026-06-22 13:30:00,2026-09-08 13:30:00,175.13,172.29,181.01,176.14,2.76,207.76,297,,,,10.4,0.0,Philip Morris International,S&P 500,US,0.3112190476190476
64,RGA,244.62,244.58,217.32,12.6,46.3,triple_bottom_breakout,2024-12-18 14:30:00,2026-03-20 13:30:00,2026-06-03 13:30:00,201.07,196.43,195.1,197.53,1.79,232.97,363,2026-07-13 13:30:00,57.0,5.0,,1.19,Reinsurance Group of America,S&P MidCap 400,US,0.30923147235905857
65,SWX,81.76,88.29,86.62,-5.6,30.2,triple_bottom_setup,2022-06-21 13:30:00,2026-03-20 13:30:00,2026-08-05 13:30:00,82.01,83.51,88.0,84.51,4.13,94.47,1034,,,,15.55,0.0,Southwest Gas Corp,S&P MidCap 400,US,0.30846666666666667
66,META,725.93,622.21,626.98,15.8,61.2,triple_bottom_setup,2024-09-11 13:30:00,2025-04-21 13:30:00,2026-07-30 13:30:00,495.6,479.8,524.49,499.96,4.91,796.25,471,,,,9.69,0.0,Meta Platforms,S&P 500,US,0.30790158730158734
67,CRDA.L,3274.0,3253.48,2976.22,10.0,52.1,triple_bottom_setup,2025-06-02 07:00:00,2026-06-08 07:00:00,2026-09-15 07:00:00,2997.0,2840.0,3117.0,2984.67,4.85,3520.24,327,,,,7.52,0.0,Croda International,STOXX 600,Europe,0.3078373015873016
68,SNPS,490.54,405.28,444.72,10.3,74.4,triple_bottom_setup,2025-09-10 13:30:00,2025-11-18 14:30:00,2026-09-15 13:30:00,380.84,376.18,362.55,373.19,2.85,539.48,254,,,,9.98,0.0,Synopsys,S&P 500,US,0.30768121693121697
69,CRL,286.83,274.85,209.51,36.9,53.2,triple_bottom_breakout,2024-01-17 14:30:00,2024-07-05 13:30:00,2026-07-21 13:30:00,201.01,197.5,213.4,203.97,4.62,275.0,628,2026-08-10 13:30:00,37.0,4.3,,1.16,Charles River Laboratories,S&P 500,US,0.30717393483709277
70,FHN,23.05,24.62,24.1,-4.4,33.9,triple_bottom_setup,2022-03-16 13:30:00,2022-09-30 13:30:00,2026-07-15 13:30:00,22.85,22.89,24.48,23.41,4.59,26.56,1085,,,,15.23,0.0,First Horizon,S&P MidCap 400,US,0.30423333333333336
71,DAR,61.64,63.48,56.07,9.9,43.7,triple_bottom_setup,2023-01-04 14:30:00,2023-05-04 13:30:00,2026-08-05 13:30:00,58.9,54.76,57.76,57.14,4.17,71.6,898,,,,16.16,0.0,Darling Ingredients,S&P MidCap 400,US,0.3027833333333333
72,BRK-B,500.5,507.14,492.78,1.6,43.4,triple_bottom_setup,2025-08-04 13:30:00,2026-06-01 13:30:00,2026-08-21 13:30:00,455.19,467.96,495.68,472.94,4.81,537.74,264,,,,7.44,0.0,Berkshire Hathaway,S&P 500,US,0.30077063492063494
73,TSCO.L,474.8,471.37,463.66,2.4,51.6,triple_bottom_setup,2025-08-08 07:00:00,2025-11-17 08:00:00,2026-08-18 07:00:00,406.9,434.8,439.9,427.2,4.75,510.4,259,,,,7.5,0.0,Tesco,STOXX 600,Europe,0.30050925925925925
74,IQV,260.72,252.78,205.66,26.8,47.9,triple_bottom_breakout,2024-07-05 13:30:00,2025-12-04 14:30:00,2026-07-22 13:30:00,205.06,214.01,197.6,205.56,4.11,252.88,512,2026-08-20 13:30:00,29.0,3.1,,1.22,IQVIA,S&P 500,US,0.3004984126984127
75,NWSA,28.64,29.23,26.44,8.3,42.8,triple_bottom_setup,2025-06-13 13:30:00,2026-05-20 13:30:00,2026-07-23 13:30:00,27.25,25.58,26.29,26.37,3.32,31.61,277,,,,10.37,0.0,News Corp (Class A),S&P 500,US,0.300423544973545
76,DVN,47.16,46.66,44.02,7.1,48.4,triple_bottom_setup,2024-06-14 13:30:00,2026-02-26 14:30:00,2026-08-05 13:30:00,45.0,41.74,42.04,42.93,4.83,52.71,535,,,,11.77,0.0,Devon Energy,S&P 500,US,0.3002338624338624
77,OGE,45.67,46.56,46.22,-1.2,48.4,triple_bottom_setup,2025-07-08 13:30:00,2026-06-01 13:30:00,2026-08-31 13:30:00,43.25,45.62,45.27,44.71,3.27,50.59,289,,,,10.77,0.0,OGE Energy,S&P MidCap 400,US,0.2994275132275132
78,DT,59.26,51.11,42.49,39.5,70.2,triple_bottom_breakout,2025-04-07 13:30:00,2025-11-21 14:30:00,2026-07-23 13:30:00,39.3,42.72,40.4,40.81,4.7,57.55,324,2026-09-23 13:30:00,6.0,2.97,,1.27,Dynatrace,S&P MidCap 400,US,0.297984126984127
79,P,134.13,100.75,78.26,71.4,75.3,triple_bottom_breakout,2025-01-13 14:30:00,2026-02-05 14:30:00,2026-07-17 13:30:00,60.62,64.02,65.75,63.46,4.48,100.59,378,2026-08-11 13:30:00,36.0,33.34,,1.83,Everpure,S&P 500,US,0.2978774774774775
80,FLR,49.33,52.64,48.77,1.1,39.8,triple_bottom_setup,2024-11-12 14:30:00,2026-04-21 13:30:00,2026-07-29 13:30:00,47.72,46.63,46.77,47.04,1.45,57.5,426,,,,16.56,0.0,Fluor,S&P MidCap 400,US,0.2965992063492064
81,PLTR,190.04,168.47,152.08,25.0,63.1,triple_bottom_setup,2025-06-05 13:30:00,2026-02-13 14:30:00,2026-07-28 13:30:00,118.93,126.23,117.89,121.02,4.31,207.52,286,,,,9.2,0.0,Palantir Technologies,S&P 500,US,0.2965140211640212
82,WAT,425.53,409.33,363.35,17.1,53.4,triple_bottom_breakout,2024-11-20 14:30:00,2026-05-20 13:30:00,2026-07-21 13:30:00,340.62,323.85,345.21,336.56,3.78,423.56,414,2026-09-17 13:30:00,10.0,0.47,,0.91,Waters Corporation,S&P 500,US,0.2934620490620491
83,M,22.76,23.07,21.25,7.1,52.2,triple_bottom_setup,2022-11-09 14:30:00,2024-04-04 13:30:00,2026-09-10 13:30:00,18.72,18.29,19.77,18.93,4.46,26.59,960,,,,16.83,0.0,Macy's,S&P MidCap 400,US,0.29285000000000005
84,PKG,229.71,241.89,223.73,2.7,40.7,triple_bottom_setup,2024-10-03 13:30:00,2024-12-30 14:30:00,2026-09-10 13:30:00,210.55,222.84,225.33,219.57,4.11,259.98,484,,,,13.18,0.0,Packaging Corporation of America,S&P 500,US,0.2925378306878307
85,CHD,94.11,98.38,95.5,-1.5,37.7,triple_bottom_setup,2025-05-12 13:30:00,2025-07-16 13:30:00,2026-07-14 13:30:00,90.99,95.28,94.3,93.52,2.71,106.04,293,,,,12.68,0.0,Church & Dwight,S&P 500,US,0.2924399470899471
86,ITRK.L,5875.0,5849.0,5072.57,15.8,58.8,triple_bottom_breakout,2021-10-29 07:00:00,2025-09-02 07:00:00,2026-02-03 08:00:00,4813.0,4598.0,4364.0,4591.67,4.96,5824.0,1074,2026-07-15 07:00:00,55.0,0.88,,0.62,Intertek,STOXX 600,Europe,0.2923873015873016
87,MSI,448.03,459.52,428.38,4.6,40.1,triple_bottom_setup,2025-07-15 13:30:00,2026-05-08 13:30:00,2026-07-21 13:30:00,408.6,381.25,401.58,397.14,4.0,492.22,255,,,,9.86,0.0,Motorola Solutions,S&P 500,US,0.2915634920634921
88,LAND.L,607.5,671.0,635.27,-4.4,32.3,triple_bottom_setup,2024-01-18 08:00:00,2024-04-16 07:00:00,2026-09-15 07:00:00,634.79,611.0,611.0,618.93,2.56,726.0,672,,,,19.51,0.0,Land Securities,STOXX 600,Europe,0.2879055555555555
89,FTV,55.84,58.43,58.15,-4.0,45.7,triple_bottom_setup,2024-04-24 13:30:00,2024-07-05 13:30:00,2026-07-30 13:30:00,54.65,53.99,57.48,55.37,3.8,64.56,567,,,,15.62,0.0,Fortive,S&P 500,US,0.2878333333333334
90,BLK,1064.36,1105.5,1050.95,1.3,44.4,triple_bottom_setup,2024-12-04 14:30:00,2025-06-17 13:30:00,2026-09-16 13:30:00,1012.48,965.63,1017.46,998.52,3.29,1219.94,445,,,,14.62,0.0,BlackRock,S&P 500,US,0.2876791005291005
91,TT,458.94,454.06,445.54,3.0,59.8,triple_bottom_setup,2025-06-10 13:30:00,2025-10-22 13:30:00,2026-07-30 13:30:00,416.82,408.11,439.82,421.58,4.33,505.87,285,,,,10.23,0.0,Trane Technologies,S&P 500,US,0.2874984126984127
92,EQIX,1012.33,1042.08,978.78,3.4,43.7,triple_bottom_setup,2024-12-20 14:30:00,2026-07-06 13:30:00,2026-09-15 13:30:00,919.29,993.81,987.79,966.96,4.93,1128.68,432,,,,11.49,0.0,Equinix,S&P 500,US,0.28744285714285717
93,SJM,115.95,122.13,106.96,8.4,33.3,triple_bottom_setup,2023-11-30 14:30:00,2025-10-29 13:30:00,2026-07-15 13:30:00,107.75,100.59,107.45,105.26,4.44,134.62,655,,,,16.1,0.0,J.M. Smucker Company (The),S&P 500,US,0.28587354497354495
94,INF.L,860.4,893.49,850.44,1.2,39.2,triple_bottom_setup,2024-03-11 08:00:00,2024-05-30 07:00:00,2026-07-23 07:00:00,788.2,821.2,850.6,820.0,3.88,1000.0,598,,,,16.23,0.0,Informa,STOXX 600,Europe,0.2856505291005291
95,CUBE,37.53,39.7,38.2,-1.7,40.0,triple_bottom_setup,2025-01-13 14:30:00,2025-05-22 13:30:00,2026-07-30 13:30:00,39.8,40.68,40.5,40.33,1.31,44.13,387,,,,17.59,0.0,CubeSmart,S&P MidCap 400,US,0.28495714285714285
96,EAT,194.33,218.96,169.6,14.6,36.5,triple_bottom_breakout,2024-12-09 14:30:00,2026-03-09 13:30:00,2026-05-20 13:30:00,122.72,129.02,124.96,125.57,2.75,192.22,361,2026-07-20 13:30:00,52.0,1.1,,1.07,Brinker International,S&P MidCap 400,US,0.2836185983827493
97,ABNB,160.47,169.18,143.34,12.0,43.4,triple_bottom_breakout,2025-06-23 13:30:00,2026-05-20 13:30:00,2026-07-23 13:30:00,127.04,128.2,135.72,130.32,4.14,150.88,272,2026-07-28 13:30:00,46.0,6.36,,1.87,Airbnb,S&P 500,US,0.28356778115501524
98,PSON.L,1223.5,1210.69,1095.27,11.7,58.2,triple_bottom_setup,2025-01-21 08:00:00,2025-03-21 08:00:00,2026-07-23 07:00:00,1235.0,1169.5,1190.5,1198.33,3.06,1401.0,380,,,,14.51,0.0,Pearson plc,STOXX 600,Europe,0.2834478835978836
99,NTNX,71.52,65.57,50.39,41.9,66.1,triple_bottom_setup,2025-03-10 13:30:00,2025-10-17 13:30:00,2026-09-11 13:30:00,63.55,65.84,65.25,64.88,2.05,83.36,379,,,,16.55,0.0,Nutanix,S&P MidCap 400,US,0.2814656084656085
100,XEL,70.55,75.53,76.95,-8.3,35.8,triple_bottom_setup,2022-05-03 13:30:00,2026-06-01 13:30:00,2026-08-07 13:30:00,71.82,76.16,76.08,74.69,3.84,84.23,1069,,,,19.39,0.0,Xcel Energy,S&P 500,US,0.2808166666666667
101,DBX,34.08,34.21,28.17,21.0,48.7,triple_bottom_breakout,2025-01-13 14:30:00,2025-12-10 14:30:00,2026-07-23 13:30:00,29.01,26.83,27.89,27.91,3.95,33.33,382,2026-08-04 13:30:00,41.0,2.25,,1.34,Dropbox,S&P MidCap 400,US,0.28076190476190477
102,HOMB,28.56,30.09,28.13,1.5,37.1,triple_bottom_setup,2025-08-01 13:30:00,2026-01-02 14:30:00,2026-09-01 13:30:00,27.21,27.41,29.09,27.9,4.25,31.7,272,,,,10.99,0.0,Home BancShares,S&P MidCap 400,US,0.28064550264550264
103,STAG,35.72,37.08,37.21,-4.0,35.9,triple_bottom_setup,2022-02-24 14:30:00,2023-08-18 13:30:00,2026-08-20 13:30:00,37.23,34.56,36.21,36.0,4.0,42.61,1125,,,,19.29,0.0,STAG Industrial,S&P MidCap 400,US,0.27925
104,POR,44.76,48.31,49.31,-9.2,33.5,triple_bottom_setup,2022-12-16 14:30:00,2023-02-16 14:30:00,2026-08-10 13:30:00,47.18,45.75,47.91,46.95,2.55,54.62,912,,,,22.03,0.0,Portland General Electric,S&P MidCap 400,US,0.2781666666666667
105,ETN,437.28,421.29,387.05,13.0,57.0,triple_bottom_breakout,2024-12-30 14:30:00,2026-03-30 13:30:00,2026-07-29 13:30:00,327.54,342.0,358.13,342.56,4.55,436.74,394,2026-08-03 13:30:00,42.0,0.12,,1.47,Eaton Corporation,S&P 500,US,0.2781435954226652
106,ESS,269.51,278.75,263.23,2.4,41.7,triple_bottom_setup,2025-05-23 13:30:00,2025-09-04 13:30:00,2026-07-31 13:30:00,269.1,258.82,279.32,269.08,3.81,303.35,297,,,,12.56,0.0,Essex Property Trust,S&P 500,US,0.27746904761904756
107,FRT,108.03,115.62,110.12,-1.9,29.2,triple_bottom_setup,2022-05-24 13:30:00,2024-11-01 13:30:00,2026-08-11 13:30:00,106.52,110.19,115.78,110.83,4.47,128.21,1056,,,,18.68,0.0,Federal Realty Investment Trust,S&P 500,US,0.2772833333333333
108,SSB,100.61,105.7,98.73,1.9,35.6,triple_bottom_setup,2024-09-11 13:30:00,2025-01-13 14:30:00,2026-07-08 13:30:00,88.99,91.68,96.85,92.51,4.7,114.27,455,,,,13.58,0.0,South State Bank,S&P MidCap 400,US,0.2765185185185185
109,CL,84.53,89.75,87.79,-3.7,33.7,triple_bottom_setup,2025-04-09 13:30:00,2025-06-25 13:30:00,2026-08-04 13:30:00,87.48,87.07,89.17,87.91,1.44,99.33,330,,,,17.51,0.0,Colgate-Palmolive,S&P 500,US,0.276134126984127
110,TEL,217.76,208.49,213.08,2.2,59.5,triple_bottom_setup,2025-08-20 13:30:00,2026-05-19 13:30:00,2026-08-25 13:30:00,198.0,193.75,199.28,197.01,1.65,252.56,254,,,,15.98,0.0,TE Connectivity,S&P 500,US,0.27568121693121694
111,SYY,77.77,81.89,79.23,-1.8,37.6,triple_bottom_setup,2021-10-28 13:30:00,2025-11-05 14:30:00,2026-07-21 13:30:00,75.93,72.58,79.91,76.14,4.95,91.85,1184,,,,18.1,0.0,Sysco,S&P 500,US,0.2749166666666667
112,SPX.L,7175.0,7067.9,7082.96,1.3,54.9,triple_bottom_setup,2025-01-13 08:00:00,2026-07-09 07:00:00,2026-09-15 07:00:00,6375.0,6240.0,6675.0,6430.0,3.81,8245.0,423,,,,14.91,0.0,Spirax Group,STOXX 600,Europe,0.274552380952381
113,ALTR.LS,4.63,4.72,4.63,0.0,36.8,triple_bottom_setup,2025-07-25 08:00:00,2026-07-20 08:00:00,2026-09-15 08:00:00,4.73,4.57,4.63,4.64,1.83,5.39,291,,,,16.41,0.0,Altri,STOXX 600,Europe,0.2742920634920635
114,CNC,60.99,64.72,52.68,15.8,37.7,triple_bottom_setup,2024-10-23 13:30:00,2025-04-25 13:30:00,2026-07-28 13:30:00,59.77,56.06,56.67,57.5,3.95,70.11,439,,,,14.95,0.0,Centene Corporation,S&P 500,US,0.2742354497354498
115,SWK,89.59,94.73,82.34,8.8,43.4,triple_bottom_setup,2024-11-18 14:30:00,2025-02-05 14:30:00,2026-09-15 13:30:00,84.73,82.09,87.25,84.69,3.07,104.68,455,,,,16.84,0.0,Stanley Black & Decker,S&P 500,US,0.27380185185185185
116,CTAS,195.6,201.72,187.31,4.4,44.2,triple_bottom_setup,2024-08-05 13:30:00,2025-03-13 13:30:00,2026-08-17 13:30:00,183.92,189.37,196.5,189.93,3.46,229.24,509,,,,17.2,0.0,Cintas,S&P 500,US,0.272094708994709
117,NVG.LS,3.19,3.24,3.22,-1.0,37.8,triple_bottom_setup,2025-06-30 08:00:00,2025-10-28 09:00:00,2026-07-15 08:00:00,3.18,2.96,3.1,3.08,3.98,3.59,266,,,,12.47,0.0,The Navigator Company,STOXX 600,Europe,0.27156851851851854
118,VLY,12.67,13.91,13.13,-3.5,30.2,triple_bottom_setup,2021-10-29 13:30:00,2022-01-28 14:30:00,2026-07-23 13:30:00,13.15,13.17,14.01,13.44,4.22,15.2,1185,,,,19.97,0.0,Valley Bank,S&P MidCap 400,US,0.2702833333333333
119,SMIN.L,2782.0,2637.42,2543.52,9.4,63.4,triple_bottom_breakout,2025-09-03 07:00:00,2026-07-08 07:00:00,2026-09-10 07:00:00,2300.0,2419.0,2493.0,2404.0,4.33,2754.18,258,2026-09-22 07:00:00,7.0,1.01,,1.0,Smiths Group,STOXX 600,Europe,0.27014603174603175
120,NWS,31.45,32.88,30.05,4.7,39.4,triple_bottom_setup,2025-06-13 13:30:00,2026-05-20 13:30:00,2026-07-23 13:30:00,31.2,29.34,29.6,30.05,3.84,35.58,277,,,,13.13,0.0,News Corp (Class B),S&P 500,US,0.26962354497354496
121,IBOC,69.12,71.96,70.82,-2.4,39.3,triple_bottom_setup,2025-08-01 13:30:00,2026-05-15 13:30:00,2026-09-01 13:30:00,66.13,70.28,69.39,68.6,3.6,78.46,272,,,,13.51,0.0,Intl Bancshares Corp,S&P MidCap 400,US,0.26939550264550266
122,MMM,163.02,173.18,159.47,2.2,39.0,triple_bottom_setup,2025-09-03 13:30:00,2026-07-08 13:30:00,2026-09-14 13:30:00,150.43,153.56,160.27,154.75,3.56,184.9,258,,,,13.42,0.0,3M,S&P 500,US,0.2688936507936508
123,ACGL,94.26,98.33,96.38,-2.2,40.9,triple_bottom_setup,2025-01-13 14:30:00,2026-04-29 13:30:00,2026-08-12 13:30:00,89.47,91.44,96.95,92.62,4.68,107.09,396,,,,13.61,0.0,Arch Capital Group,S&P 500,US,0.2687642857142857
124,BJ,94.36,93.74,93.55,0.9,53.1,triple_bottom_setup,2025-08-25 13:30:00,2026-04-10 13:30:00,2026-09-09 13:30:00,94.63,89.67,87.72,90.67,4.36,105.78,261,,,,12.1,0.0,BJ's Wholesale Club,S&P MidCap 400,US,0.2682904761904762
125,NDSN,329.02,313.96,285.14,15.4,63.4,triple_bottom_breakout,2024-04-25 13:30:00,2024-11-20 14:30:00,2026-05-19 13:30:00,255.78,248.28,270.26,258.11,4.71,305.28,517,2026-08-04 13:30:00,41.0,7.78,,0.9,Nordson Corporation,S&P 500,US,0.2679031746031746
126,BLND.L,381.2,420.51,403.28,-5.5,31.8,triple_bottom_setup,2024-11-13 08:00:00,2025-05-23 07:00:00,2026-09-15 07:00:00,369.4,376.0,387.92,377.77,2.69,451.6,463,,,,18.47,0.0,British Land,STOXX 600,Europe,0.2669767195767196
127,KIM,22.21,23.74,22.81,-2.6,27.8,triple_bottom_setup,2022-04-07 13:30:00,2024-10-04 13:30:00,2026-07-10 13:30:00,23.57,22.54,24.7,23.6,4.65,26.57,1066,,,,19.63,0.0,Kimco Realty,S&P 500,US,0.26666666666666666
128,BMY,61.46,64.51,58.67,4.8,39.1,triple_bottom_breakout,2023-10-09 13:30:00,2024-12-13 14:30:00,2025-02-18 14:30:00,55.7,55.04,53.54,54.76,2.23,61.1,340,2026-07-23 13:30:00,49.0,0.59,,0.64,Bristol Myers Squibb,S&P 500,US,0.266415873015873
129,MRK,143.81,141.4,121.22,18.6,45.7,triple_bottom_breakout,2024-05-30 13:30:00,2026-03-20 13:30:00,2026-07-14 13:30:00,122.7,112.72,120.16,118.53,4.9,134.63,530,2026-08-13 13:30:00,34.0,6.82,,0.86,Merck & Co.,S&P 500,US,0.26636507936507936
130,MUR,37.47,36.74,35.38,5.9,52.5,triple_bottom_setup,2024-09-11 13:30:00,2025-12-16 14:30:00,2026-08-07 13:30:00,33.15,30.72,32.54,32.14,4.41,43.34,477,,,,15.67,0.0,Murphy Oil,S&P MidCap 400,US,0.26636190476190474
131,THC,253.97,260.54,213.17,19.1,44.8,triple_bottom_breakout,2024-10-08 13:30:00,2025-07-25 13:30:00,2026-06-08 13:30:00,147.12,146.6,157.58,150.43,4.75,247.21,416,2026-07-28 13:30:00,46.0,2.73,,1.26,Tenet Health,S&P MidCap 400,US,0.26605032083755487
132,SHW,320.78,338.48,331.97,-3.4,41.7,triple_bottom_setup,2025-04-08 13:30:00,2026-03-20 13:30:00,2026-07-23 13:30:00,308.84,301.58,301.1,303.84,1.65,379.65,323,,,,18.35,0.0,Sherwin-Williams,S&P 500,US,0.26505820105820105
133,LH,304.6,318.65,279.03,9.2,37.7,triple_bottom_breakout,2025-02-12 14:30:00,2026-05-05 13:30:00,2026-07-14 13:30:00,240.42,248.59,262.11,250.37,4.69,293.72,354,2026-07-24 13:30:00,48.0,3.7,,1.44,Labcorp,S&P 500,US,0.2646013605442177
134,DLTR,114.43,124.17,117.38,-2.5,41.3,triple_bottom_setup,2024-04-29 13:30:00,2026-01-30 14:30:00,2026-07-23 13:30:00,116.56,116.02,116.81,116.46,0.38,142.4,559,,,,24.44,0.0,Dollar Tree,S&P 500,US,0.26457513227513224
135,LIVN,74.7,79.29,71.29,4.8,36.4,triple_bottom_setup,2021-12-17 14:30:00,2022-03-14 13:30:00,2026-08-07 13:30:00,76.75,70.64,74.67,74.02,4.57,89.69,1162,,,,20.07,0.0,LivaNova,S&P MidCap 400,US,0.2642
136,EXR,133.08,141.27,138.8,-4.1,40.4,triple_bottom_setup,2025-06-30 13:30:00,2026-04-28 13:30:00,2026-07-09 13:30:00,142.7,138.0,142.31,141.0,2.13,155.19,257,,,,16.61,0.0,Extra Space Storage,S&P 500,US,0.2636280423280424
137,AIG,75.43,76.26,76.23,-1.0,50.7,triple_bottom_setup,2025-08-07 13:30:00,2026-06-03 13:30:00,2026-08-20 13:30:00,75.26,72.15,75.06,74.16,2.71,87.29,260,,,,15.72,0.0,American International Group,S&P 500,US,0.26274153439153436
138,GGG,77.76,79.31,81.47,-4.6,49.8,triple_bottom_setup,2021-12-01 14:30:00,2022-01-28 14:30:00,2026-07-09 13:30:00,71.66,68.85,72.51,71.01,3.04,95.69,1153,,,,23.06,0.0,Graco Inc.,S&P MidCap 400,US,0.2622333333333333
139,FANG,185.51,197.73,182.91,1.4,39.2,triple_bottom_setup,2024-11-05 14:30:00,2026-05-07 13:30:00,2026-08-07 13:30:00,173.72,186.55,184.8,181.69,4.39,214.51,438,,,,15.63,0.0,Diamondback Energy,S&P 500,US,0.2618365079365079
140,DRI,197.41,211.68,202.12,-2.3,38.6,triple_bottom_setup,2025-04-09 13:30:00,2026-05-19 13:30:00,2026-07-23 13:30:00,181.0,189.97,190.98,187.32,3.37,228.27,322,,,,15.63,0.0,Darden Restaurants,S&P 500,US,0.2617925925925926
141,TROW,105.83,109.28,101.52,4.2,48.4,triple_bottom_setup,2025-01-13 14:30:00,2025-08-01 13:30:00,2026-09-16 13:30:00,107.63,99.6,101.45,102.89,4.6,122.0,420,,,,15.28,0.0,T. Rowe Price,S&P 500,US,0.25922222222222224
142,LECO,269.4,269.95,262.34,2.7,53.2,triple_bottom_setup,2025-08-18 13:30:00,2026-06-01 13:30:00,2026-09-14 13:30:00,233.44,247.92,243.62,241.66,3.4,310.0,269,,,,15.07,0.0,Lincoln Electric,S&P MidCap 400,US,0.25899867724867726
143,CDNS,350.73,318.18,325.53,7.7,70.6,triple_bottom_setup,2024-03-15 13:30:00,2024-07-01 13:30:00,2026-07-17 13:30:00,298.11,304.12,320.07,307.43,4.11,416.69,585,,,,18.81,0.0,Cadence Design Systems,S&P 500,US,0.25898095238095237
144,D,60.76,65.73,63.26,-4.0,29.5,triple_bottom_setup,2022-10-13 13:30:00,2026-05-08 13:30:00,2026-08-07 13:30:00,61.7,61.04,66.0,62.91,4.91,72.99,956,,,,20.13,0.0,Dominion Energy,S&P 500,US,0.25860000000000005
145,KGF.L,327.9,314.4,308.38,6.3,56.8,triple_bottom_setup,2025-06-10 07:00:00,2026-07-08 07:00:00,2026-09-14 07:00:00,269.2,266.4,287.3,274.3,4.74,372.3,320,,,,13.54,0.0,Kingfisher plc,STOXX 600,Europe,0.25839470899470895
146,AVY,171.62,172.94,171.05,0.3,49.9,triple_bottom_setup,2025-04-08 13:30:00,2025-08-01 13:30:00,2026-07-23 13:30:00,157.0,164.19,154.72,158.64,3.5,199.54,323,,,,16.27,0.0,Avery Dennison,S&P 500,US,0.2546415343915344
147,OXY,57.84,58.19,53.5,8.1,49.0,triple_bottom_setup,2024-09-26 13:30:00,2026-05-08 13:30:00,2026-08-05 13:30:00,49.75,52.99,53.66,52.13,4.57,67.45,464,,,,16.61,0.0,Occidental Petroleum,S&P 500,US,0.2544089947089947
148,COLB,28.73,30.37,29.21,-1.6,37.3,triple_bottom_setup,2024-11-20 14:30:00,2026-05-15 13:30:00,2026-07-29 13:30:00,29.6,28.49,30.75,29.61,3.84,33.68,420,,,,17.23,0.0,Columbia Banking System,S&P MidCap 400,US,0.2543722222222222
149,WPC,63.83,69.31,69.03,-7.5,22.9,triple_bottom_setup,2023-04-14 13:30:00,2023-06-23 13:30:00,2026-07-08 13:30:00,69.28,64.74,70.31,68.11,4.95,76.97,809,,,,20.59,0.0,W. P. Carey,S&P MidCap 400,US,0.25416666666666665
150,PSA,284.0,307.77,294.24,-3.5,34.6,triple_bottom_setup,2024-12-19 14:30:00,2025-05-22 13:30:00,2026-07-21 13:30:00,288.67,292.14,307.56,296.12,3.86,331.79,394,,,,16.83,0.0,Public Storage,S&P 500,US,0.25396640211640215
151,AWK,127.86,135.66,130.63,-2.1,28.6,triple_bottom_setup,2025-05-14 13:30:00,2025-07-31 13:30:00,2026-07-15 13:30:00,131.65,137.5,128.95,132.7,3.62,147.87,292,,,,15.65,0.0,American Water Works,S&P 500,US,0.25390767195767194
152,IAG.L,432.2,431.44,417.65,3.5,51.4,triple_bottom_setup,2025-09-02 07:00:00,2026-06-11 07:00:00,2026-09-14 07:00:00,377.08,400.75,403.8,393.88,4.26,492.9,261,,,,14.04,0.0,International Airlines Group,STOXX 600,Europe,0.25362380952380953
153,APD,273.33,294.21,281.8,-3.0,31.3,triple_bottom_setup,2025-08-01 13:30:00,2026-03-03 14:30:00,2026-08-04 13:30:00,278.4,268.12,288.0,278.17,3.61,314.87,252,,,,15.2,0.0,Air Products,S&P 500,US,0.25251666666666667
154,DHR,211.76,208.01,200.88,5.4,47.6,triple_bottom_setup,2025-04-09 13:30:00,2025-09-25 13:30:00,2026-07-21 13:30:00,171.0,180.03,165.75,172.26,4.51,242.8,320,,,,14.66,0.0,Danaher Corporation,S&P 500,US,0.25251137566137566
155,WRB,68.9,70.1,68.39,0.7,50.0,triple_bottom_setup,2025-07-22 13:30:00,2026-06-01 13:30:00,2026-08-31 13:30:00,66.68,62.87,67.36,65.64,4.22,78.96,279,,,,14.6,0.0,W. R. Berkley Corporation,S&P 500,US,0.25193809523809524
156,RJF,159.76,172.08,159.75,0.0,37.3,triple_bottom_setup,2025-08-20 13:30:00,2025-10-30 13:30:00,2026-08-26 13:30:00,160.65,156.75,168.93,162.11,4.21,182.73,255,,,,14.38,0.0,Raymond James Financial,S&P 500,US,0.25074682539682536
157,SBUX,94.88,102.28,97.84,-3.0,35.6,triple_bottom_setup,2022-12-22 14:30:00,2023-03-24 13:30:00,2026-08-04 13:30:00,96.17,97.19,101.8,98.39,3.47,117.46,904,,,,23.8,0.0,Starbucks,S&P 500,US,0.24961666666666668
158,AFL,111.18,118.81,114.12,-2.6,29.4,triple_bottom_setup,2024-09-11 13:30:00,2025-10-29 13:30:00,2026-09-10 13:30:00,105.73,105.43,113.6,108.25,4.94,130.22,500,,,,17.13,0.0,Aflac,S&P 500,US,0.24928756613756614
159,GPC,125.12,131.22,118.06,6.0,36.3,triple_bottom_setup,2024-10-22 13:30:00,2024-12-20 14:30:00,2026-07-21 13:30:00,112.74,113.48,109.5,111.91,2.15,151.57,435,,,,21.14,0.0,Genuine Parts Company,S&P 500,US,0.24912301587301586
160,REG,71.8,75.59,74.96,-4.2,30.2,triple_bottom_setup,2024-10-10 13:30:00,2025-05-22 13:30:00,2026-08-11 13:30:00,69.47,70.53,75.35,71.78,4.97,83.66,458,,,,16.52,0.0,Regency Centers,S&P 500,US,0.24836534391534393
161,ALSN,116.28,122.12,116.99,-0.6,43.1,triple_bottom_setup,2024-12-19 14:30:00,2026-05-21 13:30:00,2026-08-04 13:30:00,106.3,106.12,111.86,108.09,3.48,137.62,404,,,,18.35,0.0,Allison Transmission,S&P MidCap 400,US,0.24832248677248678
162,IRM,111.13,118.55,110.63,0.5,40.2,triple_bottom_setup,2024-11-06 14:30:00,2026-07-08 13:30:00,2026-09-15 13:30:00,112.11,114.33,109.13,111.86,2.44,134.68,463,,,,21.19,0.0,Iron Mountain,S&P 500,US,0.2480600529100529
163,CI,267.96,278.29,277.24,-3.3,41.2,triple_bottom_setup,2025-08-01 13:30:00,2026-06-03 13:30:00,2026-08-05 13:30:00,256.89,270.43,263.11,263.48,2.64,315.47,253,,,,17.73,0.0,Cigna,S&P 500,US,0.24611560846560848
164,PLD,128.18,138.17,135.96,-5.7,26.8,triple_bottom_setup,2022-02-24 14:30:00,2026-05-05 13:30:00,2026-08-10 13:30:00,137.9,138.0,137.22,137.71,0.35,174.54,1117,,,,36.17,0.0,Prologis,S&P 500,US,0.24475
165,WEC,101.73,106.58,109.82,-7.4,39.4,triple_bottom_setup,2025-07-02 13:30:00,2026-06-01 13:30:00,2026-08-11 13:30:00,102.49,108.59,105.48,105.52,2.91,119.91,278,,,,17.87,0.0,WEC Energy Group,S&P 500,US,0.2442058201058201
166,BG,106.61,113.82,114.97,-7.3,34.7,triple_bottom_setup,2022-03-16 13:30:00,2022-05-12 13:30:00,2026-07-30 13:30:00,102.96,106.58,102.81,104.12,2.37,134.87,1096,,,,26.51,0.0,Bunge Global,S&P 500,US,0.24353333333333332
167,ECL,271.26,278.14,272.4,-0.4,41.8,triple_bottom_setup,2025-07-29 13:30:00,2026-03-19 13:30:00,2026-08-17 13:30:00,255.03,252.66,273.33,260.34,4.99,309.27,264,,,,14.01,0.0,Ecolab,S&P 500,US,0.24332063492063494
168,DOC,19.44,20.85,18.44,5.4,30.3,triple_bottom_setup,2024-11-18 14:30:00,2025-02-12 14:30:00,2026-08-17 13:30:00,20.63,19.23,20.4,20.09,4.26,22.95,435,,,,18.06,0.0,Healthpeak Properties,S&P 500,US,0.24313968253968254
169,HUBB,466.98,471.94,485.14,-3.7,53.4,triple_bottom_setup,2024-11-01 13:30:00,2025-08-07 13:30:00,2026-09-14 13:30:00,419.49,415.57,435.71,423.59,2.86,565.5,465,,,,21.1,0.0,Hubbell Incorporated,S&P 500,US,0.24277460317460314
170,SIGI,84.9,91.3,86.32,-1.6,33.7,triple_bottom_setup,2025-01-13 14:30:00,2025-04-30 13:30:00,2026-07-28 13:30:00,87.68,85.25,91.41,88.11,3.74,100.4,385,,,,18.26,0.0,Selective Insurance Group,S&P MidCap 400,US,0.24265925925925924
171,AAL,13.13,14.04,13.86,-5.3,43.8,triple_bottom_setup,2022-07-28 13:30:00,2022-11-03 13:30:00,2026-07-23 13:30:00,13.29,13.2,13.31,13.27,0.5,19.1,999,,,,45.47,0.0,American Airlines Group,S&P MidCap 400,US,0.2425
172,AAL.L,3979.0,3983.37,3635.24,9.5,48.0,triple_bottom_setup,2022-03-15 08:00:00,2026-04-30 07:00:00,2026-07-08 07:00:00,3495.53,3448.5,3250.0,3398.01,4.36,4901.49,1087,,,,23.18,0.0,Anglo American plc,STOXX 600,Europe,0.24143333333333336
173,VLTO,94.6,96.37,92.74,2.0,44.6,triple_bottom_setup,2025-02-05 14:30:00,2025-06-23 13:30:00,2026-07-22 13:30:00,95.52,96.46,89.35,93.78,4.72,110.11,365,,,,16.4,0.0,Veralto,S&P 500,US,0.24081375661375662
174,KEY,20.05,21.75,21.26,-5.7,31.3,triple_bottom_setup,2022-03-08 14:30:00,2026-05-15 13:30:00,2026-07-29 13:30:00,22.1,20.69,22.13,21.64,4.39,24.71,1101,,,,23.24,0.0,KeyCorp,S&P 500,US,0.24048333333333335
175,ITW,260.84,277.31,265.21,-1.6,38.3,triple_bottom_setup,2025-08-01 13:30:00,2026-06-01 13:30:00,2026-09-10 13:30:00,249.67,242.05,261.35,251.02,4.11,303.16,278,,,,16.22,0.0,Illinois Tool Works,S&P 500,US,0.23995582010582012
176,KDP,30.69,31.03,28.98,5.9,45.9,triple_bottom_setup,2024-11-19 14:30:00,2025-02-10 14:30:00,2026-08-11 13:30:00,30.91,30.67,28.66,30.08,4.72,36.12,430,,,,17.69,0.0,Keurig Dr Pepper,S&P 500,US,0.23866164021164024
177,MCO,447.36,481.27,469.81,-4.8,32.5,triple_bottom_setup,2024-09-11 13:30:00,2024-11-06 14:30:00,2026-07-24 13:30:00,467.61,450.44,468.37,462.14,2.53,546.88,467,,,,22.25,0.0,Moody's Corporation,S&P 500,US,0.23840582010582007
178,ALLY,37.65,42.14,42.28,-10.9,24.0,triple_bottom_setup,2022-03-08 14:30:00,2026-05-20 13:30:00,2026-07-24 13:30:00,39.85,40.62,42.21,40.89,3.22,47.29,1098,,,,25.6,0.0,Ally Financial,S&P MidCap 400,US,0.23836666666666664
179,CMG,32.32,34.68,34.89,-7.4,38.5,triple_bottom_setup,2021-12-06 14:30:00,2022-09-01 13:30:00,2026-07-23 13:30:00,31.36,31.04,31.47,31.29,0.79,69.26,1160,,,,114.3,0.0,Chipotle Mexican Grill,S&P 500,US,0.23815
180,CROX,119.24,124.74,106.33,12.1,46.9,triple_bottom_setup,2024-12-20 14:30:00,2025-07-15 13:30:00,2026-09-10 13:30:00,104.47,99.7,108.54,104.24,4.35,141.28,429,,,,18.48,0.0,Crocs,S&P MidCap 400,US,0.23749603174603176
181,PG,143.95,145.75,146.19,-1.5,43.6,triple_bottom_setup,2025-07-15 13:30:00,2025-10-13 13:30:00,2026-07-29 13:30:00,151.9,146.97,140.2,146.36,4.21,167.25,261,,,,16.19,0.0,Procter & Gamble,S&P 500,US,0.2364571428571428
182,BALL,56.5,61.75,59.69,-5.3,30.0,triple_bottom_setup,2024-07-09 13:30:00,2024-10-07 13:30:00,2026-08-04 13:30:00,58.71,63.36,60.8,60.96,3.94,68.29,519,,,,20.87,0.0,Ball Corporation,S&P 500,US,0.23563412698412697
183,SGE.L,979.2,1015.4,921.62,6.2,43.7,triple_bottom_setup,2023-10-04 07:00:00,2024-05-16 07:00:00,2026-09-11 07:00:00,967.8,954.2,956.8,959.6,0.85,1349.0,743,,,,37.77,0.0,Sage Group,STOXX 600,Europe,0.23553042328042328
184,MTN,138.99,143.66,135.3,2.7,48.8,triple_bottom_setup,2025-08-11 13:30:00,2025-10-15 13:30:00,2026-08-13 13:30:00,146.68,144.71,140.07,143.82,2.61,165.5,253,,,,19.07,0.0,Vail Resorts,S&P MidCap 400,US,0.23539894179894177
185,SUI,110.0,117.85,121.94,-9.8,31.5,triple_bottom_setup,2024-11-07 14:30:00,2025-01-10 14:30:00,2026-08-12 13:30:00,119.0,119.36,117.74,118.7,0.81,137.85,439,,,,25.32,0.0,Sun Communities,S&P MidCap 400,US,0.23491878306878308
186,DLR,176.49,187.21,178.72,-1.2,39.4,triple_bottom_setup,2025-06-26 13:30:00,2026-07-15 13:30:00,2026-09-15 13:30:00,163.64,171.03,175.47,170.05,3.77,208.14,306,,,,17.93,0.0,Digital Realty,S&P 500,US,0.2345095238095238
187,ALB,105.03,122.78,154.61,-32.1,33.4,triple_bottom_setup,2023-11-13 14:30:00,2024-01-19 14:30:00,2026-07-28 13:30:00,112.0,112.29,111.55,111.95,0.35,221.0,676,,,,110.42,0.0,Albemarle Corporation,S&P 500,US,0.23416798941798941
188,BA.L,1943.0,2060.29,2018.09,-3.7,40.9,triple_bottom_setup,2025-06-24 07:00:00,2026-01-28 08:00:00,2026-09-11 07:00:00,1798.5,1831.0,1867.0,1832.17,1.9,2360.0,309,,,,21.46,0.0,BAE Systems,STOXX 600,Europe,0.23353968253968252
189,PRU.L,921.0,1017.03,1079.22,-14.7,28.5,triple_bottom_setup,2023-03-20 08:00:00,2023-08-21 07:00:00,2026-08-05 07:00:00,934.2,932.8,949.4,938.8,1.13,1238.0,853,,,,34.42,0.0,Prudential plc,STOXX 600,Europe,0.23305
190,MSCI,545.39,560.24,569.65,-4.3,44.3,triple_bottom_setup,2025-07-23 13:30:00,2026-05-13 13:30:00,2026-08-17 13:30:00,525.0,554.51,550.52,543.34,3.38,644.77,268,,,,18.22,0.0,MSCI,S&P 500,US,0.23291640211640213
191,HIG,125.74,136.29,134.92,-6.8,36.4,triple_bottom_setup,2025-06-11 13:30:00,2025-09-10 13:30:00,2026-08-21 13:30:00,123.79,129.48,136.0,129.76,4.81,146.07,300,,,,16.17,0.0,Hartford (The),S&P 500,US,0.23278253968253967
192,MIDD,102.69,117.44,121.5,-15.5,28.6,triple_bottom_setup,2022-03-07 14:30:00,2025-02-12 14:30:00,2026-07-21 13:30:00,130.94,129.27,128.09,129.43,1.17,148.55,1096,,,,44.66,0.0,Middleby,S&P MidCap 400,US,0.23245
193,ELAN,21.77,23.81,23.8,-8.5,34.3,triple_bottom_setup,2022-05-12 13:30:00,2025-11-07 14:30:00,2026-08-10 13:30:00,20.51,20.83,21.32,20.89,2.07,27.98,1063,,,,28.53,0.0,Elanco,S&P MidCap 400,US,0.2312
194,O,53.53,60.35,60.44,-11.4,12.6,triple_bottom_setup,2023-03-24 13:30:00,2023-05-25 13:30:00,2026-08-10 13:30:00,59.07,58.13,61.27,59.49,2.99,67.94,846,,,,26.92,0.0,Realty Income,S&P 500,US,0.23081666666666664
195,NNN,40.2,44.92,43.4,-7.4,15.6,triple_bottom_setup,2021-11-01 13:30:00,2022-01-24 14:30:00,2026-08-12 13:30:00,44.26,41.86,45.29,43.8,4.44,50.0,1198,,,,24.38,0.0,NNN Reit,S&P MidCap 400,US,0.23023333333333332
196,VNT,31.69,32.41,34.18,-7.3,48.9,triple_bottom_setup,2021-12-20 14:30:00,2023-08-03 13:30:00,2026-07-08 13:30:00,28.55,28.89,28.15,28.53,1.33,48.2,1139,,,,52.1,0.0,Vontier,S&P MidCap 400,US,0.23005
197,POST,72.83,81.91,94.35,-22.8,32.5,triple_bottom_setup,2022-08-29 13:30:00,2022-11-11 14:30:00,2026-07-10 13:30:00,86.09,84.51,83.89,84.83,1.49,125.84,968,,,,72.79,0.0,Post Holdings,S&P MidCap 400,US,0.22765
198,LIN,469.45,480.12,483.15,-2.8,46.1,triple_bottom_setup,2025-08-01 13:30:00,2026-06-01 13:30:00,2026-08-17 13:30:00,449.32,488.88,473.05,470.42,4.48,548.2,261,,,,16.77,0.0,Linde plc,S&P 500,US,0.2275738095238095
199,SLB,48.66,52.73,50.01,-2.7,31.9,triple_bottom_setup,2023-06-23 13:30:00,2026-03-13 13:30:00,2026-07-21 13:30:00,45.75,43.55,45.18,44.83,2.85,62.12,770,,,,27.66,0.0,Schlumberger,S&P 500,US,0.22674999999999998
200,NG.L,1134.0,1167.52,1233.77,-8.1,45.1,triple_bottom_setup,2022-04-22 07:00:00,2026-06-19 07:00:00,2026-09-15 07:00:00,1149.5,1174.5,1096.5,1140.17,3.83,1428.5,1109,,,,25.97,0.0,National Grid plc,STOXX 600,Europe,0.22613333333333335
201,BF-B,25.97,27.12,26.55,-2.2,44.0,triple_bottom_setup,2025-06-17 13:30:00,2026-07-14 13:30:00,2026-09-16 13:30:00,25.53,24.9,25.55,25.33,1.68,31.92,313,,,,22.91,0.0,Brown–Forman,S&P 500,US,0.22528544973544976
202,LEA,121.37,126.45,127.22,-4.6,46.1,triple_bottom_setup,2024-05-01 13:30:00,2026-05-19 13:30:00,2026-08-06 13:30:00,123.86,126.28,118.79,122.98,3.4,150.33,567,,,,23.86,0.0,Lear,S&P MidCap 400,US,0.22516666666666668
203,HQY,89.37,98.35,88.73,0.7,36.8,triple_bottom_setup,2025-07-11 13:30:00,2025-12-08 14:30:00,2026-08-27 13:30:00,93.65,90.89,88.68,91.07,2.83,107.62,284,,,,20.42,0.0,HealthEquity,S&P MidCap 400,US,0.22494947089947087
204,TSLA,354.11,346.57,393.71,-10.1,45.6,triple_bottom_setup,2021-12-21 14:30:00,2025-07-07 13:30:00,2026-07-29 13:30:00,295.37,288.77,297.38,293.84,1.73,498.83,1153,,,,40.87,0.0,"Tesla, Inc.",S&P 500,US,0.22405
205,SR,76.44,80.45,83.14,-8.1,34.4,triple_bottom_setup,2022-05-03 13:30:00,2025-03-12 13:30:00,2026-08-04 13:30:00,72.11,73.91,78.28,74.77,4.7,95.31,1066,,,,24.69,0.0,Spire,S&P MidCap 400,US,0.22375
206,GSK.L,1795.0,1882.89,1952.98,-8.1,37.7,triple_bottom_setup,2022-07-14 07:00:00,2026-05-19 07:00:00,2026-09-11 07:00:00,1677.65,1690.0,1770.0,1712.55,3.35,2282.0,1051,,,,27.13,0.0,GSK plc,STOXX 600,Europe,0.22366666666666668
207,ADC,65.03,72.58,73.72,-11.8,16.6,triple_bottom_setup,2022-07-14 13:30:00,2022-11-30 14:30:00,2026-08-11 13:30:00,70.71,67.91,73.28,70.63,3.86,82.08,1022,,,,26.22,0.0,Agree Realty,S&P MidCap 400,US,0.22360000000000002
208,GEN,22.25,28.01,24.45,-9.0,29.0,triple_bottom_setup,2021-11-05 13:30:00,2022-01-28 14:30:00,2026-07-23 13:30:00,24.35,25.04,24.97,24.79,1.76,32.22,1180,,,,44.81,0.0,Gen Digital,S&P 500,US,0.22360000000000002
209,KRG,24.44,26.39,25.71,-4.9,22.9,triple_bottom_setup,2024-10-31 13:30:00,2026-05-19 13:30:00,2026-08-31 13:30:00,24.43,25.85,25.58,25.29,3.39,29.92,457,,,,22.42,0.0,Kite Realty Group Trust,S&P MidCap 400,US,0.2227664021164021
210,BR,161.15,167.59,169.46,-4.9,39.3,triple_bottom_setup,2023-05-31 13:30:00,2026-05-13 13:30:00,2026-07-23 13:30:00,144.54,139.79,143.04,142.46,1.87,271.91,788,,,,68.73,0.0,Broadridge Financial Solutions,S&P 500,US,0.22194999999999998
211,FSLR,172.11,208.14,224.64,-23.4,34.1,triple_bottom_setup,2023-03-17 13:30:00,2023-08-02 13:30:00,2026-07-28 13:30:00,195.32,190.1,195.84,193.75,1.89,320.95,842,,,,86.48,0.0,First Solar,S&P 500,US,0.22164999999999999
212,NOVT,143.58,147.06,140.23,2.4,50.4,triple_bottom_setup,2025-01-13 14:30:00,2026-02-05 14:30:00,2026-07-29 13:30:00,143.18,132.51,135.9,137.2,4.36,171.85,386,,,,19.69,0.0,Novanta,S&P MidCap 400,US,0.2215748677248677
213,KNSL,334.53,363.9,355.05,-5.8,38.0,triple_bottom_setup,2023-12-22 14:30:00,2026-03-25 13:30:00,2026-07-15 13:30:00,325.01,321.97,319.16,322.05,0.92,548.47,639,,,,63.95,0.0,Kinsale Capital Group,S&P MidCap 400,US,0.22072380952380952
214,AXTA,31.85,35.01,32.16,-1.0,34.8,triple_bottom_setup,2025-01-10 14:30:00,2026-02-03 14:30:00,2026-07-23 13:30:00,33.4,31.45,31.52,32.12,3.97,38.37,383,,,,20.47,0.0,Axalta,S&P MidCap 400,US,0.22052804232804232
215,OKE,87.16,92.15,85.27,2.2,36.4,triple_bottom_setup,2025-03-07 14:30:00,2026-02-25 14:30:00,2026-08-04 13:30:00,87.36,79.73,83.48,83.52,4.59,103.64,353,,,,18.91,0.0,Oneok,S&P 500,US,0.22025978835978838
216,CTEC.L,216.8,223.7,223.61,-3.0,46.7,triple_bottom_setup,2025-08-04 07:00:00,2026-03-23 08:00:00,2026-08-21 07:00:00,225.2,212.8,223.2,220.4,3.45,259.3,266,,,,19.6,0.0,Convatec,STOXX 600,Europe,0.22010185185185183
217,SW,43.04,46.57,42.6,1.0,38.9,triple_bottom_setup,2025-03-11 13:30:00,2025-06-23 13:30:00,2026-07-08 13:30:00,42.82,41.34,41.13,41.76,2.53,52.65,332,,,,22.33,0.0,Smurfit Westrock,S&P 500,US,0.21988201058201057
218,HON,213.8,221.95,228.88,-6.6,52.3,triple_bottom_setup,2024-07-09 13:30:00,2026-06-10 13:30:00,2026-09-14 13:30:00,208.13,215.54,196.98,206.89,4.79,260.28,547,,,,21.74,0.0,Honeywell Technologies,S&P 500,US,0.2193378306878307
219,PAG,202.84,215.04,176.36,15.0,33.0,triple_bottom_breakout,2025-04-30 13:30:00,2026-03-20 13:30:00,2026-05-20 13:30:00,148.14,140.12,154.12,147.46,4.98,189.51,265,2026-07-09 13:30:00,59.0,7.03,,1.07,Penske Automotive Group,S&P MidCap 400,US,0.2190904761904762
220,MORN,191.21,201.14,185.74,2.9,42.0,triple_bottom_setup,2023-03-22 13:30:00,2023-06-28 13:30:00,2026-09-11 13:30:00,180.99,185.15,188.36,184.83,2.08,365.0,871,,,,90.89,0.0,"Morningstar, Inc.",S&P MidCap 400,US,0.2188
221,AUTO.L,460.4,507.38,503.95,-8.6,37.5,triple_bottom_setup,2022-06-17 07:00:00,2022-09-30 07:00:00,2026-07-24 07:00:00,499.4,488.7,479.4,489.17,2.09,920.0,1036,,,,99.83,0.0,Autotrader Group,STOXX 600,Europe,0.21865
222,CUZ,27.63,29.42,26.41,4.6,37.1,triple_bottom_setup,2025-08-05 13:30:00,2025-10-13 13:30:00,2026-09-09 13:30:00,26.17,26.08,27.66,26.64,3.84,32.95,275,,,,19.25,0.0,Cousins Properties,S&P MidCap 400,US,0.21835899470899472
223,OPCH,22.58,23.5,26.55,-15.0,38.3,triple_bottom_setup,2022-01-24 14:30:00,2024-11-19 14:30:00,2026-07-23 13:30:00,21.32,21.39,20.68,21.13,2.13,36.8,1127,,,,62.98,0.0,Option Care Health,S&P MidCap 400,US,0.21805000000000002
224,MP,46.09,50.97,56.75,-18.8,38.8,triple_bottom_setup,2021-12-06 14:30:00,2022-03-04 14:30:00,2026-07-29 13:30:00,38.95,37.64,37.81,38.13,2.14,100.25,1164,,,,117.51,0.0,MP Materials,S&P MidCap 400,US,0.2179
225,ELV,381.67,395.92,362.79,5.2,34.6,triple_bottom_setup,2024-10-17 13:30:00,2025-02-21 14:30:00,2026-07-28 13:30:00,397.98,378.0,362.98,379.65,4.83,458.75,443,,,,20.2,0.0,Elevance Health,S&P 500,US,0.21781455026455027
226,BSY,32.75,34.17,34.46,-5.0,50.0,triple_bottom_setup,2022-06-16 13:30:00,2022-09-23 13:30:00,2026-07-22 13:30:00,30.33,30.51,29.44,30.1,2.17,59.25,1026,,,,80.92,0.0,Bentley Systems,S&P MidCap 400,US,0.21745
227,CPAY,389.73,401.09,346.32,12.5,40.0,triple_bottom_breakout,2025-06-23 13:30:00,2026-01-02 14:30:00,2026-06-26 13:30:00,313.97,298.0,321.19,311.05,4.2,367.43,254,2026-07-16 13:30:00,54.0,6.07,,0.76,Corpay,S&P 500,US,0.21589177489177486
228,OMC,74.7,81.23,76.86,-2.8,37.8,triple_bottom_setup,2025-02-12 14:30:00,2026-04-29 13:30:00,2026-07-30 13:30:00,80.31,73.29,76.46,76.69,4.72,89.27,366,,,,19.5,0.0,Omnicom Group,S&P 500,US,0.21511269841269842
229,SRE,78.05,83.7,88.74,-12.0,35.9,triple_bottom_setup,2022-05-12 13:30:00,2022-09-01 13:30:00,2026-08-31 13:30:00,77.86,81.91,79.59,79.79,2.66,101.04,1078,,,,29.46,0.0,Sempra,S&P 500,US,0.2146
230,DUK,113.74,120.82,122.36,-7.0,29.7,triple_bottom_setup,2025-06-17 13:30:00,2025-09-18 13:30:00,2026-07-15 13:30:00,113.66,119.69,124.1,119.15,4.61,134.49,269,,,,18.24,0.0,Duke Energy,S&P 500,US,0.21443201058201058
231,VMRK,60.17,65.07,63.33,-5.0,31.7,triple_bottom_setup,2025-05-23 13:30:00,2025-08-01 13:30:00,2026-08-17 13:30:00,66.95,61.71,63.26,63.97,4.65,71.5,308,,,,18.83,0.0,Vivmark Residential,S&P 500,US,0.21407407407407408
232,EFX,139.73,173.61,181.94,-23.2,24.0,triple_bottom_setup,2023-10-30 13:30:00,2026-05-15 13:30:00,2026-07-21 13:30:00,159.95,156.47,155.0,157.14,1.79,309.63,681,,,,121.59,0.0,Equifax,S&P 500,US,0.21322936507936507
233,ST,42.35,43.62,40.96,3.4,49.9,triple_bottom_setup,2023-03-15 13:30:00,2023-06-23 13:30:00,2026-07-17 13:30:00,45.4,42.75,42.8,43.65,4.01,53.89,837,,,,27.25,0.0,Sensata Technologies,S&P MidCap 400,US,0.21276666666666666
234,RSG,206.98,216.95,214.51,-3.5,29.3,triple_bottom_setup,2025-01-03 14:30:00,2026-06-02 13:30:00,2026-08-05 13:30:00,199.43,197.62,204.8,200.62,2.09,258.75,396,,,,25.01,0.0,Republic Services,S&P 500,US,0.21261428571428573
235,CART,44.11,47.31,42.6,3.5,40.2,triple_bottom_setup,2024-11-19 14:30:00,2025-05-01 13:30:00,2026-07-23 13:30:00,40.17,38.64,42.1,40.3,4.46,53.5,417,,,,21.29,0.0,Maplebear Inc.,S&P MidCap 400,US,0.2108420634920635
236,NEE,76.35,82.99,86.33,-11.6,29.5,triple_bottom_setup,2021-11-04 13:30:00,2024-10-09 13:30:00,2026-08-07 13:30:00,83.17,79.66,83.49,82.11,2.98,98.75,1192,,,,29.34,0.0,NextEra Energy,S&P 500,US,0.2108
237,ULVR.L,4494.0,4682.83,4648.92,-3.3,35.8,triple_bottom_setup,2024-05-30 07:00:00,2026-04-22 07:00:00,2026-09-11 07:00:00,4486.37,4192.5,4529.5,4402.79,4.78,5542.11,579,,,,23.32,0.0,Unilever,STOXX 600,Europe,0.21055396825396827
238,LSTR,170.14,177.94,174.24,-2.4,44.4,triple_bottom_setup,2021-12-03 14:30:00,2023-01-05 14:30:00,2026-07-30 13:30:00,165.6,160.05,167.58,164.41,2.65,228.46,1166,,,,34.28,0.0,Landstar System,S&P MidCap 400,US,0.21025
239,LUV,41.84,42.14,43.15,-3.0,53.8,triple_bottom_setup,2021-12-20 14:30:00,2022-03-07 14:30:00,2026-09-01 13:30:00,38.66,36.75,37.58,37.66,2.65,55.11,1178,,,,31.72,0.0,Southwest Airlines,S&P 500,US,0.21025
240,WING,104.36,114.49,176.45,-40.9,45.3,triple_bottom_setup,2022-10-14 13:30:00,2026-05-14 13:30:00,2026-08-11 13:30:00,113.2,116.35,110.44,113.33,2.66,433.86,957,,,,315.73,0.0,Wingstop,S&P MidCap 400,US,0.2101
241,CHH,102.31,104.49,105.52,-3.0,51.6,triple_bottom_setup,2022-07-13 13:30:00,2022-09-26 13:30:00,2026-07-14 13:30:00,108.7,104.15,104.76,105.87,2.67,157.86,1003,,,,54.3,0.0,Choice Hotels,S&P MidCap 400,US,0.20995
242,OTIS,64.48,70.41,77.45,-16.7,32.4,triple_bottom_setup,2022-02-24 14:30:00,2022-05-19 13:30:00,2026-07-23 13:30:00,73.1,71.21,69.26,71.19,2.71,106.83,1105,,,,65.68,0.0,Otis Worldwide,S&P 500,US,0.20934999999999998
243,FERG,221.49,231.7,236.26,-6.2,45.7,triple_bottom_setup,2025-07-16 13:30:00,2026-05-19 13:30:00,2026-07-29 13:30:00,214.61,214.44,222.48,217.18,2.44,271.64,260,,,,22.64,0.0,Ferguson Enterprises,S&P 500,US,0.2091248677248677
244,CPRT,27.29,30.49,33.55,-18.7,31.4,triple_bottom_setup,2022-06-16 13:30:00,2022-10-13 13:30:00,2026-07-23 13:30:00,25.55,26.44,26.81,26.27,2.73,64.38,1027,,,,135.91,0.0,Copart,S&P 500,US,0.20905
245,ERIE,222.11,245.29,247.63,-10.3,35.3,triple_bottom_setup,2023-07-13 13:30:00,2026-05-04 13:30:00,2026-07-15 13:30:00,199.49,210.07,205.64,205.07,2.72,547.0,753,,,,146.27,0.0,Erie Indemnity,S&P 500,US,0.2088031746031746
246,CRM,236.69,218.21,199.74,18.5,53.1,triple_bottom_setup,2023-02-24 14:30:00,2026-05-14 13:30:00,2026-07-23 13:30:00,159.66,164.33,155.15,159.71,2.89,369.0,854,,,,55.9,0.0,Salesforce,S&P 500,US,0.20665
247,MCHP,78.5,75.59,78.11,0.5,57.8,triple_bottom_setup,2022-01-28 14:30:00,2022-12-28 14:30:00,2026-07-29 13:30:00,68.77,67.69,71.24,69.23,2.9,105.91,1127,,,,34.92,0.0,Microchip Technology,S&P 500,US,0.20650000000000002
248,FOUR,35.58,44.69,49.05,-27.5,31.3,triple_bottom_setup,2022-03-08 14:30:00,2022-05-10 13:30:00,2026-08-07 13:30:00,38.88,37.46,39.42,38.59,2.92,127.5,1108,,,,258.35,0.0,Shift4,S&P MidCap 400,US,0.2062
249,GLEN.L,545.3,569.15,532.84,2.3,40.1,triple_bottom_setup,2023-01-05 08:00:00,2026-05-20 07:00:00,2026-07-28 07:00:00,501.71,478.1,500.4,493.4,3.1,707.2,896,,,,29.69,0.0,Glencore,STOXX 600,Europe,0.20608333333333334
250,WYNN,77.3,93.09,102.94,-24.9,24.1,triple_bottom_setup,2024-05-01 13:30:00,2026-05-20 13:30:00,2026-07-23 13:30:00,91.35,93.45,92.52,92.44,1.18,134.72,557,,,,74.28,0.0,Wynn Resorts,S&P 500,US,0.20597724867724868
251,CHWY,17.72,21.97,24.57,-27.9,26.2,triple_bottom_setup,2022-05-24 13:30:00,2026-02-17 14:30:00,2026-08-13 13:30:00,22.22,23.06,21.92,22.4,2.95,52.88,1058,,,,198.42,0.0,Chewy,S&P MidCap 400,US,0.20575
252,GME,24.11,20.45,22.25,8.4,64.9,triple_bottom_setup,2023-05-02 13:30:00,2024-08-05 13:30:00,2026-08-20 13:30:00,18.06,18.73,17.79,18.19,2.95,64.83,828,,,,168.89,0.0,GameStop,S&P MidCap 400,US,0.20575
253,LEN,82.11,83.77,93.73,-12.4,50.1,triple_bottom_setup,2022-02-24 14:30:00,2026-05-19 13:30:00,2026-07-23 13:30:00,76.98,81.18,79.83,79.33,2.96,187.61,1105,,,,128.48,0.0,Lennar,S&P 500,US,0.2056
254,MAS,68.28,72.22,69.6,-1.9,44.1,triple_bottom_setup,2024-11-19 14:30:00,2025-09-02 13:30:00,2026-07-30 13:30:00,75.8,71.53,70.93,72.75,4.19,83.64,422,,,,22.5,0.0,Masco,S&P 500,US,0.20547010582010583
255,EDPR.LS,12.57,13.3,13.37,-6.0,40.1,triple_bottom_setup,2024-04-05 08:00:00,2026-03-09 09:00:00,2026-09-15 08:00:00,11.72,12.13,12.04,11.96,2.01,16.3,624,,,,29.67,0.0,EDP Renováveis,STOXX 600,Europe,0.2051396825396825
256,AKAM,106.93,112.04,111.57,-4.2,45.4,triple_bottom_setup,2021-11-01 13:30:00,2022-01-10 14:30:00,2026-07-29 13:30:00,103.38,109.3,107.11,106.6,3.02,165.45,1188,,,,54.73,0.0,Akamai Technologies,S&P 500,US,0.2047
257,COST,914.94,933.21,959.11,-4.6,48.6,triple_bottom_setup,2025-06-20 13:30:00,2026-04-14 13:30:00,2026-07-10 13:30:00,973.9,966.0,907.21,949.04,4.41,1096.5,264,,,,19.84,0.0,Costco,S&P 500,US,0.20343730158730156
258,LII,360.46,404.23,483.98,-25.5,37.3,triple_bottom_setup,2023-11-30 14:30:00,2024-02-05 14:30:00,2026-07-30 13:30:00,397.34,412.09,411.41,406.95,2.36,689.44,666,,,,91.27,0.0,Lennox International,S&P 500,US,0.2026952380952381
259,WDAY,186.75,184.72,157.39,18.7,47.6,triple_bottom_setup,2022-07-13 13:30:00,2022-11-04 13:30:00,2026-07-23 13:30:00,134.1,128.72,127.11,129.98,3.17,311.28,1010,,,,66.68,0.0,"Workday, Inc.",S&P 500,US,0.20245000000000002
260,INGR,94.91,100.66,105.39,-9.9,30.7,triple_bottom_setup,2021-12-01 14:30:00,2023-01-05 14:30:00,2026-07-31 13:30:00,92.96,96.33,98.72,96.0,3.17,155.44,1169,,,,63.78,0.0,Ingredion,S&P MidCap 400,US,0.20245000000000002
261,ELS,57.62,62.59,62.54,-7.9,24.4,triple_bottom_setup,2025-07-30 13:30:00,2026-06-02 13:30:00,2026-08-12 13:30:00,58.15,60.61,63.48,60.75,4.5,69.0,260,,,,19.75,0.0,Equity Lifestyle Properties,S&P MidCap 400,US,0.20230820105820105
262,NFLX,67.85,75.6,84.2,-19.4,32.4,triple_bottom_setup,2021-11-10 14:30:00,2024-10-17 13:30:00,2026-07-17 13:30:00,64.21,67.79,65.08,65.69,3.19,134.12,1173,,,,97.66,0.0,Netflix,S&P 500,US,0.20215
263,TXT,77.17,83.46,89.62,-13.9,37.9,triple_bottom_setup,2024-02-21 14:30:00,2024-04-25 13:30:00,2026-07-31 13:30:00,84.0,82.02,84.87,83.63,1.93,101.57,612,,,,31.62,0.0,Textron,S&P 500,US,0.20200238095238093
264,WSO,301.15,318.17,368.01,-18.2,39.0,triple_bottom_setup,2021-12-02 14:30:00,2023-03-13 13:30:00,2026-07-30 13:30:00,289.21,284.05,300.66,291.31,3.21,571.42,1167,,,,89.75,0.0,Watsco,S&P MidCap 400,US,0.20185000000000003
265,COLM,57.69,58.19,58.92,-2.1,49.8,triple_bottom_setup,2025-06-23 13:30:00,2026-03-12 13:30:00,2026-08-12 13:30:00,58.89,54.01,55.7,56.2,4.79,69.06,286,,,,19.71,0.0,Columbia Sportswear,S&P MidCap 400,US,0.20173068783068782
266,ACM,59.6,66.06,79.69,-25.2,39.3,triple_bottom_setup,2022-05-10 13:30:00,2022-07-14 13:30:00,2026-08-13 13:30:00,64.16,61.96,60.35,62.16,3.22,135.52,1068,,,,127.38,0.0,AECOM,S&P MidCap 400,US,0.2017
267,TOL,136.36,143.4,144.08,-5.4,45.7,triple_bottom_setup,2024-12-19 14:30:00,2025-10-10 13:30:00,2026-09-10 13:30:00,120.77,126.47,130.26,125.83,4.02,168.36,430,,,,23.47,0.0,Toll Brothers,S&P MidCap 400,US,0.20099497354497356
268,RYAN,38.39,41.51,39.94,-3.9,44.7,triple_bottom_setup,2021-12-06 14:30:00,2022-02-24 14:30:00,2026-07-23 13:30:00,37.03,36.33,38.52,37.29,3.29,77.16,1160,,,,100.99,0.0,Ryan Specialty,S&P MidCap 400,US,0.20065
269,CVS,85.2,95.31,86.88,-1.9,32.0,triple_bottom_setup,2022-02-24 14:30:00,2022-05-02 13:30:00,2026-08-21 13:30:00,98.46,95.02,92.35,95.28,3.34,110.68,1126,,,,29.91,0.0,CVS Health,S&P 500,US,0.20065
270,PPC,25.2,29.15,33.63,-25.1,25.8,triple_bottom_setup,2021-11-11 14:30:00,2022-01-25 14:30:00,2026-08-11 13:30:00,27.65,26.84,25.9,26.8,3.35,57.16,1189,,,,126.83,0.0,Pilgrim's Pride,S&P MidCap 400,US,0.19975
271,STWD,13.18,15.22,16.07,-18.0,18.2,triple_bottom_setup,2023-03-24 13:30:00,2025-04-09 13:30:00,2026-08-06 13:30:00,16.07,16.59,15.51,16.06,3.4,22.29,844,,,,69.12,0.0,Starwood Property Trust,S&P MidCap 400,US,0.199
272,ABT,96.69,106.9,103.29,-6.4,25.7,triple_bottom_setup,2022-10-21 13:30:00,2023-10-12 13:30:00,2026-07-15 13:30:00,93.25,89.67,87.64,90.19,3.4,141.23,933,,,,46.06,0.0,Abbott Laboratories,S&P 500,US,0.199
273,CGNX,62.22,61.94,55.5,12.1,54.8,triple_bottom_setup,2022-01-28 14:30:00,2026-06-10 13:30:00,2026-08-24 13:30:00,61.64,58.06,58.22,59.31,3.93,80.3,1145,,,,29.06,0.0,Cognex,S&P MidCap 400,US,0.19888333333333333
274,MDT,86.44,89.17,87.19,-0.9,38.3,triple_bottom_setup,2025-08-19 13:30:00,2026-03-31 13:30:00,2026-08-28 13:30:00,87.5,84.92,89.94,87.45,2.9,106.33,258,,,,23.01,0.0,Medtronic,S&P 500,US,0.19887698412698412
275,BNZL.L,2582.0,2716.76,2413.39,7.0,38.7,triple_bottom_setup,2022-01-18 08:00:00,2022-05-19 07:00:00,2026-09-15 07:00:00,2659.0,2698.04,2544.0,2633.68,3.41,3732.0,1175,,,,44.54,0.0,Bunzl,STOXX 600,Europe,0.19885000000000003
276,VAL,79.56,83.0,82.11,-3.1,42.3,triple_bottom_setup,2023-02-02 14:30:00,2023-08-08 13:30:00,2026-07-29 13:30:00,68.82,69.52,72.79,70.38,3.43,114.12,873,,,,43.44,0.0,Valaris,S&P MidCap 400,US,0.19855
277,AMCR,41.81,44.59,41.74,0.2,38.6,triple_bottom_setup,2025-04-09 13:30:00,2025-06-23 13:30:00,2026-07-23 13:30:00,41.85,44.55,41.94,42.78,4.14,50.94,322,,,,21.84,0.0,Amcor,S&P 500,US,0.1984925925925926
278,WM,201.9,219.79,223.15,-9.5,24.7,triple_bottom_setup,2024-10-25 13:30:00,2025-03-14 13:30:00,2026-08-04 13:30:00,206.46,221.1,222.16,216.57,4.67,248.13,442,,,,22.9,0.0,Waste Management,S&P 500,US,0.19758227513227514
279,FFIN,31.75,33.57,32.15,-1.2,35.5,triple_bottom_setup,2025-02-03 14:30:00,2025-05-23 13:30:00,2026-07-23 13:30:00,36.05,33.48,33.94,34.49,4.52,38.74,368,,,,22.02,0.0,First Financial Bankshares,S&P MidCap 400,US,0.19737724867724868
280,KVUE,17.22,18.43,17.53,-1.8,33.0,triple_bottom_setup,2023-10-30 13:30:00,2024-03-04 14:30:00,2026-07-15 13:30:00,17.82,18.61,18.58,18.34,2.82,25.17,677,,,,46.17,0.0,Kenvue,S&P 500,US,0.19725026455026454
281,AES,14.92,14.76,14.44,3.3,71.7,triple_bottom_setup,2024-03-18 13:30:00,2026-05-07 13:30:00,2026-07-31 13:30:00,14.74,14.24,14.65,14.54,2.09,22.21,594,,,,48.86,0.0,AES Corporation,S&P 500,US,0.19722142857142858
282,XYZ,74.04,79.71,70.08,5.6,39.4,triple_bottom_setup,2022-02-24 14:30:00,2025-01-13 14:30:00,2026-08-12 13:30:00,82.72,80.2,77.23,80.05,3.52,149.0,1119,,,,101.24,0.0,"Block, Inc.",S&P 500,US,0.1972
283,HGV,34.83,42.35,45.67,-23.7,25.9,triple_bottom_setup,2021-12-01 14:30:00,2022-03-08 14:30:00,2026-08-10 13:30:00,45.16,43.22,42.49,43.62,3.52,55.4,1175,,,,59.06,0.0,Hilton Grand Vacations,S&P MidCap 400,US,0.1972
284,VFC,14.41,14.15,17.02,-15.3,59.0,triple_bottom_setup,2023-10-12 13:30:00,2024-01-17 14:30:00,2026-07-08 13:30:00,15.11,14.89,15.66,15.22,2.89,29.02,684,,,,101.39,0.0,VF Corporation,S&P MidCap 400,US,0.19712619047619048
285,ROP,362.59,390.88,368.55,-1.6,39.4,triple_bottom_setup,2022-10-13 13:30:00,2026-03-25 13:30:00,2026-07-22 13:30:00,356.22,340.41,335.5,344.04,3.54,595.17,944,,,,64.14,0.0,Roper Technologies,S&P 500,US,0.19690000000000002
286,ORA,89.66,101.48,113.82,-21.2,35.0,triple_bottom_setup,2022-11-30 14:30:00,2025-09-02 13:30:00,2026-07-29 13:30:00,87.44,89.08,93.09,89.87,3.58,146.39,916,,,,63.27,0.0,Ormat Technologies,S&P MidCap 400,US,0.1963
287,PSN,41.01,47.14,55.92,-26.7,30.9,triple_bottom_setup,2021-11-03 13:30:00,2022-05-12 13:30:00,2026-07-29 13:30:00,34.3,34.46,36.26,35.01,3.58,114.68,1186,,,,179.64,0.0,Parsons Corporation,S&P MidCap 400,US,0.1963
288,MMS,53.53,57.32,67.32,-20.5,39.5,triple_bottom_setup,2022-10-13 13:30:00,2026-05-20 13:30:00,2026-08-12 13:30:00,54.46,56.92,53.43,54.94,3.61,100.0,959,,,,86.81,0.0,Maximus Inc.,S&P MidCap 400,US,0.19585000000000002
289,PATH,13.32,14.53,12.69,4.9,44.8,triple_bottom_setup,2024-08-05 13:30:00,2025-08-12 13:30:00,2026-07-23 13:30:00,10.37,10.35,10.16,10.29,1.3,19.84,492,,,,48.95,0.0,UiPath,S&P MidCap 400,US,0.19557936507936508
290,REXR,36.02,36.98,35.76,0.7,38.4,triple_bottom_setup,2024-12-20 14:30:00,2025-03-13 13:30:00,2026-08-17 13:30:00,37.67,38.58,35.68,37.31,4.37,44.38,412,,,,23.21,0.0,Rexford Industrial Realty,S&P MidCap 400,US,0.19553068783068778
291,DPZ,295.0,330.0,350.41,-15.8,37.4,triple_bottom_setup,2023-11-01 13:30:00,2026-03-30 13:30:00,2026-08-20 13:30:00,332.13,346.31,328.72,335.72,3.15,542.75,701,,,,83.98,0.0,Domino's,S&P 500,US,0.19547486772486772
292,WFC,80.25,86.18,84.1,-4.6,32.7,triple_bottom_setup,2025-07-15 13:30:00,2025-11-21 14:30:00,2026-07-29 13:30:00,77.72,81.05,83.71,80.83,3.84,97.76,261,,,,21.82,0.0,Wells Fargo,S&P 500,US,0.19509047619047615
293,RLI,56.18,61.75,57.3,-2.0,33.0,triple_bottom_setup,2022-04-13 13:30:00,2022-06-22 13:30:00,2026-07-23 13:30:00,53.38,53.79,56.61,54.59,3.69,91.14,1071,,,,62.24,0.0,RLI Corp.,S&P MidCap 400,US,0.19465
294,AVAV,140.31,158.46,201.72,-30.4,37.2,triple_bottom_setup,2024-04-16 13:30:00,2026-07-15 13:30:00,2026-09-11 13:30:00,143.65,139.1,138.31,140.35,2.35,417.86,603,,,,197.81,0.0,AeroVironment,S&P MidCap 400,US,0.19451190476190477
295,BHF,50.05,55.24,60.9,-17.8,37.7,triple_bottom_setup,2022-01-24 14:30:00,2022-04-07 13:30:00,2026-08-24 13:30:00,49.16,48.4,51.55,49.7,3.72,66.8,1149,,,,33.47,0.0,Brighthouse Financial,S&P MidCap 400,US,0.19419999999999998
296,WTW,291.6,322.46,296.89,-1.8,32.1,triple_bottom_setup,2025-07-29 13:30:00,2025-12-10 14:30:00,2026-08-17 13:30:00,298.43,312.52,325.66,312.2,4.41,352.79,264,,,,20.98,0.0,Willis Towers Watson,S&P 500,US,0.19393730158730155
297,CNM,41.38,43.69,49.27,-16.0,40.6,triple_bottom_setup,2024-01-26 14:30:00,2024-10-04 13:30:00,2026-07-29 13:30:00,40.13,41.6,41.88,41.2,2.6,67.18,627,,,,62.35,0.0,Core & Main,S&P MidCap 400,US,0.19393650793650796
298,YUM,136.69,146.39,152.77,-10.5,38.3,triple_bottom_setup,2025-08-06 13:30:00,2026-06-01 13:30:00,2026-08-11 13:30:00,139.06,145.44,143.0,142.5,2.41,170.14,254,,,,24.47,0.0,Yum! Brands,S&P 500,US,0.19353121693121692
299,LDOS,121.97,130.01,146.63,-16.8,37.7,triple_bottom_setup,2022-05-20 13:30:00,2022-08-11 13:30:00,2026-07-21 13:30:00,98.88,97.59,103.9,100.12,3.77,205.77,1043,,,,68.71,0.0,Leidos,S&P 500,US,0.19345
300,CNP,37.21,39.71,41.01,-9.3,36.3,triple_bottom_setup,2025-07-08 13:30:00,2025-12-11 14:30:00,2026-08-24 13:30:00,35.46,37.22,38.45,37.04,4.27,45.26,284,,,,21.63,0.0,CenterPoint Energy,S&P 500,US,0.19326613756613759
301,PNR,52.88,61.19,80.85,-34.6,24.8,triple_bottom_setup,2022-03-08 14:30:00,2023-06-01 13:30:00,2026-07-15 13:30:00,53.63,55.26,57.6,55.5,3.79,113.95,1091,,,,115.49,0.0,Pentair,S&P 500,US,0.19315
302,KRC,33.3,35.8,33.77,-1.4,32.2,triple_bottom_setup,2022-10-13 13:30:00,2023-01-05 14:30:00,2026-07-28 13:30:00,38.91,37.15,36.4,37.49,3.8,45.03,948,,,,35.23,0.0,Kilroy Realty Corp,S&P MidCap 400,US,0.193
303,PTC,146.47,141.65,145.27,0.8,58.7,triple_bottom_setup,2021-11-30 14:30:00,2022-01-27 14:30:00,2026-07-22 13:30:00,105.49,106.0,111.93,107.81,3.82,219.69,1163,,,,49.99,0.0,PTC Inc.,S&P 500,US,0.19269999999999998
304,CAR,106.12,133.65,156.13,-32.0,30.0,triple_bottom_setup,2022-09-23 13:30:00,2026-05-14 13:30:00,2026-08-04 13:30:00,131.83,140.44,133.56,135.28,3.82,847.7,967,,,,698.81,0.0,Avis Budget Group,S&P MidCap 400,US,0.19269999999999998
305,CXT,48.06,50.02,46.95,2.4,48.4,triple_bottom_setup,2023-12-11 14:30:00,2026-01-29 14:30:00,2026-08-20 13:30:00,50.31,49.42,47.58,49.1,3.1,69.0,674,,,,43.57,0.0,Crane NXT,S&P MidCap 400,US,0.19265343915343913
306,APPF,204.24,205.68,185.85,9.9,46.4,triple_bottom_setup,2023-08-16 13:30:00,2024-01-05 14:30:00,2026-07-24 13:30:00,164.49,164.29,155.55,161.44,3.65,326.04,736,,,,59.64,0.0,AppFolio,S&P MidCap 400,US,0.19260449735449736
307,CNA.L,147.25,152.7,180.74,-18.5,41.6,triple_bottom_setup,2023-10-05 07:00:00,2025-03-12 08:00:00,2026-08-05 07:00:00,145.25,142.35,151.45,146.35,3.48,220.3,716,,,,49.61,0.0,Centrica,STOXX 600,Europe,0.1925089947089947
308,VNOM,40.69,43.0,42.72,-4.7,39.1,triple_bottom_setup,2025-03-10 13:30:00,2025-05-07 13:30:00,2026-08-07 13:30:00,39.38,38.88,40.75,39.67,2.72,51.13,355,,,,25.66,0.0,Viper Energy,S&P MidCap 400,US,0.19232433862433862
309,CPG.L,29.18,31.08,30.51,-4.4,35.7,triple_bottom_setup,2025-04-08 07:00:00,2026-06-15 07:00:00,2026-08-27 07:00:00,30.16,29.06,29.67,29.63,1.93,37.07,350,,,,27.02,0.0,Compass Group,STOXX 600,Europe,0.19217962962962964
310,HIMS,29.3,29.37,27.58,6.2,50.8,triple_bottom_setup,2025-01-10 14:30:00,2025-04-04 13:30:00,2026-07-30 13:30:00,24.07,23.97,24.24,24.09,0.61,72.98,388,,,,149.08,0.0,Hims & Hers Health,S&P MidCap 400,US,0.19217275132275133
311,DIS,101.33,104.11,103.36,-2.0,39.5,triple_bottom_setup,2025-03-13 13:30:00,2026-05-05 13:30:00,2026-07-23 13:30:00,95.93,100.06,92.49,96.16,4.06,124.69,341,,,,23.05,0.0,Walt Disney Company (The),S&P 500,US,0.19212248677248678
312,FICO,661.75,1039.33,1224.39,-46.0,26.0,triple_bottom_setup,2023-10-03 13:30:00,2026-04-22 13:30:00,2026-09-04 13:30:00,829.98,870.01,885.0,861.66,3.68,2402.52,733,,,,263.06,0.0,Fair Isaac,S&P 500,US,0.19175767195767196
313,APTV,43.97,47.92,63.49,-30.7,43.5,triple_bottom_setup,2025-02-03 14:30:00,2026-04-16 13:30:00,2026-07-08 13:30:00,56.22,56.56,56.51,56.43,0.37,88.93,357,,,,102.25,0.0,Aptiv,S&P 500,US,0.19167222222222222
314,REGN,734.81,782.88,734.61,0.0,34.7,triple_bottom_setup,2023-06-28 13:30:00,2026-04-29 13:30:00,2026-07-23 13:30:00,684.81,668.85,637.8,663.82,3.92,1211.2,769,,,,64.83,0.0,Regeneron Pharmaceuticals,S&P 500,US,0.19119999999999998
315,SSD,172.59,183.69,183.89,-6.1,42.0,triple_bottom_setup,2024-09-11 13:30:00,2024-11-19 14:30:00,2026-07-21 13:30:00,166.91,176.51,182.87,175.43,4.86,213.49,464,,,,23.7,0.0,Simpson Manufacturing,S&P MidCap 400,US,0.1909756613756614
316,BAH,70.47,74.25,76.92,-8.4,38.8,triple_bottom_setup,2022-01-28 14:30:00,2022-05-20 13:30:00,2026-09-09 13:30:00,73.32,76.6,71.14,73.69,3.95,190.59,1156,,,,170.46,0.0,Booz Allen Hamilton,S&P MidCap 400,US,0.19075
317,PSH.L,3636.0,3809.07,4114.97,-11.6,39.1,triple_bottom_setup,2024-02-20 08:00:00,2024-04-19 07:00:00,2026-07-23 07:00:00,3810.0,3778.0,3642.0,3743.33,2.71,5095.0,612,,,,40.13,0.0,Pershing Square Holdings,STOXX 600,Europe,0.19030238095238095
318,SYF,71.51,76.65,74.27,-3.7,37.8,triple_bottom_setup,2024-12-18 14:30:00,2025-08-01 13:30:00,2026-07-08 13:30:00,63.22,66.28,68.05,65.85,3.99,88.77,386,,,,24.14,0.0,Synchrony Financial,S&P 500,US,0.1900415343915344
319,ON,80.08,76.75,80.31,-0.3,59.3,triple_bottom_setup,2024-09-11 13:30:00,2024-11-18 14:30:00,2026-09-16 13:30:00,66.36,64.32,65.8,65.49,1.79,134.92,504,,,,68.48,0.0,ON Semiconductor,S&P 500,US,0.18981666666666663
320,NXPI,239.19,232.52,243.68,-1.8,56.5,triple_bottom_setup,2021-11-26 14:30:00,2024-01-17 14:30:00,2026-08-03 13:30:00,210.25,201.58,218.24,210.02,4.02,339.95,1173,,,,42.13,0.0,NXP Semiconductors,S&P 500,US,0.18970000000000004
321,KD,12.12,12.88,14.97,-19.0,47.2,triple_bottom_setup,2023-05-19 13:30:00,2023-08-03 13:30:00,2026-08-20 13:30:00,11.35,11.92,12.23,11.83,4.04,44.2,815,,,,264.69,0.0,Kyndryl,S&P MidCap 400,US,0.1894
322,PHM,116.35,124.96,124.23,-6.3,40.0,triple_bottom_setup,2025-01-08 14:30:00,2026-05-19 13:30:00,2026-09-10 13:30:00,106.81,108.49,114.78,110.03,4.32,144.5,418,,,,24.19,0.0,PulteGroup,S&P 500,US,0.18890767195767194
323,ALGM,36.38,38.71,40.21,-9.5,48.5,triple_bottom_setup,2023-03-13 13:30:00,2026-05-19 13:30:00,2026-07-30 13:30:00,41.3,39.57,38.15,39.67,4.1,71.77,848,,,,97.28,0.0,Allegro MicroSystems,S&P MidCap 400,US,0.1885
324,VRSK,168.38,184.34,189.34,-11.1,38.0,triple_bottom_setup,2023-02-24 14:30:00,2026-04-10 13:30:00,2026-08-17 13:30:00,169.74,161.7,174.44,168.63,4.11,322.92,871,,,,91.78,0.0,Verisk Analytics,S&P 500,US,0.18835000000000002
325,TJX,133.59,141.27,151.93,-12.1,50.7,triple_bottom_setup,2024-09-06 13:30:00,2025-01-13 14:30:00,2026-09-16 13:30:00,115.41,117.89,122.78,118.69,3.44,170.0,507,,,,27.26,0.0,TJX Companies,S&P 500,US,0.18829682539682538
326,T,24.3,24.94,24.78,-1.9,38.2,triple_bottom_setup,2025-07-23 13:30:00,2026-05-18 13:30:00,2026-09-09 13:30:00,25.85,23.85,24.8,24.83,4.09,29.79,284,,,,22.59,0.0,AT&T,S&P 500,US,0.18796613756613756
327,CHE,502.9,523.05,453.8,10.8,42.5,triple_bottom_setup,2024-11-04 14:30:00,2025-05-14 13:30:00,2026-08-27 13:30:00,523.33,550.47,501.84,525.21,4.81,623.61,453,,,,24.0,0.0,Chemed Corp.,S&P MidCap 400,US,0.18777063492063492
328,EGL.LS,5.09,4.78,4.67,9.1,55.6,triple_bottom_setup,2025-08-27 08:00:00,2026-07-13 08:00:00,2026-09-15 08:00:00,4.69,4.41,4.72,4.6,4.29,6.21,268,,,,22.0,0.0,Mota-Engil,STOXX 600,Europe,0.1877664021164021
329,MTDR,52.96,54.35,52.37,1.1,43.4,triple_bottom_setup,2024-09-26 13:30:00,2025-03-05 14:30:00,2026-07-28 13:30:00,47.15,43.89,45.44,45.49,3.64,66.84,458,,,,26.21,0.0,Matador Resources,S&P MidCap 400,US,0.1875653439153439
330,AA,42.06,47.62,57.84,-27.3,30.8,triple_bottom_setup,2022-07-14 13:30:00,2022-12-22 14:30:00,2026-07-29 13:30:00,39.56,41.82,42.48,41.29,4.17,84.38,1013,,,,100.62,0.0,Alcoa,S&P MidCap 400,US,0.18745
331,TREX,43.5,45.48,42.05,3.5,44.6,triple_bottom_setup,2022-09-06 13:30:00,2022-11-29 14:30:00,2026-07-23 13:30:00,44.49,41.93,41.7,42.71,4.18,101.91,972,,,,134.28,0.0,Trex,S&P MidCap 400,US,0.18730000000000002
332,NI,39.5,41.79,44.44,-11.1,37.8,triple_bottom_setup,2025-07-08 13:30:00,2025-12-22 14:30:00,2026-08-31 13:30:00,38.58,40.75,40.09,39.81,3.08,49.21,289,,,,24.58,0.0,NiSource,S&P 500,US,0.1871941798941799
333,BBOX.L,140.9,156.89,156.48,-10.0,28.2,triple_bottom_setup,2025-08-14 07:00:00,2026-06-08 07:00:00,2026-09-15 07:00:00,136.4,143.24,142.9,140.85,3.16,175.0,274,,,,24.2,0.0,Tritax Big Box REIT,STOXX 600,Europe,0.18717671957671955
334,HLN.L,327.8,354.92,361.43,-9.3,29.7,triple_bottom_setup,2025-07-31 07:00:00,2025-10-30 08:00:00,2026-08-18 07:00:00,346.1,339.4,348.8,344.77,1.56,416.1,265,,,,26.94,0.0,Haleon,STOXX 600,Europe,0.18715291005291004
335,AVNT,40.54,41.55,37.11,9.2,43.3,triple_bottom_setup,2022-07-05 13:30:00,2023-02-10 14:30:00,2026-07-08 13:30:00,37.09,37.46,34.95,36.5,4.25,54.68,1005,,,,34.88,0.0,Avient,S&P MidCap 400,US,0.18625
336,DUOL,146.57,141.99,127.59,14.9,51.8,triple_bottom_setup,2023-05-04 13:30:00,2023-08-18 13:30:00,2026-08-06 13:30:00,116.82,121.89,112.02,116.91,4.26,544.93,816,,,,271.79,0.0,Duolingo,S&P MidCap 400,US,0.18610000000000002
337,OLLI,87.91,76.35,89.52,-1.8,69.0,triple_bottom_setup,2024-05-17 13:30:00,2026-06-04 13:30:00,2026-09-03 13:30:00,72.19,73.61,70.02,71.94,2.67,141.74,575,,,,61.23,0.0,Ollie's Bargain Outlet,S&P MidCap 400,US,0.18600820105820104
338,LOW,182.38,205.48,230.18,-20.8,26.9,triple_bottom_setup,2022-04-06 13:30:00,2022-09-23 13:30:00,2026-07-23 13:30:00,196.64,185.56,199.4,193.87,4.28,293.06,1076,,,,60.69,0.0,Lowe's,S&P 500,US,0.1858
339,ADSK,211.31,233.28,239.38,-11.7,41.5,triple_bottom_setup,2022-11-04 13:30:00,2023-07-06 13:30:00,2026-09-09 13:30:00,189.69,197.52,206.33,197.85,4.29,329.09,962,,,,55.74,0.0,Autodesk,S&P 500,US,0.18564999999999998
340,LPX,64.55,70.46,76.26,-15.4,37.8,triple_bottom_setup,2021-11-30 14:30:00,2024-01-05 14:30:00,2026-07-21 13:30:00,64.43,65.82,69.42,66.56,4.3,122.87,1162,,,,90.35,0.0,Louisiana-Pacific,S&P MidCap 400,US,0.1855
341,TYL,330.18,335.44,346.1,-4.6,46.4,triple_bottom_setup,2022-06-16 13:30:00,2022-11-07 14:30:00,2026-07-22 13:30:00,300.85,281.11,282.82,288.26,4.37,661.31,1026,,,,100.29,0.0,Tyler Technologies,S&P 500,US,0.18445
342,F,12.27,13.79,13.27,-7.6,33.7,triple_bottom_setup,2022-04-07 13:30:00,2026-02-11 14:30:00,2026-08-06 13:30:00,14.56,13.52,13.75,13.94,4.42,17.78,1085,,,,44.91,0.0,Ford Motor Company,S&P 500,US,0.18370000000000003
343,IP,32.52,38.24,37.29,-12.8,30.5,triple_bottom_setup,2022-12-22 14:30:00,2023-03-17 13:30:00,2026-07-14 13:30:00,33.75,33.42,35.87,34.35,4.44,60.36,889,,,,85.61,0.0,International Paper,S&P 500,US,0.1834
344,REL.L,2510.0,2581.42,2577.46,-2.6,47.4,triple_bottom_setup,2022-01-10 08:00:00,2022-03-11 08:00:00,2026-07-16 07:00:00,2168.0,2056.0,2001.0,2075.0,4.48,4205.0,1139,,,,67.53,0.0,RELX,STOXX 600,Europe,0.1828
345,WTB.L,2388.0,2420.4,2467.04,-3.2,53.7,triple_bottom_setup,2025-04-07 07:00:00,2026-07-14 07:00:00,2026-09-09 07:00:00,2253.0,2255.0,2289.0,2265.67,1.03,3302.0,359,,,,38.27,0.0,Whitbread,STOXX 600,Europe,0.1820367724867725
346,NOC,482.0,537.87,594.3,-18.9,26.3,triple_bottom_setup,2024-10-30 13:30:00,2026-06-29 13:30:00,2026-09-04 13:30:00,501.85,493.84,512.54,502.74,1.95,774.0,462,,,,60.58,0.0,Northrop Grumman,S&P 500,US,0.18186111111111108
347,RIO.L,6954.0,7316.77,7099.29,-2.0,33.6,triple_bottom_setup,2022-12-20 08:00:00,2026-03-23 08:00:00,2026-07-22 07:00:00,5549.0,6049.0,5758.0,5785.33,4.56,9117.0,903,,,,31.1,0.0,Rio Tinto,STOXX 600,Europe,0.1816
348,COIN,189.29,172.4,185.75,1.9,53.4,triple_bottom_setup,2022-02-24 14:30:00,2026-06-05 13:30:00,2026-09-16 13:30:00,155.92,147.88,161.18,154.99,4.59,444.65,1143,,,,134.9,0.0,Coinbase,S&P 500,US,0.18115
349,UFPI,77.08,85.29,90.52,-14.8,34.9,triple_bottom_setup,2023-06-01 13:30:00,2026-03-20 13:30:00,2026-07-08 13:30:00,77.47,84.82,81.44,81.24,4.64,141.33,776,,,,83.35,0.0,UFP Industries,S&P MidCap 400,US,0.1804
350,CAVA,54.4,61.59,72.29,-24.7,43.1,triple_bottom_setup,2024-04-22 13:30:00,2025-09-30 13:30:00,2026-07-23 13:30:00,58.22,58.33,60.89,59.15,2.95,172.43,564,,,,216.97,0.0,Cava Group,S&P MidCap 400,US,0.1803531746031746
351,CNH,12.85,12.05,11.04,16.4,48.9,triple_bottom_setup,2022-07-14 13:30:00,2026-06-01 13:30:00,2026-08-18 13:30:00,10.6,9.74,10.03,10.12,4.71,17.98,1027,,,,39.92,0.0,CNH Industrial,S&P MidCap 400,US,0.17935
352,BSX,43.23,46.9,61.98,-30.3,38.8,triple_bottom_setup,2021-12-20 14:30:00,2022-02-18 14:30:00,2026-07-15 13:30:00,39.27,42.19,42.2,41.22,4.73,109.5,1144,,,,153.3,0.0,Boston Scientific,S&P 500,US,0.17905
353,RMD,221.15,222.48,224.85,-1.6,45.2,triple_bottom_setup,2022-06-16 13:30:00,2022-10-13 13:30:00,2026-07-23 13:30:00,194.3,206.3,190.21,196.94,4.75,293.81,1027,,,,32.86,0.0,ResMed|,S&P 500,US,0.17875000000000002
354,WFRD,78.44,88.36,92.74,-15.4,31.9,triple_bottom_setup,2024-09-26 13:30:00,2026-03-18 13:30:00,2026-08-26 13:30:00,83.06,83.53,86.24,84.27,2.33,113.15,479,,,,44.25,0.0,Weatherford International,S&P MidCap 400,US,0.17840978835978838
355,PODD,130.79,145.77,194.17,-32.6,33.6,triple_bottom_setup,2023-11-01 13:30:00,2026-06-22 13:30:00,2026-09-11 13:30:00,128.68,138.79,131.24,132.9,4.43,354.88,716,,,,171.34,0.0,Insulet Corporation,S&P 500,US,0.1782589947089947
356,DASH,182.18,205.44,186.92,-2.5,36.3,triple_bottom_setup,2024-12-18 14:30:00,2025-03-07 14:30:00,2026-07-23 13:30:00,164.2,169.43,166.58,166.74,1.62,285.5,397,,,,56.72,0.0,DoorDash,S&P 500,US,0.1782132275132275
357,APG,40.01,39.92,41.87,-4.4,59.5,triple_bottom_setup,2025-08-06 13:30:00,2025-10-23 13:30:00,2026-09-09 13:30:00,34.16,33.52,35.57,34.42,3.35,49.99,274,,,,24.94,0.0,APi Group,S&P MidCap 400,US,0.1781600529100529
358,CBT,76.35,82.97,78.17,-2.3,34.8,triple_bottom_setup,2025-06-20 13:30:00,2026-05-21 13:30:00,2026-08-04 13:30:00,72.71,76.09,78.58,75.79,4.07,94.53,281,,,,23.81,0.0,Cabot Corp,S&P MidCap 400,US,0.17770264550264553
359,MUSA,511.37,545.94,503.65,1.5,44.4,triple_bottom_setup,2025-01-16 14:30:00,2026-06-26 13:30:00,2026-09-09 13:30:00,469.67,516.4,490.29,492.12,4.93,636.05,412,,,,24.38,0.0,Murphy USA,S&P MidCap 400,US,0.17738068783068783
360,NOW,137.76,128.34,115.86,18.9,54.3,triple_bottom_setup,2022-06-16 13:30:00,2023-04-27 13:30:00,2026-07-23 13:30:00,84.83,85.54,91.53,87.3,4.85,239.62,1027,,,,73.94,0.0,ServiceNow,S&P 500,US,0.17725000000000002
361,AYI,299.28,330.72,314.15,-4.7,38.2,triple_bottom_setup,2024-11-20 14:30:00,2025-02-03 14:30:00,2026-07-21 13:30:00,314.9,302.7,323.51,313.7,3.51,380.17,414,,,,27.03,0.0,Acuity Brands,S&P MidCap 400,US,0.17686190476190478
362,CPT,96.62,105.04,104.76,-7.8,27.6,triple_bottom_setup,2025-06-30 13:30:00,2026-02-05 14:30:00,2026-07-15 13:30:00,110.81,104.85,111.47,109.04,3.85,119.81,261,,,,24.0,0.0,Camden Property Trust,S&P 500,US,0.1767738095238095
363,TEX,54.94,62.72,61.88,-11.2,37.0,triple_bottom_setup,2023-07-27 13:30:00,2026-01-30 14:30:00,2026-07-30 13:30:00,56.57,55.87,60.44,57.63,4.88,74.69,754,,,,35.95,0.0,Terex,S&P MidCap 400,US,0.1765354497354497
364,MAA,116.38,128.13,129.25,-10.0,23.2,triple_bottom_setup,2023-03-24 13:30:00,2023-05-25 13:30:00,2026-07-22 13:30:00,138.68,143.72,131.08,137.83,4.9,173.38,833,,,,48.98,0.0,Mid-America Apartment Communities,S&P 500,US,0.1765
365,BRO,61.77,68.71,67.78,-8.9,35.3,triple_bottom_setup,2023-10-23 13:30:00,2026-03-25 13:30:00,2026-08-17 13:30:00,66.73,63.29,68.71,66.24,4.46,125.68,705,,,,103.46,0.0,Brown & Brown,S&P 500,US,0.17635396825396826
366,CRUS,120.17,120.24,139.82,-14.1,52.5,triple_bottom_setup,2023-03-13 13:30:00,2024-11-20 14:30:00,2026-09-01 13:30:00,99.04,98.56,106.26,101.29,4.91,180.42,871,,,,50.14,0.0,Cirrus Logic,S&P MidCap 400,US,0.17635
367,IDXX,517.75,544.22,588.86,-12.1,44.3,triple_bottom_setup,2022-03-14 13:30:00,2024-02-01 14:30:00,2026-07-23 13:30:00,484.57,510.02,534.36,509.65,4.92,769.98,1093,,,,48.72,0.0,Idexx Laboratories,S&P 500,US,0.17620000000000002
368,BDC,108.28,118.49,119.16,-9.1,39.9,triple_bottom_setup,2023-06-26 13:30:00,2023-09-26 13:30:00,2026-07-17 13:30:00,90.17,92.05,98.0,93.41,4.92,159.99,767,,,,47.76,0.0,Belden Inc.,S&P MidCap 400,US,0.17620000000000002
369,AJG,231.82,249.6,231.9,-0.0,40.0,triple_bottom_setup,2023-10-03 13:30:00,2024-01-26 14:30:00,2026-08-04 13:30:00,223.35,227.08,240.82,230.42,4.52,351.23,710,,,,51.51,0.0,Arthur J. Gallagher & Co.,S&P 500,US,0.17611534391534395
370,CME,265.1,269.5,274.47,-3.4,43.7,triple_bottom_setup,2025-06-20 13:30:00,2026-06-02 13:30:00,2026-08-12 13:30:00,263.21,244.56,256.83,254.87,4.04,329.16,287,,,,24.16,0.0,CME Group,S&P 500,US,0.17602962962962965
371,ORCL,138.07,143.15,162.41,-15.0,43.6,triple_bottom_setup,2025-03-11 13:30:00,2026-04-10 13:30:00,2026-08-19 13:30:00,137.7,134.57,137.43,136.57,1.46,345.72,362,,,,150.39,0.0,Oracle Corporation,S&P 500,US,0.17598359788359788
372,TSN,50.47,55.08,59.13,-14.6,31.1,triple_bottom_setup,2022-12-22 14:30:00,2023-03-23 13:30:00,2026-08-03 13:30:00,59.38,55.81,54.53,56.57,4.96,69.48,903,,,,37.67,0.0,Tyson Foods,S&P 500,US,0.1756
373,UDR,33.68,36.47,36.43,-7.6,29.8,triple_bottom_setup,2025-05-23 13:30:00,2025-08-12 13:30:00,2026-08-12 13:30:00,39.25,37.4,37.04,37.9,3.57,42.22,305,,,,25.36,0.0,"UDR, Inc.",S&P 500,US,0.175460582010582
374,AR,34.03,36.62,36.32,-6.3,38.2,triple_bottom_setup,2022-08-05 13:30:00,2026-04-17 13:30:00,2026-07-10 13:30:00,34.96,35.31,32.58,34.28,4.97,45.75,984,,,,34.44,0.0,Antero Resources,S&P MidCap 400,US,0.17545
375,GDDY,96.98,96.47,93.55,3.7,49.5,triple_bottom_setup,2022-01-24 14:30:00,2022-07-14 13:30:00,2026-07-31 13:30:00,67.95,67.86,73.1,69.64,4.97,216.0,1133,,,,122.73,0.0,GoDaddy,S&P 500,US,0.17545
376,ULTA,537.73,533.24,555.91,-3.3,48.2,triple_bottom_setup,2025-08-08 13:30:00,2026-03-24 13:30:00,2026-08-17 13:30:00,496.2,499.32,493.11,496.21,0.63,714.97,256,,,,32.96,0.0,Ulta Beauty,S&P 500,US,0.17441243386243388
377,EEFT,63.64,70.94,71.67,-11.2,35.2,triple_bottom_setup,2023-10-13 13:30:00,2026-01-13 14:30:00,2026-09-01 13:30:00,73.84,71.83,67.72,71.13,4.79,117.66,722,,,,84.88,0.0,Euronet Worldwide,S&P MidCap 400,US,0.1736526455026455
378,SON,48.5,54.15,51.18,-5.2,33.2,triple_bottom_setup,2025-09-04 13:30:00,2026-06-08 13:30:00,2026-09-11 13:30:00,44.81,46.77,47.59,46.39,3.41,60.67,256,,,,25.09,0.0,Sonoco,S&P MidCap 400,US,0.17362910052910052
379,ISRG,401.24,378.84,448.05,-10.4,57.9,triple_bottom_setup,2024-02-13 14:30:00,2024-04-19 13:30:00,2026-09-10 13:30:00,371.0,364.17,345.25,360.14,4.13,616.0,645,,,,53.52,0.0,Intuitive Surgical,S&P 500,US,0.1733674603174603
380,DHI,137.06,144.21,147.98,-7.4,42.2,triple_bottom_setup,2024-12-19 14:30:00,2025-11-18 14:30:00,2026-07-23 13:30:00,135.0,134.74,138.83,136.19,1.94,184.55,396,,,,34.65,0.0,D. R. Horton,S&P 500,US,0.1732809523809524
381,KR,59.48,57.98,62.92,-5.5,52.4,triple_bottom_setup,2024-04-10 13:30:00,2024-08-20 13:30:00,2026-07-23 13:30:00,55.0,51.5,54.83,53.78,4.23,76.58,572,,,,28.75,0.0,Kroger,S&P 500,US,0.1726280423280423
382,ODFL,178.1,197.39,199.2,-10.6,41.3,triple_bottom_setup,2023-08-18 13:30:00,2026-05-12 13:30:00,2026-07-30 13:30:00,194.12,186.89,205.16,195.39,5.0,252.03,738,,,,41.51,0.0,Old Dominion,S&P 500,US,0.17261904761904762
383,TDG,1097.24,1181.64,1248.46,-12.1,39.2,triple_bottom_setup,2024-03-11 13:30:00,2026-05-15 13:30:00,2026-09-16 13:30:00,1136.27,1143.4,1071.25,1116.97,4.09,1623.83,631,,,,47.99,0.0,TransDigm Group,S&P 500,US,0.17211560846560847
384,HOG,24.83,26.41,22.97,8.1,38.0,triple_bottom_setup,2025-02-05 14:30:00,2025-06-02 13:30:00,2026-07-31 13:30:00,25.25,23.32,24.19,24.25,4.11,31.25,372,,,,25.86,0.0,Harley-Davidson,S&P MidCap 400,US,0.1720563492063492
385,DOV,188.06,197.49,209.19,-10.1,41.6,triple_bottom_setup,2024-11-20 14:30:00,2026-01-29 14:30:00,2026-09-14 13:30:00,196.63,197.97,184.0,192.87,4.6,237.54,452,,,,26.31,0.0,Dover Corporation,S&P 500,US,0.1715383597883598
386,YETI,41.37,44.72,44.41,-6.9,44.9,triple_bottom_setup,2024-02-26 14:30:00,2024-07-10 13:30:00,2026-09-10 13:30:00,37.31,36.05,39.04,37.47,4.2,53.99,637,,,,30.51,0.0,Yeti Holdings,S&P MidCap 400,US,0.17125925925925925
387,AZO,2819.03,2966.28,3300.17,-14.6,41.1,triple_bottom_setup,2024-11-20 14:30:00,2026-06-22 13:30:00,2026-08-20 13:30:00,3036.4,2949.06,2903.57,2963.01,2.48,4388.11,436,,,,55.66,0.0,AutoZone,S&P 500,US,0.17047195767195766
388,PFGC,91.84,102.13,96.87,-5.2,36.2,triple_bottom_setup,2025-06-18 13:30:00,2026-05-05 13:30:00,2026-09-15 13:30:00,84.86,86.31,88.95,86.71,2.59,117.47,311,,,,27.91,0.0,Performance Food Group,S&P MidCap 400,US,0.1697042328042328
389,SLGN,34.77,40.35,41.36,-15.9,24.9,triple_bottom_setup,2024-07-05 13:30:00,2026-04-28 13:30:00,2026-07-31 13:30:00,41.14,38.5,39.83,39.82,3.32,58.14,519,,,,67.21,0.0,Silgan Holdings,S&P MidCap 400,US,0.16885079365079364
390,MRSH,171.85,182.94,174.99,-1.8,40.7,triple_bottom_setup,2024-01-25 14:30:00,2025-11-03 14:30:00,2026-08-17 13:30:00,188.31,174.18,184.13,182.21,4.41,248.0,641,,,,44.31,0.0,Marsh McLennan,S&P 500,US,0.16863835978835978
391,BMRN,58.44,64.02,58.65,-0.4,29.8,triple_bottom_setup,2024-11-19 14:30:00,2025-07-21 13:30:00,2026-07-23 13:30:00,61.15,56.48,57.42,58.35,4.8,73.51,417,,,,25.79,0.0,BioMarin Pharmaceutical,S&P MidCap 400,US,0.1682420634920635
392,BATS.L,3984.0,4244.02,4381.78,-9.1,35.6,triple_bottom_setup,2025-09-02 07:00:00,2025-12-09 08:00:00,2026-09-10 07:00:00,4033.0,4085.0,4002.0,4040.0,1.11,5368.0,259,,,,34.74,0.0,British American Tobacco,STOXX 600,Europe,0.16760925925925926
393,TMUS,161.73,175.98,189.58,-14.7,33.9,triple_bottom_setup,2024-02-08 14:30:00,2024-04-16 13:30:00,2026-07-31 13:30:00,159.22,159.14,169.68,162.68,4.3,276.49,620,,,,70.96,0.0,T-Mobile US,S&P 500,US,0.16751058201058203
394,DOCS,28.5,24.93,26.87,6.1,65.7,triple_bottom_setup,2024-08-05 13:30:00,2026-02-25 14:30:00,2026-09-09 13:30:00,25.0,23.53,23.95,24.16,3.48,85.21,525,,,,198.98,0.0,Doximity,S&P MidCap 400,US,0.16724444444444445
395,IBS.LS,9.76,9.97,10.14,-3.7,39.2,triple_bottom_setup,2025-05-16 08:00:00,2025-07-31 08:00:00,2026-07-16 08:00:00,8.98,9.24,8.84,9.02,2.44,12.52,298,,,,28.28,0.0,Ibersol,STOXX 600,Europe,0.16715132275132277
396,LMP.L,171.3,187.57,191.29,-10.4,28.4,triple_bottom_setup,2025-09-03 07:00:00,2026-07-08 07:00:00,2026-09-15 07:00:00,175.34,184.0,175.1,178.14,3.29,216.2,261,,,,26.21,0.0,LondonMetric Property,STOXX 600,Europe,0.16675714285714283
397,AMH,30.53,32.62,31.07,-1.7,31.4,triple_bottom_setup,2024-11-01 13:30:00,2025-01-23 14:30:00,2026-07-31 13:30:00,34.81,34.01,32.84,33.89,3.09,39.49,435,,,,29.35,0.0,American Homes 4 Rent,S&P MidCap 400,US,0.1666063492063492
398,CELH,27.41,29.4,36.51,-24.9,41.0,triple_bottom_setup,2024-10-08 13:30:00,2026-05-13 13:30:00,2026-09-10 13:30:00,28.2,27.66,26.59,27.48,3.25,66.74,481,,,,143.49,0.0,Celsius Holdings,S&P MidCap 400,US,0.16487433862433865
399,VST,139.75,143.7,154.59,-9.6,46.5,triple_bottom_setup,2024-12-18 14:30:00,2026-02-05 14:30:00,2026-08-07 13:30:00,131.64,138.53,134.75,134.97,2.64,219.82,408,,,,57.3,0.0,Vistra Corp.,S&P 500,US,0.16436825396825397
400,SGI,62.75,65.73,76.25,-17.7,43.5,triple_bottom_setup,2025-06-02 13:30:00,2026-05-20 13:30:00,2026-08-27 13:30:00,62.46,60.39,61.67,61.51,1.82,98.56,311,,,,57.07,0.0,Somnigroup International,S&P MidCap 400,US,0.16383756613756614
401,CSL,325.21,348.19,350.28,-7.2,44.8,triple_bottom_setup,2025-04-09 13:30:00,2026-05-20 13:30:00,2026-07-29 13:30:00,311.41,321.25,320.23,317.63,1.96,435.92,326,,,,34.04,0.0,Carlisle Companies,S&P MidCap 400,US,0.16372169312169313
402,PCTY,146.6,146.0,125.09,17.2,52.9,triple_bottom_setup,2024-07-01 13:30:00,2025-11-06 14:30:00,2026-09-09 13:30:00,129.94,135.46,140.39,135.26,3.93,223.8,549,,,,52.66,0.0,Paylocity,S&P MidCap 400,US,0.1636690476190476
403,HD,282.46,321.94,334.95,-15.7,25.9,triple_bottom_setup,2025-04-09 13:30:00,2026-04-07 13:30:00,2026-07-23 13:30:00,326.31,315.31,323.05,321.56,1.94,426.75,322,,,,51.08,0.0,Home Depot (The),S&P 500,US,0.1634925925925926
404,IRT,14.5,15.83,15.95,-9.1,32.2,triple_bottom_setup,2025-07-15 13:30:00,2025-10-10 13:30:00,2026-07-22 13:30:00,17.05,15.87,16.28,16.4,3.96,18.18,256,,,,25.38,0.0,Independence Realty Trust,S&P MidCap 400,US,0.16296243386243386
405,GAP,22.73,21.01,23.29,-2.4,58.9,triple_bottom_setup,2024-08-05 13:30:00,2024-10-09 13:30:00,2026-07-24 13:30:00,19.73,19.95,18.68,19.45,3.98,29.36,493,,,,29.17,0.0,Gap Inc.,S&P MidCap 400,US,0.16242830687830684
406,AZN.L,12032.0,12166.83,13566.38,-11.3,43.8,triple_bottom_setup,2025-02-05 08:00:00,2026-06-03 07:00:00,2026-09-10 07:00:00,10942.0,11232.0,11552.0,11242.0,2.76,15732.0,403,,,,30.75,0.0,AstraZeneca,STOXX 600,Europe,0.16190687830687828
407,ESAB,67.11,77.99,98.16,-31.6,40.4,triple_bottom_setup,2024-01-03 14:30:00,2024-08-02 13:30:00,2026-07-23 13:30:00,82.44,88.54,82.3,84.43,4.87,137.42,639,,,,104.77,0.0,ESAB,S&P MidCap 400,US,0.16147380952380952
408,PNFP,94.63,100.92,96.2,-1.6,39.1,triple_bottom_setup,2025-03-11 13:30:00,2025-06-13 13:30:00,2026-07-23 13:30:00,98.03,101.74,94.36,98.04,3.77,120.46,343,,,,27.3,0.0,Pinnacle Financial Partners,S&P MidCap 400,US,0.16132037037037036
409,IMB.L,2424.0,2585.6,2872.98,-15.6,35.7,triple_bottom_setup,2024-12-19 08:00:00,2025-02-21 08:00:00,2026-07-14 07:00:00,2536.0,2647.0,2641.0,2608.0,2.76,3632.04,393,,,,49.84,0.0,Imperial Brands,STOXX 600,Europe,0.160584126984127
410,NFG,76.26,80.81,82.33,-7.4,31.7,triple_bottom_setup,2025-04-30 13:30:00,2025-07-10 13:30:00,2026-08-05 13:30:00,75.73,81.29,78.75,78.59,3.64,97.06,317,,,,27.28,0.0,National Fuel Gas,S&P MidCap 400,US,0.15999788359788358
411,PVH,75.85,78.11,76.05,-0.3,52.4,triple_bottom_setup,2025-04-30 13:30:00,2025-08-01 13:30:00,2026-09-10 13:30:00,66.84,69.63,67.62,68.03,2.35,100.75,342,,,,32.83,0.0,PVH Corp.,S&P MidCap 400,US,0.15998809523809523
412,HBAN,15.19,16.66,16.63,-8.6,32.0,triple_bottom_setup,2025-01-10 14:30:00,2026-01-28 14:30:00,2026-07-29 13:30:00,15.87,16.82,16.81,16.5,3.82,19.46,387,,,,28.11,0.0,Huntington Bancshares,S&P 500,US,0.1596404761904762
413,HCA,423.39,414.97,444.62,-4.8,50.3,triple_bottom_setup,2024-09-09 13:30:00,2025-10-14 13:30:00,2026-09-09 13:30:00,379.26,407.7,396.0,394.32,3.82,556.52,501,,,,31.44,0.0,HCA Healthcare,S&P 500,US,0.15896984126984126
414,GEHC,63.98,68.67,71.33,-10.3,35.5,triple_bottom_setup,2025-04-09 13:30:00,2026-04-29 13:30:00,2026-07-24 13:30:00,57.65,58.75,60.2,58.87,2.27,89.77,323,,,,40.31,0.0,GE HealthCare,S&P 500,US,0.15867486772486772
415,III.L,2544.0,2766.0,2789.75,-8.8,36.5,triple_bottom_setup,2024-02-07 08:00:00,2026-03-26 08:00:00,2026-07-22 07:00:00,2307.0,2255.0,2453.0,2338.33,4.9,4497.0,620,,,,76.77,0.0,3i,STOXX 600,Europe,0.15851058201058202
416,PPG,104.67,111.12,110.91,-5.6,38.8,triple_bottom_setup,2025-01-13 14:30:00,2025-06-13 13:30:00,2026-07-14 13:30:00,113.0,106.08,113.01,110.7,4.17,133.43,375,,,,27.48,0.0,PPG Industries,S&P 500,US,0.15805317460317458
417,SYNA,106.15,101.16,98.58,7.7,59.7,triple_bottom_setup,2024-06-27 13:30:00,2026-02-03 14:30:00,2026-09-16 13:30:00,84.26,80.86,88.09,84.4,4.37,149.11,556,,,,40.47,0.0,Synaptics,S&P MidCap 400,US,0.15799497354497355
418,SMG,50.02,59.33,61.31,-18.4,30.6,triple_bottom_setup,2025-03-03 14:30:00,2025-06-04 13:30:00,2026-08-17 13:30:00,55.68,56.81,58.56,57.02,2.71,75.34,366,,,,50.62,0.0,Scotts Miracle-Gro Company,S&P MidCap 400,US,0.1577626984126984
419,IPGP,83.66,80.81,101.25,-17.4,60.4,triple_bottom_setup,2025-08-06 13:30:00,2025-12-31 14:30:00,2026-08-24 13:30:00,71.35,71.38,69.41,70.71,1.84,155.82,263,,,,86.25,0.0,IPG Photonics,S&P MidCap 400,US,0.1571883597883598
420,BRBY.L,1015.0,1081.65,1133.41,-10.4,42.4,triple_bottom_setup,2024-04-19 07:00:00,2025-08-14 07:00:00,2026-07-23 07:00:00,1103.5,1096.5,1026.0,1075.33,4.59,1376.5,571,,,,35.62,0.0,Burberry Group,STOXX 600,Europe,0.15667910052910056
421,BXP,60.24,66.2,61.46,-2.0,33.0,triple_bottom_setup,2025-01-10 14:30:00,2025-03-13 13:30:00,2026-08-18 13:30:00,67.39,63.72,66.17,65.76,3.1,79.33,401,,,,31.69,0.0,"BXP, Inc.",S&P 500,US,0.15654232804232804
422,VC,88.36,100.5,101.02,-12.5,30.0,triple_bottom_setup,2024-06-14 13:30:00,2024-08-14 13:30:00,2026-07-23 13:30:00,101.42,95.4,95.14,97.32,4.21,129.1,526,,,,46.11,0.0,Visteon,S&P MidCap 400,US,0.15642671957671958
423,ORI,37.49,41.25,40.35,-7.1,25.1,triple_bottom_setup,2025-06-09 13:30:00,2025-10-29 13:30:00,2026-07-23 13:30:00,36.24,38.34,39.85,38.14,4.99,46.76,281,,,,24.73,0.0,Old Republic International,S&P MidCap 400,US,0.15623597883597884
424,PGR,210.96,214.19,208.28,1.3,47.9,triple_bottom_setup,2024-06-12 13:30:00,2026-05-29 13:30:00,2026-08-17 13:30:00,201.34,189.2,203.18,197.91,4.4,292.99,545,,,,38.88,0.0,Progressive Corporation,S&P 500,US,0.15608994708994708
425,WMS,126.86,136.98,145.38,-12.7,40.7,triple_bottom_setup,2024-08-08 13:30:00,2024-11-21 14:30:00,2026-07-31 13:30:00,135.0,127.62,136.07,132.9,3.97,179.32,495,,,,41.35,0.0,Advanced Drainage Systems,S&P MidCap 400,US,0.15592619047619047
426,RTO.L,296.1,348.06,433.08,-31.6,20.2,triple_bottom_setup,2024-10-16 07:00:00,2025-03-12 08:00:00,2026-08-03 07:00:00,336.3,315.3,329.6,327.07,3.6,507.0,453,,,,71.23,0.0,Rentokil Initial,STOXX 600,Europe,0.15592063492063493
427,TPL,336.46,366.59,395.67,-15.0,41.5,triple_bottom_setup,2025-06-24 13:30:00,2026-02-03 14:30:00,2026-08-13 13:30:00,340.46,326.68,335.1,334.08,2.21,547.2,286,,,,62.63,0.0,Texas Pacific Land Corporation,S&P 500,US,0.15468068783068784
428,HAL,31.88,33.9,35.14,-9.3,33.8,triple_bottom_setup,2024-07-10 13:30:00,2026-03-09 13:30:00,2026-07-30 13:30:00,32.6,33.49,30.98,32.36,4.25,43.59,515,,,,36.73,0.0,Halliburton,S&P 500,US,0.15437169312169313
429,CLF,11.47,11.9,11.39,0.7,45.8,triple_bottom_setup,2024-12-30 14:30:00,2025-03-11 13:30:00,2026-07-20 13:30:00,8.99,8.5,8.84,8.78,3.15,16.7,387,,,,45.6,0.0,Cleveland-Cliffs,S&P MidCap 400,US,0.15394047619047618
430,EXE,85.96,92.98,97.56,-11.9,35.6,triple_bottom_setup,2024-05-03 13:30:00,2025-08-19 13:30:00,2026-07-10 13:30:00,85.08,91.01,84.99,87.03,4.58,126.62,546,,,,47.3,0.0,Expand Energy,S&P 500,US,0.15352222222222223
431,MRO.L,465.5,483.03,524.3,-11.2,41.1,triple_bottom_setup,2025-05-23 07:00:00,2026-07-14 07:00:00,2026-09-15 07:00:00,439.7,455.1,460.95,451.92,2.7,685.0,332,,,,47.15,0.0,Melrose Industries,STOXX 600,Europe,0.15341534391534392
432,MANH,204.15,201.62,161.04,26.8,48.5,triple_bottom_setup,2024-07-18 13:30:00,2025-09-04 13:30:00,2026-09-11 13:30:00,215.62,202.26,200.93,206.27,4.53,312.6,539,,,,53.12,0.0,Manhattan Associates,S&P MidCap 400,US,0.15334629629629626
433,CRH,81.7,93.01,107.86,-24.3,30.3,triple_bottom_setup,2024-10-04 13:30:00,2025-01-13 14:30:00,2026-07-31 13:30:00,87.67,90.25,94.12,90.68,3.79,131.55,455,,,,61.02,0.0,CRH plc,S&P 500,US,0.15333518518518519
434,ORLY,85.03,88.4,91.0,-6.6,43.4,triple_bottom_setup,2025-06-26 13:30:00,2026-03-20 13:30:00,2026-07-15 13:30:00,86.94,86.77,82.59,85.43,3.33,108.72,263,,,,27.86,0.0,O'Reilly Automotive,S&P 500,US,0.15267169312169313
435,SFM,64.48,77.53,77.96,-17.3,34.3,triple_bottom_setup,2024-06-12 13:30:00,2025-10-30 13:30:00,2026-07-23 13:30:00,74.15,75.75,70.0,73.3,4.5,182.0,528,,,,182.26,0.0,Sprouts Farmers Market,S&P MidCap 400,US,0.15234126984126983
436,SIRI,25.64,28.61,25.25,1.6,31.7,triple_bottom_setup,2024-08-05 13:30:00,2026-06-05 13:30:00,2026-08-13 13:30:00,28.6,26.46,27.92,27.66,4.34,36.4,507,,,,41.97,0.0,SiriusXM,S&P MidCap 400,US,0.15196349206349208
437,CDW,135.83,142.05,130.59,4.0,43.9,triple_bottom_setup,2025-04-07 13:30:00,2025-11-21 14:30:00,2026-08-25 13:30:00,137.31,135.63,130.56,134.5,2.93,192.3,347,,,,41.57,0.0,CDW Corporation,S&P 500,US,0.1519494708994709
438,MLM,479.17,522.57,588.64,-18.6,35.9,triple_bottom_setup,2024-07-02 13:30:00,2024-09-11 13:30:00,2026-07-31 13:30:00,525.69,490.05,523.48,513.07,4.49,710.97,521,,,,48.38,0.0,Martin Marietta Materials,S&P 500,US,0.1515653439153439
439,HLI,128.38,130.89,148.42,-13.5,44.6,triple_bottom_setup,2025-04-07 13:30:00,2026-03-24 13:30:00,2026-07-13 13:30:00,137.99,134.41,130.72,134.37,2.72,211.78,316,,,,64.96,0.0,Houlihan Lokey,S&P MidCap 400,US,0.1509989417989418
440,RRC,37.6,39.86,39.17,-4.0,39.1,triple_bottom_setup,2025-03-07 14:30:00,2026-01-15 14:30:00,2026-07-10 13:30:00,34.32,32.68,34.87,33.96,3.76,48.31,336,,,,28.48,0.0,Range Resources,S&P MidCap 400,US,0.1507111111111111
441,G,34.7,34.95,36.24,-4.3,51.9,triple_bottom_setup,2024-08-08 13:30:00,2026-02-12 14:30:00,2026-08-12 13:30:00,32.18,34.79,33.0,33.32,4.4,56.76,503,,,,63.57,0.0,Genpact,S&P MidCap 400,US,0.15053439153439152
442,SBAC,158.02,179.79,189.28,-16.5,22.0,triple_bottom_setup,2024-05-01 13:30:00,2025-10-13 13:30:00,2026-08-05 13:30:00,183.64,185.45,171.12,180.07,4.97,252.64,566,,,,59.88,0.0,SBA Communications,S&P 500,US,0.15031772486772488
443,ELF,104.09,96.35,78.15,33.2,59.7,triple_bottom_setup,2024-11-06 14:30:00,2025-08-07 13:30:00,2026-09-17 13:30:00,98.5,94.0,91.4,94.63,4.09,150.99,465,,,,45.06,0.0,e.l.f. Beauty,S&P MidCap 400,US,0.15015793650793652
444,APP,281.31,333.33,458.25,-38.6,32.0,triple_bottom_setup,2024-12-18 14:30:00,2025-06-23 13:30:00,2026-08-24 13:30:00,308.13,320.0,297.5,308.54,3.71,745.61,419,,,,165.05,0.0,AppLovin,S&P 500,US,0.14977328042328042
445,DKS,132.85,161.7,196.97,-32.6,40.7,triple_bottom_setup,2025-03-13 13:30:00,2026-04-02 13:30:00,2026-07-31 13:30:00,186.09,186.77,195.18,189.35,3.08,244.38,347,,,,83.95,0.0,Dick's Sporting Goods,S&P MidCap 400,US,0.1496994708994709
446,SMCI,41.92,36.27,31.94,31.2,58.7,triple_bottom_setup,2024-09-26 13:30:00,2025-03-04 14:30:00,2026-09-16 13:30:00,37.3,34.51,35.36,35.72,4.42,66.44,493,,,,58.49,0.0,Supermicro,S&P 500,US,0.14891164021164022
447,TTWO,203.62,226.76,224.78,-9.4,37.9,triple_bottom_setup,2025-06-02 13:30:00,2025-08-08 13:30:00,2026-08-06 13:30:00,222.12,216.34,228.2,222.22,2.69,265.94,296,,,,30.61,0.0,Take-Two Interactive,S&P 500,US,0.14880343915343916
448,QCOM,182.09,170.64,167.8,8.5,50.3,triple_bottom_setup,2025-07-16 13:30:00,2025-11-20 14:30:00,2026-08-24 13:30:00,151.54,158.85,156.23,155.54,2.57,259.92,278,,,,42.74,0.0,Qualcomm,S&P 500,US,0.14822248677248678
449,BCO,99.97,110.89,111.63,-10.4,32.7,triple_bottom_setup,2024-10-02 13:30:00,2026-05-13 13:30:00,2026-09-09 13:30:00,107.9,99.09,103.99,103.66,4.41,136.37,484,,,,36.41,0.0,Brink's,S&P MidCap 400,US,0.14787116402116401
450,LOPE,153.71,148.99,158.61,-3.1,57.6,triple_bottom_setup,2024-10-22 13:30:00,2026-06-22 13:30:00,2026-08-25 13:30:00,130.69,140.02,138.61,136.44,4.21,223.04,460,,,,45.1,0.0,Grand Canyon Education,S&P MidCap 400,US,0.14769656084656085
451,CVLT,147.77,137.96,115.36,28.1,56.7,triple_bottom_setup,2024-05-31 13:30:00,2025-12-05 14:30:00,2026-07-31 13:30:00,105.76,114.47,113.53,111.25,4.94,200.68,542,,,,35.81,0.0,CommVault Systems,S&P MidCap 400,US,0.1475931216931217
452,FNF,39.11,46.25,48.51,-19.4,24.2,triple_bottom_setup,2025-07-11 13:30:00,2026-05-07 13:30:00,2026-07-23 13:30:00,48.8,46.67,48.08,47.85,2.47,59.21,259,,,,51.39,0.0,Fidelity National Financial,S&P MidCap 400,US,0.14720925925925926
453,OGS,71.71,77.86,80.08,-10.4,26.0,triple_bottom_setup,2025-06-17 13:30:00,2026-01-05 14:30:00,2026-08-04 13:30:00,70.87,75.29,76.71,74.29,4.6,90.78,283,,,,26.59,0.0,One Gas,S&P MidCap 400,US,0.14685052910052912
454,ICG.L,1795.0,1943.98,1828.26,-1.8,35.3,triple_bottom_setup,2025-06-23 07:00:00,2026-04-30 07:00:00,2026-09-15 07:00:00,1873.0,1767.15,1817.0,1819.05,2.97,2340.0,312,,,,30.36,0.0,ICG,STOXX 600,Europe,0.14671984126984125
455,RBA,81.59,89.76,101.52,-19.6,37.9,triple_bottom_setup,2024-09-09 13:30:00,2025-02-03 14:30:00,2026-09-10 13:30:00,82.06,86.68,79.75,82.83,4.65,119.58,502,,,,46.56,0.0,RB Global,S&P MidCap 400,US,0.1466521164021164
456,AGCO,111.81,113.59,115.88,-3.5,40.4,triple_bottom_setup,2025-06-24 13:30:00,2026-01-02 14:30:00,2026-08-19 13:30:00,98.6,103.84,98.22,100.22,3.61,143.78,290,,,,28.59,0.0,AGCO,S&P MidCap 400,US,0.14595978835978837
457,PEG,67.89,72.92,77.68,-12.6,34.5,triple_bottom_setup,2025-05-14 13:30:00,2026-05-18 13:30:00,2026-08-24 13:30:00,76.0,76.05,72.53,74.86,3.11,91.26,320,,,,34.42,0.0,Public Service Enterprise Group,S&P 500,US,0.14567804232804232
458,ALGN,145.35,160.66,170.41,-14.7,38.7,triple_bottom_setup,2025-03-13 13:30:00,2025-05-23 13:30:00,2026-07-31 13:30:00,158.13,168.01,164.74,163.63,3.36,208.31,347,,,,43.32,0.0,Align Technology,S&P 500,US,0.1454994708994709
459,COO,57.41,67.23,71.5,-19.7,39.1,triple_bottom_setup,2025-06-03 13:30:00,2025-11-06 14:30:00,2026-07-14 13:30:00,65.0,67.2,68.37,66.86,2.78,89.83,278,,,,56.47,0.0,Cooper Companies (The),S&P 500,US,0.14507248677248677
460,BAB.L,949.2,1071.02,1180.59,-19.6,34.7,triple_bottom_setup,2025-08-11 07:00:00,2026-06-29 07:00:00,2026-09-10 07:00:00,934.76,902.4,946.8,927.99,2.76,1527.0,274,,,,60.87,0.0,Babcock International,STOXX 600,Europe,0.14484338624338622
461,EXLS,36.48,35.12,33.07,10.3,58.8,triple_bottom_setup,2024-09-06 13:30:00,2025-10-29 13:30:00,2026-09-11 13:30:00,35.16,37.3,34.33,35.6,4.79,52.43,504,,,,43.72,0.0,EXL Service,S&P MidCap 400,US,0.14481666666666665
462,AXON,422.21,531.36,497.65,-15.2,33.0,triple_bottom_setup,2025-02-25 14:30:00,2025-11-21 14:30:00,2026-07-23 13:30:00,480.18,508.72,485.75,491.55,3.49,885.92,353,,,,109.83,0.0,Axon Enterprise,S&P 500,US,0.1443431216931217
463,BC,64.22,75.17,78.05,-17.7,25.4,triple_bottom_setup,2024-11-20 14:30:00,2026-05-20 13:30:00,2026-07-31 13:30:00,77.17,72.53,77.2,75.63,4.1,90.25,422,,,,40.53,0.0,Brunswick,S&P MidCap 400,US,0.14432010582010585
464,BKNG,160.28,189.53,182.13,-12.0,31.4,triple_bottom_setup,2025-04-09 13:30:00,2026-03-27 13:30:00,2026-07-09 13:30:00,163.85,161.21,170.31,165.12,3.14,233.58,312,,,,45.73,0.0,Booking Holdings,S&P 500,US,0.14416984126984125
465,UBER,67.88,73.05,74.8,-9.3,35.7,triple_bottom_setup,2025-03-13 13:30:00,2026-03-27 13:30:00,2026-07-27 13:30:00,69.36,68.46,65.41,67.74,3.44,101.99,343,,,,50.25,0.0,Uber,S&P 500,US,0.14377037037037038
466,XYL,100.88,112.28,120.39,-16.2,28.4,triple_bottom_setup,2025-04-07 13:30:00,2026-06-11 13:30:00,2026-09-04 13:30:00,100.47,106.54,105.48,104.16,3.55,154.27,355,,,,52.92,0.0,Xylem Inc.,S&P 500,US,0.14370767195767198
467,ABF.L,1831.0,1989.12,1931.07,-5.2,35.7,triple_bottom_setup,2024-11-21 08:00:00,2025-05-07 07:00:00,2026-08-17 07:00:00,2130.0,1969.5,1990.5,2030.0,4.93,2359.0,437,,,,28.84,0.0,Associated British Foods,STOXX 600,Europe,0.14352089947089947
468,AGNC,8.95,10.26,10.1,-11.4,18.2,triple_bottom_setup,2024-10-07 13:30:00,2026-03-27 13:30:00,2026-07-23 13:30:00,10.13,9.63,10.46,10.07,4.4,12.19,448,,,,36.2,0.0,AGNC Investment,S&P MidCap 400,US,0.14325925925925925
469,EL,90.19,93.35,91.59,-1.5,39.1,triple_bottom_setup,2024-09-11 13:30:00,2026-05-19 13:30:00,2026-07-23 13:30:00,82.39,75.26,78.66,78.77,4.6,121.64,466,,,,34.87,0.0,Estée Lauder Companies (The),S&P 500,US,0.14264021164021165
470,WAL,75.7,79.69,80.46,-5.9,39.5,triple_bottom_setup,2025-02-03 14:30:00,2026-01-02 14:30:00,2026-07-08 13:30:00,83.95,82.86,77.89,81.57,4.51,97.23,357,,,,28.44,0.0,Western Alliance Bancorporation,S&P MidCap 400,US,0.1425722222222222
471,EXP,173.07,196.46,207.03,-16.4,32.6,triple_bottom_setup,2025-03-07 14:30:00,2025-06-18 13:30:00,2026-07-23 13:30:00,205.44,191.91,197.79,198.38,3.56,245.53,345,,,,41.87,0.0,Eagle Materials,S&P MidCap 400,US,0.14223492063492066
472,HII,274.33,293.93,341.71,-19.7,45.9,triple_bottom_setup,2024-09-11 13:30:00,2025-10-17 13:30:00,2026-07-21 13:30:00,253.52,277.01,263.62,264.72,4.64,460.0,464,,,,67.68,0.0,Huntington Ingalls Industries,S&P 500,US,0.1417756613756614
473,TTEK,33.72,35.12,32.93,2.4,39.2,triple_bottom_setup,2025-03-03 14:30:00,2025-05-07 13:30:00,2026-07-24 13:30:00,28.17,30.19,30.41,29.59,4.8,43.14,350,,,,27.94,0.0,Tetra Tech,S&P MidCap 400,US,0.14146296296296296
474,H,160.94,170.48,169.2,-4.9,45.4,triple_bottom_setup,2025-01-10 14:30:00,2026-04-29 13:30:00,2026-07-30 13:30:00,150.0,156.86,164.87,157.24,4.85,206.86,388,,,,28.53,0.0,Hyatt,S&P MidCap 400,US,0.1408227513227513
475,HLMA.L,3464.0,3592.72,3882.22,-10.8,42.9,triple_bottom_setup,2025-09-04 07:00:00,2026-07-16 07:00:00,2026-09-15 07:00:00,3194.0,3268.0,3374.0,3278.67,2.91,4902.0,260,,,,41.51,0.0,Halma plc,STOXX 600,Europe,0.14074153439153436
476,BILL,43.78,47.27,43.33,1.0,41.0,triple_bottom_setup,2025-03-13 13:30:00,2025-07-14 13:30:00,2026-08-26 13:30:00,42.82,44.68,46.2,44.57,3.92,57.21,365,,,,30.68,0.0,Bill Holdings,S&P MidCap 400,US,0.13948042328042326
477,RYN,18.22,20.51,20.81,-12.4,22.6,triple_bottom_setup,2025-06-30 13:30:00,2026-01-30 14:30:00,2026-07-09 13:30:00,21.84,21.9,20.9,21.55,3.0,27.34,257,,,,50.05,0.0,Rayonier,S&P MidCap 400,US,0.138994708994709
478,LSEG.L,8120.0,8567.59,8708.82,-6.8,40.3,triple_bottom_setup,2025-07-31 07:00:00,2025-10-20 07:00:00,2026-08-19 07:00:00,9050.0,8472.0,8354.0,8625.33,4.92,10290.0,266,,,,26.72,0.0,London Stock Exchange Group,STOXX 600,Europe,0.13871851851851855
479,PII,52.37,62.72,62.89,-16.7,27.6,triple_bottom_setup,2024-10-24 13:30:00,2026-01-27 14:30:00,2026-07-31 13:30:00,68.59,62.58,65.72,65.63,4.65,77.98,441,,,,48.9,0.0,Polaris,S&P MidCap 400,US,0.13858333333333334
480,SAIA,344.38,358.23,388.66,-11.4,48.4,triple_bottom_setup,2024-08-30 13:30:00,2026-01-30 14:30:00,2026-07-30 13:30:00,363.82,334.24,341.59,346.55,4.98,624.55,478,,,,81.35,0.0,Saia,S&P MidCap 400,US,0.13852751322751322
481,JMT.LS,17.62,17.69,18.79,-6.2,45.3,triple_bottom_setup,2024-11-19 09:00:00,2026-07-09 08:00:00,2026-09-15 08:00:00,17.28,16.11,17.41,16.93,4.86,23.28,463,,,,32.12,0.0,Jerónimo Martins,STOXX 600,Europe,0.13834338624338624
482,INVH,26.4,28.55,27.26,-3.1,26.6,triple_bottom_setup,2025-04-09 13:30:00,2026-05-15 13:30:00,2026-07-31 13:30:00,29.37,27.76,29.34,28.83,3.68,35.8,328,,,,35.6,0.0,Invitation Homes,S&P 500,US,0.13818624338624338
483,NCLH,14.64,16.85,19.47,-24.8,40.3,triple_bottom_setup,2025-03-11 13:30:00,2025-05-23 13:30:00,2026-07-08 13:30:00,17.7,16.87,18.0,17.52,3.73,27.18,332,,,,85.66,0.0,Norwegian Cruise Line Holdings,S&P 500,US,0.1379653439153439
484,IR,75.25,79.36,81.56,-7.7,47.6,triple_bottom_setup,2025-03-13 13:30:00,2025-06-23 13:30:00,2026-07-08 13:30:00,79.79,79.74,75.4,78.31,3.72,100.96,330,,,,34.17,0.0,Ingersoll Rand,S&P 500,US,0.13785079365079364
485,RPM,99.22,106.15,105.42,-5.9,41.1,triple_bottom_setup,2025-04-08 13:30:00,2025-11-19 14:30:00,2026-07-21 13:30:00,95.28,101.75,99.65,98.89,3.65,129.12,321,,,,30.14,0.0,RPM International,S&P MidCap 400,US,0.13771031746031748
486,HSY,159.3,176.01,188.76,-15.6,27.4,triple_bottom_setup,2024-11-19 14:30:00,2026-05-01 13:30:00,2026-07-20 13:30:00,168.16,180.18,168.75,172.36,4.53,239.48,414,,,,50.33,0.0,Hershey Company (The),S&P 500,US,0.13681190476190475
487,PINS,19.46,21.61,21.26,-8.5,47.0,triple_bottom_setup,2025-04-07 13:30:00,2025-11-21 14:30:00,2026-08-13 13:30:00,23.68,24.37,22.65,23.57,3.88,39.93,339,,,,105.19,0.0,Pinterest,S&P MidCap 400,US,0.13664126984126984
488,CNX,31.52,35.04,36.57,-13.8,27.9,triple_bottom_setup,2024-11-01 13:30:00,2025-07-03 13:30:00,2026-07-10 13:30:00,33.66,31.36,31.52,32.18,4.6,43.62,420,,,,38.39,0.0,CNX Resources,S&P MidCap 400,US,0.13655555555555557
489,NVR,6126.38,6287.06,6698.36,-8.5,43.0,triple_bottom_setup,2025-04-09 13:30:00,2026-03-20 13:30:00,2026-09-10 13:30:00,6562.85,6301.03,6057.84,6307.24,4.05,8618.28,356,,,,40.67,0.0,"NVR, Inc.",S&P 500,US,0.1363399470899471
490,SYK,272.96,311.13,328.57,-16.9,35.8,triple_bottom_setup,2025-04-07 13:30:00,2026-03-31 13:30:00,2026-07-14 13:30:00,329.16,319.32,306.53,318.34,3.71,404.87,317,,,,48.33,0.0,Stryker Corporation,S&P 500,US,0.13628121693121692
491,EIX,53.8,64.88,67.29,-20.0,37.1,triple_bottom_setup,2025-04-30 13:30:00,2025-12-08 14:30:00,2026-09-01 13:30:00,52.82,55.84,52.5,53.72,3.95,81.62,336,,,,51.71,0.0,Edison International,S&P 500,US,0.13519444444444445
492,VMC,243.98,265.66,283.42,-13.9,38.0,triple_bottom_setup,2025-07-16 13:30:00,2026-05-19 13:30:00,2026-07-31 13:30:00,255.33,252.42,266.68,258.14,3.31,331.09,262,,,,35.7,0.0,Vulcan Materials Company,S&P 500,US,0.13500608465608466
493,NLY,18.7,21.5,20.86,-10.4,16.9,triple_bottom_setup,2025-03-12 13:30:00,2026-03-20 13:30:00,2026-07-22 13:30:00,20.88,20.62,22.03,21.18,4.03,24.52,341,,,,31.12,0.0,Annaly Capital Management,S&P MidCap 400,US,0.1346558201058201
494,OLN,15.96,18.06,22.57,-29.3,37.3,triple_bottom_setup,2025-06-23 13:30:00,2025-11-20 14:30:00,2026-07-31 13:30:00,18.96,18.43,17.73,18.37,3.5,30.46,278,,,,90.85,0.0,Olin Corporation,S&P MidCap 400,US,0.13427248677248677
495,ALK,39.49,43.45,45.49,-13.2,42.4,triple_bottom_setup,2025-04-08 13:30:00,2025-11-20 14:30:00,2026-08-20 13:30:00,40.19,37.63,39.87,39.23,4.08,65.88,343,,,,66.83,0.0,Alaska Air Group,S&P MidCap 400,US,0.13417037037037036
496,GXO,45.96,47.51,52.49,-12.4,49.0,triple_bottom_setup,2025-08-06 13:30:00,2026-06-10 13:30:00,2026-08-20 13:30:00,45.75,47.71,45.0,46.15,3.37,66.85,261,,,,45.45,0.0,GXO Logistics,S&P MidCap 400,US,0.13397380952380952
497,GMED,74.41,79.55,84.69,-12.1,40.2,triple_bottom_setup,2025-03-13 13:30:00,2026-07-14 13:30:00,2026-09-10 13:30:00,68.88,74.39,72.84,72.04,4.38,101.4,375,,,,36.27,0.0,Globus Medical,S&P MidCap 400,US,0.1339031746031746
498,WH,71.49,72.2,77.44,-7.7,52.9,triple_bottom_setup,2025-04-07 13:30:00,2025-06-23 13:30:00,2026-07-24 13:30:00,76.65,77.37,72.32,75.45,4.14,92.68,325,,,,29.65,0.0,Wyndham Hotels & Resorts,S&P MidCap 400,US,0.13380608465608468
499,CBRE,130.53,144.12,145.3,-10.2,35.6,triple_bottom_setup,2024-12-19 14:30:00,2025-07-16 13:30:00,2026-07-14 13:30:00,125.38,135.44,133.07,131.3,4.51,174.27,389,,,,33.51,0.0,CBRE Group,S&P 500,US,0.13380502645502645
500,PEP,125.6,136.25,144.66,-13.2,24.5,triple_bottom_setup,2025-01-10 14:30:00,2025-03-21 13:30:00,2026-07-23 13:30:00,141.51,144.75,133.73,140.0,4.48,171.48,383,,,,36.53,0.0,PepsiCo,S&P 500,US,0.13346137566137564
501,RKT.L,4907.0,5098.33,5337.66,-8.1,42.7,triple_bottom_setup,2025-04-23 07:00:00,2026-04-22 07:00:00,2026-08-19 07:00:00,4769.79,4574.0,4961.0,4768.26,4.07,6522.92,335,,,,32.93,0.0,Reckitt,STOXX 600,Europe,0.1332621693121693
502,LMT,505.5,555.41,556.79,-9.2,31.1,triple_bottom_setup,2025-01-08 14:30:00,2026-05-06 13:30:00,2026-07-21 13:30:00,461.24,500.31,487.15,482.9,4.49,692.0,382,,,,36.89,0.0,Lockheed Martin,S&P 500,US,0.13317910052910054
503,AMT,161.06,171.16,173.29,-7.1,31.5,triple_bottom_setup,2025-01-10 14:30:00,2026-07-06 13:30:00,2026-09-02 13:30:00,172.51,160.06,171.73,168.1,4.78,234.33,412,,,,45.49,0.0,American Tower,S&P 500,US,0.1327973544973545
504,SPGI,388.16,417.38,422.89,-8.2,32.9,triple_bottom_setup,2025-04-07 13:30:00,2026-05-13 13:30:00,2026-08-06 13:30:00,404.11,379.38,403.45,395.64,4.11,547.82,334,,,,41.13,0.0,S&P Global,S&P 500,US,0.1325298941798942
505,CARR,55.22,59.77,61.32,-10.0,39.9,triple_bottom_setup,2024-11-04 14:30:00,2025-06-02 13:30:00,2026-07-08 13:30:00,72.31,69.31,65.77,69.13,4.86,81.09,417,,,,46.85,0.0,Carrier Global,S&P 500,US,0.13225873015873016
506,CCL,25.07,25.23,27.26,-8.0,60.0,triple_bottom_setup,2025-01-07 14:30:00,2025-11-24 14:30:00,2026-07-08 13:30:00,23.27,24.6,25.27,24.38,4.55,34.03,374,,,,35.74,0.0,Carnival Corporation,S&P 500,US,0.1312208994708995
507,DG,118.93,124.21,126.18,-5.7,41.3,triple_bottom_setup,2025-06-24 13:30:00,2026-04-13 13:30:00,2026-08-20 13:30:00,109.55,114.68,117.51,113.91,3.83,158.23,291,,,,33.04,0.0,Dollar General,S&P 500,US,0.1310420634920635
508,ATR,120.87,129.88,126.13,-4.2,32.1,triple_bottom_setup,2025-04-07 13:30:00,2026-02-05 14:30:00,2026-08-14 13:30:00,130.85,121.96,129.56,127.46,4.31,164.28,340,,,,35.91,0.0,AptarGroup,S&P MidCap 400,US,0.13032354497354498
509,VICI,22.73,25.08,26.53,-14.3,25.2,triple_bottom_setup,2025-01-10 14:30:00,2026-05-15 13:30:00,2026-07-30 13:30:00,27.98,27.6,25.85,27.14,4.76,34.03,388,,,,49.71,0.0,Vici Properties,S&P 500,US,0.12992275132275133
510,FCN,141.72,149.97,162.55,-12.8,48.4,triple_bottom_setup,2025-04-09 13:30:00,2026-05-13 13:30:00,2026-08-17 13:30:00,151.75,140.84,149.21,147.27,4.36,189.3,339,,,,33.57,0.0,FTI Consulting,S&P MidCap 400,US,0.12944126984126986
511,JKHY,143.84,157.13,156.77,-8.3,32.5,triple_bottom_setup,2025-04-09 13:30:00,2025-08-11 13:30:00,2026-08-17 13:30:00,161.13,157.8,149.19,156.04,4.39,193.39,339,,,,34.45,0.0,Jack Henry & Associates,S&P 500,US,0.12899126984126985
512,AOS,56.67,60.16,63.88,-11.3,39.4,triple_bottom_setup,2025-04-09 13:30:00,2025-06-20 13:30:00,2026-07-20 13:30:00,58.83,62.2,58.0,59.68,4.23,81.87,319,,,,44.47,0.0,A. O. Smith,S&P 500,US,0.1287457671957672
513,JD.L,80.86,85.04,80.69,0.2,51.4,triple_bottom_setup,2025-07-17 07:00:00,2026-01-21 08:00:00,2026-08-20 07:00:00,82.14,76.65,78.48,79.09,3.86,106.18,277,,,,31.31,0.0,JD Sports,STOXX 600,Europe,0.12874021164021165
514,TRMB,57.53,58.1,62.78,-8.4,47.3,triple_bottom_setup,2025-04-07 13:30:00,2026-05-20 13:30:00,2026-09-10 13:30:00,52.91,52.8,56.62,54.11,4.64,87.5,358,,,,52.09,0.0,Trimble Inc.,S&P 500,US,0.12775449735449734
515,DECK,79.57,88.13,101.4,-21.5,41.2,triple_bottom_setup,2025-05-23 13:30:00,2025-08-11 13:30:00,2026-07-24 13:30:00,96.1,99.18,91.8,95.69,4.07,126.5,292,,,,58.98,0.0,Deckers Brands,S&P 500,US,0.12757433862433862
516,GNTX,21.95,23.07,23.25,-5.6,40.2,triple_bottom_setup,2025-03-04 14:30:00,2025-11-20 14:30:00,2026-07-08 13:30:00,23.63,21.69,22.54,22.62,4.47,29.38,337,,,,33.85,0.0,Gentex,S&P MidCap 400,US,0.12752671957671957
517,AAON,82.28,83.69,97.59,-15.7,50.6,triple_bottom_setup,2025-06-23 13:30:00,2026-03-30 13:30:00,2026-09-03 13:30:00,70.86,76.84,73.5,73.73,4.21,150.46,302,,,,82.86,0.0,AAON,S&P MidCap 400,US,0.12679708994708994
518,GNRC,207.91,200.68,212.29,-2.1,55.5,triple_bottom_setup,2025-09-04 13:30:00,2026-03-25 13:30:00,2026-09-16 13:30:00,174.02,183.83,173.25,177.03,3.84,296.44,259,,,,42.58,0.0,Generac,S&P 500,US,0.12665925925925925
519,PCG,12.17,15.52,16.42,-25.9,30.8,triple_bottom_setup,2025-04-30 13:30:00,2025-11-03 14:30:00,2026-08-07 13:30:00,16.32,15.53,16.88,16.24,4.39,19.16,319,,,,57.44,0.0,PG&E Corporation,S&P 500,US,0.1263457671957672
520,CTT.LS,5.99,6.31,6.37,-5.9,27.7,triple_bottom_setup,2025-01-13 09:00:00,2026-03-23 09:00:00,2026-07-15 08:00:00,5.2,5.63,5.59,5.47,4.99,8.14,383,,,,35.78,0.0,CTT Correios de Portugal,STOXX 600,Europe,0.12581137566137565
521,BURL,275.32,303.03,310.88,-11.4,54.1,triple_bottom_setup,2025-05-30 13:30:00,2025-12-02 14:30:00,2026-09-15 13:30:00,223.27,240.49,226.85,230.2,4.47,378.33,324,,,,37.41,0.0,Burlington Stores,S&P MidCap 400,US,0.12580714285714287
522,IBM,225.62,231.16,253.15,-10.9,44.2,triple_bottom_setup,2025-04-07 13:30:00,2026-05-13 13:30:00,2026-07-23 13:30:00,214.5,212.34,199.19,208.68,4.55,332.46,324,,,,47.35,0.0,IBM,S&P 500,US,0.12460714285714286
523,MOS,21.55,23.45,24.12,-10.7,34.1,triple_bottom_setup,2025-04-07 13:30:00,2026-05-19 13:30:00,2026-08-17 13:30:00,22.36,20.89,20.82,21.36,4.7,38.23,341,,,,77.4,0.0,Mosaic Company (The),S&P 500,US,0.12460582010582011
524,KHC,22.46,24.81,23.27,-3.5,26.3,triple_bottom_setup,2025-06-27 13:30:00,2025-11-06 14:30:00,2026-08-12 13:30:00,25.44,23.7,24.1,24.41,4.21,29.19,282,,,,29.96,0.0,Kraft Heinz,S&P 500,US,0.12448492063492061
525,UPS,93.89,101.79,102.44,-8.3,36.2,triple_bottom_setup,2025-05-07 13:30:00,2026-01-02 14:30:00,2026-08-18 13:30:00,93.2,98.41,101.34,97.65,4.56,122.41,321,,,,30.38,0.0,United Parcel Service,S&P 500,US,0.12406031746031747
526,KBH,46.54,52.98,54.78,-15.0,33.8,triple_bottom_setup,2025-03-04 14:30:00,2025-10-10 13:30:00,2026-07-21 13:30:00,59.0,57.17,54.01,56.73,4.79,68.71,346,,,,47.64,0.0,KB Home,S&P MidCap 400,US,0.12391719576719576
527,CVNA,63.04,68.67,72.08,-12.5,41.2,triple_bottom_setup,2025-07-24 13:30:00,2026-06-03 13:30:00,2026-08-18 13:30:00,65.17,61.03,64.76,63.65,4.12,97.38,268,,,,54.47,0.0,Carvana,S&P 500,US,0.12364973544973543
528,MCD,231.83,258.8,286.75,-19.2,23.9,triple_bottom_setup,2025-06-26 13:30:00,2026-05-11 13:30:00,2026-07-23 13:30:00,283.47,271.98,260.96,272.14,4.16,341.75,269,,,,47.41,0.0,McDonald's,S&P 500,US,0.12318201058201059
529,BA,192.28,212.64,220.81,-12.9,39.6,triple_bottom_setup,2025-06-13 13:30:00,2026-03-30 13:30:00,2026-07-21 13:30:00,195.28,187.72,203.9,195.63,4.23,254.35,275,,,,32.28,0.0,Boeing,S&P 500,US,0.12292566137566137
530,EQT,50.09,52.85,55.28,-9.4,40.8,triple_bottom_setup,2025-03-07 14:30:00,2026-01-15 14:30:00,2026-07-10 13:30:00,45.18,49.26,47.94,47.46,4.8,68.24,336,,,,36.23,0.0,EQT Corporation,S&P 500,US,0.12244444444444444
531,GLPI,37.59,41.53,43.62,-13.8,25.6,triple_bottom_setup,2025-07-31 13:30:00,2026-04-02 13:30:00,2026-08-17 13:30:00,45.3,43.64,41.73,43.56,4.19,49.95,262,,,,32.88,0.0,Gaming and Leisure Properties,S&P MidCap 400,US,0.12180608465608464
532,HOOD,111.15,105.17,94.34,17.8,47.8,triple_bottom_setup,2025-09-05 13:30:00,2025-11-21 14:30:00,2026-09-16 13:30:00,95.66,102.1,101.71,99.82,4.17,153.86,258,,,,38.43,0.0,Robinhood Markets,S&P 500,US,0.12157698412698412
533,WMT,104.26,108.82,117.94,-11.6,40.2,triple_bottom_setup,2025-07-11 13:30:00,2025-10-02 13:30:00,2026-08-21 13:30:00,94.23,99.87,102.15,98.75,4.58,135.16,280,,,,29.64,0.0,Walmart,S&P 500,US,0.12133703703703703
534,CHDN,74.82,85.37,91.44,-18.2,30.0,triple_bottom_setup,2025-04-25 13:30:00,2026-03-09 13:30:00,2026-07-30 13:30:00,85.58,80.24,79.4,81.74,4.7,118.46,316,,,,58.33,0.0,Churchill Downs Inc.,S&P MidCap 400,US,0.1212989417989418
535,SLM,22.61,25.76,23.94,-5.5,29.6,triple_bottom_setup,2025-04-07 13:30:00,2025-10-16 13:30:00,2026-07-24 13:30:00,23.81,25.13,23.0,23.98,4.8,34.97,325,,,,54.67,0.0,SLM Corp,S&P MidCap 400,US,0.120989417989418
536,THO,69.05,75.43,84.99,-18.8,39.3,triple_bottom_setup,2025-03-13 13:30:00,2026-04-02 13:30:00,2026-07-08 13:30:00,75.78,74.66,69.86,73.43,4.87,122.83,330,,,,77.89,0.0,Thor Industries,S&P MidCap 400,US,0.12060079365079365
537,WMG,27.05,27.27,28.29,-4.4,43.6,triple_bottom_setup,2025-06-03 13:30:00,2026-03-24 13:30:00,2026-08-12 13:30:00,25.56,23.34,24.51,24.47,4.62,35.42,299,,,,30.94,0.0,Warner Music Group,S&P MidCap 400,US,0.12025026455026457
538,LVS,36.69,44.01,51.38,-28.6,18.2,triple_bottom_setup,2025-07-22 13:30:00,2025-10-14 13:30:00,2026-07-23 13:30:00,47.97,45.91,44.21,46.03,4.21,70.45,252,,,,92.01,0.0,Las Vegas Sands,S&P 500,US,0.12018333333333334
539,BROS,38.61,49.63,55.68,-30.7,26.6,triple_bottom_setup,2025-03-10 13:30:00,2026-01-06 14:30:00,2026-07-08 13:30:00,57.36,58.65,62.4,59.47,4.93,77.88,333,,,,101.71,0.0,Dutch Bros Inc.,S&P MidCap 400,US,0.12009761904761904
540,TRU,62.18,77.9,75.33,-17.5,25.2,triple_bottom_setup,2025-04-07 13:30:00,2025-10-02 13:30:00,2026-07-23 13:30:00,66.38,70.2,72.79,69.79,4.89,99.39,324,,,,59.84,0.0,TransUnion,S&P MidCap 400,US,0.11950714285714285
541,COF,194.48,210.94,204.61,-5.0,34.6,triple_bottom_setup,2025-05-23 13:30:00,2026-03-27 13:30:00,2026-07-08 13:30:00,183.38,174.98,191.38,183.25,4.51,259.64,280,,,,33.5,0.0,Capital One,S&P 500,US,0.11938703703703704
542,UHS,175.07,172.0,180.65,-3.1,50.6,triple_bottom_setup,2025-07-29 13:30:00,2026-04-29 13:30:00,2026-09-03 13:30:00,152.33,159.0,166.43,159.25,4.51,246.33,277,,,,40.7,0.0,Universal Health Services,S&P 500,US,0.11899021164021165
543,APO,114.34,128.58,125.94,-9.2,27.7,triple_bottom_setup,2025-05-23 13:30:00,2026-04-30 13:30:00,2026-07-30 13:30:00,126.79,120.0,116.57,121.12,4.68,157.28,296,,,,37.55,0.0,Apollo Global Management,S&P 500,US,0.11895343915343914
544,RDDT,149.53,156.74,168.9,-11.5,46.9,triple_bottom_setup,2025-07-18 13:30:00,2026-02-12 14:30:00,2026-07-31 13:30:00,138.11,127.71,135.22,133.68,4.47,282.95,260,,,,89.23,0.0,Reddit,S&P 500,US,0.1173415343915344
545,JEF,45.25,52.3,52.09,-13.1,28.7,triple_bottom_setup,2025-08-01 13:30:00,2026-05-20 13:30:00,2026-08-25 13:30:00,54.47,50.81,51.03,52.1,4.54,71.04,267,,,,56.99,0.0,Jefferies,S&P MidCap 400,US,0.11721746031746033
546,WLK,62.47,73.1,87.33,-28.5,26.1,triple_bottom_setup,2025-06-20 13:30:00,2025-10-14 13:30:00,2026-07-31 13:30:00,70.13,74.29,68.48,70.97,4.68,124.23,279,,,,98.86,0.0,Westlake Corporation,S&P MidCap 400,US,0.1167047619047619
547,NXST,158.61,177.99,193.78,-18.2,35.2,triple_bottom_setup,2025-06-17 13:30:00,2026-04-02 13:30:00,2026-08-11 13:30:00,164.0,173.02,179.79,172.27,4.8,254.3,288,,,,60.33,0.0,Nexstar Media Group,S&P MidCap 400,US,0.1160952380952381
548,OC,117.09,138.15,125.35,-6.6,32.1,triple_bottom_setup,2025-06-18 13:30:00,2025-10-14 13:30:00,2026-07-29 13:30:00,130.46,123.23,134.39,129.36,4.74,159.91,278,,,,36.57,0.0,Owens Corning,S&P MidCap 400,US,0.11567248677248677
549,NBA.LS,7.16,7.23,8.44,-15.1,49.9,triple_bottom_setup,2025-09-16 08:00:00,2026-07-10 08:00:00,2026-09-14 08:00:00,7.7,7.36,7.04,7.37,4.52,9.5,253,,,,32.68,0.0,Novabase,STOXX 600,Europe,0.11566560846560847
550,WEIR.L,2574.0,2696.0,2800.16,-8.1,42.3,triple_bottom_setup,2025-08-18 07:00:00,2026-05-13 07:00:00,2026-09-15 07:00:00,2410.0,2390.0,2576.0,2458.67,4.77,3580.0,272,,,,39.08,0.0,Weir,STOXX 600,Europe,0.11442883597883599
551,WY,18.59,23.03,23.79,-21.9,17.1,triple_bottom_setup,2025-07-01 13:30:00,2026-01-30 14:30:00,2026-07-30 13:30:00,25.16,24.65,23.16,24.32,4.78,27.75,271,,,,49.27,0.0,Weyerhaeuser,S&P 500,US,0.11414656084656084
552,STJ.L,1041.0,1124.66,1242.1,-16.2,31.9,triple_bottom_setup,2025-06-13 07:00:00,2026-05-20 07:00:00,2026-07-29 07:00:00,1067.25,1133.0,1038.75,1079.67,4.94,1575.5,285,,,,51.34,0.0,St. James's Place,STOXX 600,Europe,0.1135984126984127
553,AN,164.99,197.68,198.85,-17.0,33.7,triple_bottom_setup,2025-08-01 13:30:00,2026-05-20 13:30:00,2026-08-25 13:30:00,188.32,176.62,192.0,185.65,4.86,235.81,267,,,,42.92,0.0,AutoNation,S&P MidCap 400,US,0.11241746031746033
554,HWDN.L,749.0,783.65,811.21,-7.7,42.6,triple_bottom_setup,2025-09-03 07:00:00,2026-07-09 07:00:00,2026-09-10 07:00:00,802.5,762.0,729.5,764.67,4.95,981.0,258,,,,30.97,0.0,Howdens Joinery,STOXX 600,Europe,0.10987698412698413
