rank,ticker,price,sma50,sma200,pct_above_200sma,rsi14,pattern_type,bottom1_date,bottom2_date,bottom3_date,bottom1_price,bottom2_price,bottom3_price,avg_bottom,bottom_variation_pct,neckline,pattern_span_days,breakout_date,days_since_breakout,pct_above_neckline,pct_to_neckline,volume_ratio,name,indices,region,score
1,SLB,60.1,49.98,48.37,24.3,76.5,triple_bottom_breakout,2024-08-07 13:30:00,2026-03-13 13:30:00,2026-07-21 13:30:00,42.81,43.55,45.18,43.85,3.04,58.82,488,2026-08-31 13:30:00,0.0,2.18,,2.63,Schlumberger,S&P 500,US,0.7821365079365079
2,ANF,143.08,103.0,95.62,49.6,71.7,triple_bottom_breakout,2025-04-30 13:30:00,2025-11-24 14:30:00,2026-05-20 13:30:00,66.87,65.45,69.68,67.33,3.49,133.11,265,2026-08-26 13:30:00,3.0,7.49,,15.48,Abercrombie & Fitch,S&P MidCap 400,US,0.5327793650793651
3,ROKU,156.93,146.7,116.87,34.3,62.8,triple_bottom_breakout,2022-03-15 13:30:00,2025-09-12 13:30:00,2025-11-21 14:30:00,97.91,92.41,90.54,93.62,4.58,139.58,927,2026-06-12 13:30:00,54.0,12.43,,6.04,"Roku, Inc.",S&P MidCap 400,US,0.5156727272727273
4,ABNB,183.22,159.59,138.16,32.6,59.3,triple_bottom_breakout,2022-03-08 14:30:00,2026-05-20 13:30:00,2026-07-23 13:30:00,131.5,128.2,135.72,131.81,2.97,179.09,1097,2026-08-10 13:30:00,15.0,2.31,,2.5,Airbnb,S&P 500,US,0.45448888888888894
5,HAE,103.07,85.43,72.11,42.9,67.1,triple_bottom_breakout,2022-12-16 14:30:00,2025-12-15 14:30:00,2026-07-09 13:30:00,76.0,78.68,71.81,75.5,4.88,97.97,890,2026-08-18 13:30:00,9.0,5.21,,2.78,Haemonetics,S&P MidCap 400,US,0.4468444444444445
6,SJM,131.16,117.15,104.47,25.5,69.2,triple_bottom_breakout,2024-03-08 14:30:00,2024-08-28 13:30:00,2026-07-15 13:30:00,116.94,112.7,107.45,112.36,4.37,127.59,588,2026-08-26 13:30:00,3.0,2.8,,2.06,J.M. Smucker Company (The),S&P 500,US,0.44371111111111106
7,ABBV,256.42,251.2,224.99,14.0,51.7,triple_bottom_breakout,2024-09-26 13:30:00,2026-02-04 14:30:00,2026-04-29 13:30:00,189.62,204.27,190.75,194.88,4.82,244.81,397,2026-06-26 13:30:00,44.0,4.74,,8.36,AbbVie,S&P 500,US,0.4412587301587302
8,LAD,367.32,344.99,308.8,19.0,52.3,triple_bottom_breakout,2025-04-04 13:30:00,2026-04-28 13:30:00,2026-06-30 13:30:00,262.1,269.0,283.36,271.49,4.37,360.56,309,2026-07-29 13:30:00,23.0,1.87,,5.84,Lithia Motors,S&P MidCap 400,US,0.44057619047619045
9,GRMN,284.11,269.36,235.58,20.6,46.7,triple_bottom_breakout,2024-11-20 14:30:00,2025-08-01 13:30:00,2026-05-19 13:30:00,204.16,214.44,224.54,214.38,4.77,273.32,372,2026-07-29 13:30:00,23.0,3.95,,4.25,Garmin,S&P 500,US,0.4311873015873017
10,SDR.L,584.0,585.99,530.86,10.0,44.5,triple_bottom_setup,2022-01-24 08:00:00,2026-06-08 07:00:00,2026-08-11 07:00:00,553.52,582.0,582.0,572.51,3.32,599.5,1147,,,,2.65,0.0,Schroders,STOXX 600,Europe,0.4281166666666667
11,DAR,66.27,60.89,52.9,25.3,58.2,triple_bottom_setup,2023-06-21 13:30:00,2026-05-22 13:30:00,2026-08-05 13:30:00,58.0,57.65,57.76,57.8,0.34,71.6,783,,,,8.04,0.0,Darling Ingredients,S&P MidCap 400,US,0.42789999999999995
12,RVTY,128.67,114.37,101.52,26.7,69.5,triple_bottom_breakout,2024-12-19 14:30:00,2025-03-04 14:30:00,2026-07-21 13:30:00,107.64,106.61,102.37,105.54,3.0,128.29,394,2026-08-27 13:30:00,2.0,0.3,,1.29,Revvity,S&P 500,US,0.42317460317460315
13,A,153.56,140.12,131.12,17.1,60.4,triple_bottom_setup,2022-01-28 14:30:00,2022-09-01 13:30:00,2026-06-17 13:30:00,131.22,126.21,123.7,127.04,3.29,160.27,1099,,,,4.37,0.0,Agilent Technologies,S&P 500,US,0.41423333333333334
14,EW,90.75,89.46,84.86,6.9,53.8,triple_bottom_setup,2024-05-01 13:30:00,2025-12-15 14:30:00,2026-06-12 13:30:00,83.5,81.85,83.17,82.84,1.2,95.25,530,,,,4.96,0.0,Edwards Lifesciences,S&P 500,US,0.4107724867724868
15,AV.L,730.4,686.58,651.62,12.1,62.3,triple_bottom_breakout,2025-07-02 07:00:00,2026-05-14 07:00:00,2026-07-13 07:00:00,602.2,600.18,608.6,603.66,0.82,700.8,260,2026-08-03 07:00:00,19.0,4.22,,2.8,Aviva,STOXX 600,Europe,0.41074285714285713
16,ILMN,213.63,194.55,149.98,42.4,57.9,triple_bottom_breakout,2023-05-09 13:30:00,2023-07-18 13:30:00,2026-08-10 13:30:00,185.08,174.15,186.64,181.96,4.29,208.08,815,2026-08-20 13:30:00,7.0,2.67,,1.7,"Illumina, Inc.",S&P MidCap 400,US,0.4086444444444445
17,SHC,18.9,18.14,16.75,12.8,52.8,triple_bottom_setup,2023-02-13 14:30:00,2023-08-03 13:30:00,2026-07-21 13:30:00,16.15,15.82,16.83,16.27,3.46,19.85,860,,,,5.03,0.0,Sotera Health,S&P MidCap 400,US,0.40618333333333334
18,VZ,50.02,45.76,44.39,12.7,65.8,triple_bottom_setup,2022-07-22 13:30:00,2025-03-12 13:30:00,2026-06-04 13:30:00,43.77,41.17,44.3,43.08,4.43,51.68,970,,,,3.32,0.0,Verizon,S&P 500,US,0.4058833333333334
19,GEN,31.0,27.05,24.3,27.6,71.1,triple_bottom_setup,2021-11-05 13:30:00,2022-05-06 13:30:00,2026-06-22 13:30:00,24.35,23.47,22.46,23.43,4.13,32.22,1158,,,,3.94,0.0,Gen Digital,S&P 500,US,0.40521666666666667
20,WTW,338.55,309.53,298.44,13.4,57.2,triple_bottom_setup,2022-12-16 14:30:00,2023-12-15 14:30:00,2026-06-22 13:30:00,237.1,234.01,250.24,240.45,4.07,352.79,878,,,,4.21,0.0,Willis Towers Watson,S&P 500,US,0.4038666666666667
21,CVX,206.14,186.88,177.0,16.5,66.8,triple_bottom_setup,2022-04-25 13:30:00,2023-02-22 14:30:00,2026-07-01 13:30:00,151.36,158.91,164.78,158.35,4.41,214.71,1049,,,,4.16,0.0,Chevron Corporation,S&P 500,US,0.39918333333333333
22,TMO,617.1,560.53,534.77,15.4,62.5,triple_bottom_setup,2022-06-16 13:30:00,2022-11-03 13:30:00,2026-06-17 13:30:00,497.83,475.77,457.64,477.08,4.35,643.99,1003,,,,4.36,0.0,Thermo Fisher Scientific,S&P 500,US,0.39841666666666664
23,ABDN.L,252.2,246.51,220.87,14.2,58.8,triple_bottom_setup,2021-10-06 07:00:00,2022-01-24 08:00:00,2026-07-29 07:00:00,242.1,228.78,228.0,232.96,3.92,265.3,1213,,,,5.19,0.0,Aberdeen Group,STOXX 600,Europe,0.39795
24,KNIN.SW,219.9,205.6,179.63,22.4,66.2,triple_bottom_breakout,2024-12-19 08:00:00,2025-03-04 08:00:00,2026-08-12 07:00:00,200.2,198.6,197.25,198.68,0.76,218.8,406,2026-08-21 07:00:00,5.0,0.5,,1.13,Kuehne + Nagel,STOXX 600,Europe,0.3948
25,UGI,38.45,36.17,36.15,6.4,63.5,triple_bottom_setup,2023-03-24 13:30:00,2025-03-13 13:30:00,2026-06-18 13:30:00,32.1,31.79,33.37,32.42,2.93,41.34,811,,,,7.52,0.0,UGI Corp,S&P MidCap 400,US,0.3933833333333333
26,MSI,485.3,438.0,419.25,15.8,66.8,triple_bottom_setup,2025-03-13 13:30:00,2025-06-18 13:30:00,2026-06-24 13:30:00,404.14,403.92,389.02,399.03,2.51,492.22,321,,,,1.43,0.0,Motorola Solutions,S&P 500,US,0.3928936507936508
27,ALV,121.21,119.89,117.37,3.3,49.7,triple_bottom_setup,2024-04-19 13:30:00,2026-05-19 13:30:00,2026-07-23 13:30:00,113.96,113.18,113.92,113.69,0.45,132.17,565,,,,9.04,0.0,Autoliv,S&P MidCap 400,US,0.3926521164021164
28,IVZ,32.78,29.84,26.71,22.7,61.5,triple_bottom_breakout,2021-12-20 14:30:00,2025-11-18 14:30:00,2026-04-07 13:30:00,21.33,22.1,21.82,21.75,1.93,29.61,1076,2026-07-15 13:30:00,33.0,10.71,,1.25,Invesco,S&P 500,US,0.39260915032679733
29,BLK,1155.61,1082.83,1051.26,9.9,56.7,triple_bottom_setup,2021-12-03 14:30:00,2025-01-13 14:30:00,2026-06-29 13:30:00,887.78,943.34,947.21,926.11,4.14,1219.94,1144,,,,5.57,0.0,BlackRock,S&P 500,US,0.3914833333333333
30,MA,589.31,547.81,528.15,11.6,63.7,triple_bottom_setup,2025-04-07 13:30:00,2026-03-27 13:30:00,2026-06-03 13:30:00,465.59,480.5,464.52,470.2,2.19,601.77,290,,,,2.11,0.0,Mastercard,S&P 500,US,0.38792645502645506
31,UU.L,1431.0,1374.82,1310.42,9.2,58.8,triple_bottom_setup,2022-05-09 07:00:00,2026-01-22 08:00:00,2026-06-30 07:00:00,1068.73,1177.5,1119.0,1121.74,4.97,1497.0,1045,,,,4.61,0.0,United Utilities,STOXX 600,Europe,0.38703333333333334
32,SWX,88.33,90.3,85.9,2.8,41.2,triple_bottom_setup,2022-06-21 13:30:00,2026-06-01 13:30:00,2026-08-05 13:30:00,82.01,84.47,88.0,84.83,3.74,94.47,1034,,,,6.95,0.0,Southwest Gas Corp,S&P MidCap 400,US,0.38598333333333334
33,FLR,54.51,51.68,47.6,14.5,56.6,triple_bottom_setup,2024-11-12 14:30:00,2026-04-21 13:30:00,2026-07-08 13:30:00,47.72,46.63,47.81,47.39,1.6,57.5,411,,,,5.49,0.0,Fluor,S&P MidCap 400,US,0.3846150793650793
34,PBF,72.99,60.99,43.16,69.1,58.4,triple_bottom_breakout,2023-06-01 13:30:00,2026-04-17 13:30:00,2026-06-18 13:30:00,35.46,36.12,36.39,35.99,1.47,62.88,764,2026-07-20 13:30:00,30.0,16.08,,0.92,PBF Energy,S&P MidCap 400,US,0.38461433691756275
35,SVT.L,3146.0,3030.2,2991.42,5.2,58.8,triple_bottom_setup,2021-10-18 07:00:00,2022-02-22 08:00:00,2026-06-22 07:00:00,2588.63,2720.0,2812.0,2706.88,4.37,3335.0,1178,,,,6.01,0.0,Severn Trent,STOXX 600,Europe,0.38436666666666663
36,APA,43.15,36.92,32.83,31.4,64.1,triple_bottom_setup,2023-12-07 14:30:00,2026-04-17 13:30:00,2026-07-01 13:30:00,33.58,33.43,31.77,32.93,3.51,45.66,641,,,,5.82,0.0,APA Corporation,S&P 500,US,0.3836383597883598
37,OVV,65.65,59.57,51.84,26.6,60.7,triple_bottom_breakout,2024-04-16 13:30:00,2026-04-17 13:30:00,2026-07-01 13:30:00,51.16,51.03,51.86,51.35,0.99,63.46,553,2026-08-10 13:30:00,15.0,3.45,,1.16,Ovintiv,S&P MidCap 400,US,0.3793666666666667
38,LECO,281.23,267.73,259.67,8.3,53.9,triple_bottom_setup,2024-03-14 13:30:00,2026-06-01 13:30:00,2026-07-30 13:30:00,245.46,247.92,243.12,245.5,0.99,310.0,595,,,,10.23,0.0,Lincoln Electric,S&P MidCap 400,US,0.3786037037037037
39,FHN,24.32,25.44,24.02,1.3,37.1,triple_bottom_setup,2022-12-15 14:30:00,2026-05-15 13:30:00,2026-07-15 13:30:00,24.27,23.24,24.48,24.0,3.15,26.56,895,,,,9.21,0.0,First Horizon,S&P MidCap 400,US,0.376
40,COP,132.49,117.37,110.39,20.0,65.3,triple_bottom_setup,2024-06-17 13:30:00,2026-04-17 13:30:00,2026-07-01 13:30:00,108.48,112.21,102.69,107.79,4.73,135.87,510,,,,2.55,0.0,ConocoPhillips,S&P 500,US,0.3752603174603174
41,LONN.SW,583.8,565.62,525.57,11.1,56.7,triple_bottom_setup,2025-07-08 07:00:00,2025-11-25 08:00:00,2026-07-22 07:00:00,549.6,523.8,527.4,533.6,3.0,594.8,259,,,,1.88,0.0,Lonza Group AG,STOXX 600,Europe,0.3735925925925926
42,CUZ,28.99,30.31,25.97,11.6,38.7,triple_bottom_setup,2022-06-16 13:30:00,2024-10-07 13:30:00,2026-08-17 13:30:00,28.67,28.37,28.88,28.64,0.94,32.95,1044,,,,13.66,0.0,Cousins Properties,S&P MidCap 400,US,0.37206666666666666
43,TTC,97.81,96.02,90.2,8.4,51.3,triple_bottom_setup,2023-09-21 13:30:00,2023-12-05 14:30:00,2026-06-05 13:30:00,78.35,81.35,84.25,81.32,3.65,105.19,678,,,,7.55,0.0,Toro,S&P MidCap 400,US,0.372015873015873
44,ADM,81.29,79.71,70.6,15.1,54.0,triple_bottom_setup,2023-06-01 13:30:00,2026-04-17 13:30:00,2026-06-24 13:30:00,69.92,66.06,71.62,69.2,4.54,87.3,767,,,,7.39,0.0,Archer Daniels Midland,S&P 500,US,0.3703166666666666
45,CRDA.L,3459.0,3130.15,2916.03,18.6,65.6,triple_bottom_breakout,2025-02-11 08:00:00,2025-07-01 07:00:00,2026-07-09 07:00:00,3025.9,2881.0,2832.0,2912.97,3.88,3372.6,355,2026-08-21 07:00:00,5.0,2.56,,1.99,Croda International,STOXX 600,Europe,0.37005873015873014
46,GMAB.CO,2156.0,1923.38,1876.2,14.9,66.4,triple_bottom_setup,2024-05-24 07:00:00,2026-01-20 08:00:00,2026-08-03 07:00:00,1906.0,1976.0,1819.5,1900.5,4.26,2257.0,545,,,,4.68,0.0,Genmab,STOXX 600,Europe,0.3691899470899471
47,BALL,62.97,62.58,58.49,7.7,50.2,triple_bottom_setup,2025-01-10 14:30:00,2025-08-06 13:30:00,2026-06-08 13:30:00,51.96,52.42,51.96,52.11,0.59,68.29,352,,,,8.45,0.0,Ball Corporation,S&P 500,US,0.3672941798941799
48,TROW,111.28,114.21,101.87,9.2,43.8,triple_bottom_setup,2023-08-21 13:30:00,2024-01-17 14:30:00,2026-06-24 13:30:00,106.46,104.51,104.4,105.12,1.27,125.81,712,,,,13.06,0.0,T. Rowe Price,S&P 500,US,0.36629656084656087
49,CFR,160.87,160.44,140.61,14.4,44.4,triple_bottom_breakout,2022-09-29 13:30:00,2026-03-19 13:30:00,2026-06-02 13:30:00,131.25,128.65,132.57,130.82,1.66,160.6,920,2026-07-16 13:30:00,32.0,0.17,,0.66,Frost Bank,S&P MidCap 400,US,0.3655878787878788
50,O,61.28,62.8,60.4,1.5,39.5,triple_bottom_setup,2023-03-24 13:30:00,2023-05-25 13:30:00,2026-08-10 13:30:00,59.07,58.13,61.27,59.49,2.99,67.94,846,,,,10.87,0.0,Realty Income,S&P 500,US,0.3645666666666667
51,GEF,82.75,80.55,70.44,17.5,44.2,triple_bottom_breakout,2023-01-05 14:30:00,2026-01-29 14:30:00,2026-07-14 13:30:00,65.81,68.6,69.35,67.92,3.11,77.14,881,2026-07-24 13:30:00,26.0,7.27,,1.1,"Greif, Inc.",S&P MidCap 400,US,0.3637259259259259
52,POR,48.86,50.93,49.92,-2.1,39.6,triple_bottom_setup,2022-12-16 14:30:00,2023-02-16 14:30:00,2026-08-10 13:30:00,47.18,45.75,47.91,46.95,2.55,54.62,912,,,,11.79,0.0,Portland General Electric,S&P MidCap 400,US,0.36350000000000005
53,NWSA,30.71,27.89,26.06,17.9,64.8,triple_bottom_setup,2025-06-13 13:30:00,2026-05-20 13:30:00,2026-07-23 13:30:00,27.25,25.58,26.29,26.37,3.32,31.61,277,,,,2.93,0.0,News Corp (Class A),S&P 500,US,0.36242354497354495
54,CNC,64.34,65.27,49.73,29.4,47.6,triple_bottom_setup,2025-02-13 14:30:00,2025-04-25 13:30:00,2026-07-28 13:30:00,55.17,56.06,56.67,55.97,1.42,69.36,363,,,,7.8,0.0,Centene Corporation,S&P 500,US,0.361715873015873
55,BKH,71.68,73.13,71.3,0.5,43.4,triple_bottom_setup,2022-12-16 14:30:00,2023-05-02 13:30:00,2026-06-09 13:30:00,67.3,63.42,67.47,66.06,4.0,78.69,870,,,,9.78,0.0,Black Hills Corporation,S&P MidCap 400,US,0.35850000000000004
56,EXR,141.1,146.98,139.28,1.3,32.5,triple_bottom_setup,2025-03-14 13:30:00,2025-05-22 13:30:00,2026-07-09 13:30:00,142.25,142.81,142.31,142.46,0.25,155.19,330,,,,9.99,0.0,Extra Space Storage,S&P 500,US,0.35665079365079366
57,PK,15.3,14.85,11.87,28.9,50.8,triple_bottom_setup,2024-06-14 13:30:00,2024-09-11 13:30:00,2026-07-08 13:30:00,14.45,13.54,13.66,13.88,4.07,16.23,515,,,,6.08,0.0,Park Hotels & Resorts,S&P MidCap 400,US,0.3564050264550265
58,NDAQ,98.61,91.48,89.82,9.8,64.2,triple_bottom_setup,2025-01-13 14:30:00,2026-03-27 13:30:00,2026-06-30 13:30:00,75.33,81.0,76.55,77.63,4.35,101.79,366,,,,3.22,0.0,"Nasdaq, Inc.",S&P 500,US,0.3563293650793651
59,WTRG,41.17,39.24,38.32,7.4,59.8,triple_bottom_setup,2025-07-28 13:30:00,2026-06-01 13:30:00,2026-08-04 13:30:00,36.46,36.11,38.3,36.96,3.63,42.37,256,,,,2.91,0.0,Essential Utilities,S&P MidCap 400,US,0.3551624338624339
60,SSB,104.89,103.99,97.04,8.1,43.9,triple_bottom_setup,2024-11-04 14:30:00,2026-04-24 13:30:00,2026-07-08 13:30:00,95.01,93.8,96.85,95.22,1.71,114.27,417,,,,8.94,0.0,South State Bank,S&P MidCap 400,US,0.35500873015873013
61,NEU,897.7,840.7,726.62,23.5,51.4,triple_bottom_breakout,2024-03-13 13:30:00,2026-02-17 14:30:00,2026-04-23 13:30:00,603.0,585.82,607.58,598.8,2.17,875.97,529,2026-08-04 13:30:00,19.0,2.48,,1.32,NewMarket Corporation,S&P MidCap 400,US,0.3548936507936508
62,ED,107.02,109.11,105.51,1.4,46.0,triple_bottom_setup,2022-08-29 13:30:00,2022-12-22 14:30:00,2026-06-04 13:30:00,97.44,93.77,102.82,98.01,4.91,116.23,944,,,,8.61,0.0,Consolidated Edison,S&P 500,US,0.3546
63,ROP.SW,358.7,349.26,328.86,9.1,48.6,triple_bottom_setup,2022-03-07 08:00:00,2026-05-11 07:00:00,2026-07-15 07:00:00,328.15,313.0,324.0,321.72,2.71,404.2,1091,,,,12.68,0.0,Roche Holding AG,STOXX 600,Europe,0.35368333333333335
64,INVP.L,663.0,636.57,607.25,9.2,57.5,triple_bottom_setup,2024-10-02 07:00:00,2025-10-17 07:00:00,2026-07-01 07:00:00,548.5,542.0,585.0,558.5,4.74,690.0,440,,,,4.07,0.0,Investec,STOXX 600,Europe,0.3531843915343915
65,BLND.L,426.2,429.1,401.92,6.0,43.3,triple_bottom_setup,2024-07-25 07:00:00,2026-02-13 08:00:00,2026-06-22 07:00:00,383.13,394.6,394.6,390.78,1.96,467.8,481,,,,9.76,0.0,British Land,STOXX 600,Europe,0.3528910052910053
66,GALP.LS,20.83,19.57,18.06,15.3,56.2,triple_bottom_setup,2024-05-16 08:00:00,2024-07-11 08:00:00,2026-06-18 08:00:00,19.48,19.22,18.2,18.97,4.04,22.26,533,,,,6.87,0.0,Galp Energia,STOXX 600,Europe,0.3526526455026455
67,OZK,49.08,50.74,47.57,3.2,36.8,triple_bottom_setup,2022-01-31 14:30:00,2026-04-22 13:30:00,2026-07-23 13:30:00,45.67,46.6,49.49,47.25,4.73,53.66,1122,,,,9.33,0.0,Bank OZK,S&P MidCap 400,US,0.35129999999999995
68,IFF,86.33,80.61,73.73,17.1,59.1,triple_bottom_breakout,2025-06-23 13:30:00,2026-05-20 13:30:00,2026-07-23 13:30:00,72.63,71.3,72.11,72.01,0.99,84.45,272,2026-08-05 13:30:00,18.0,2.23,,1.72,International Flavors & Fragrances,S&P 500,US,0.3507764411027569
69,NWS,34.41,31.65,29.7,15.9,60.0,triple_bottom_setup,2025-06-13 13:30:00,2026-05-20 13:30:00,2026-07-23 13:30:00,31.2,29.34,29.6,30.05,3.84,35.58,277,,,,3.4,0.0,News Corp (Class B),S&P 500,US,0.3507068783068783
70,WBD,28.53,26.99,27.18,5.0,62.9,triple_bottom_setup,2022-01-26 14:30:00,2026-02-05 14:30:00,2026-07-27 13:30:00,24.18,26.61,25.25,25.35,4.98,31.12,1127,,,,9.08,0.0,Warner Bros. Discovery,S&P 500,US,0.34963333333333335
71,EHC,120.21,113.49,106.78,12.6,55.4,triple_bottom_setup,2025-07-16 13:30:00,2025-12-10 14:30:00,2026-07-31 13:30:00,105.7,105.71,109.04,106.82,2.08,127.99,262,,,,6.47,0.0,Encompass Health,S&P MidCap 400,US,0.349539417989418
72,PLD,139.92,142.44,135.77,3.1,43.1,triple_bottom_setup,2024-01-18 14:30:00,2026-03-20 13:30:00,2026-07-01 13:30:00,124.67,127.29,135.1,129.02,4.71,150.18,614,,,,7.33,0.0,Prologis,S&P 500,US,0.3494835978835979
73,MKS.L,394.8,386.98,360.85,9.4,53.7,triple_bottom_setup,2025-05-12 07:00:00,2025-07-11 07:00:00,2026-06-22 07:00:00,342.8,326.24,344.9,337.98,3.47,411.8,281,,,,4.31,0.0,Marks & Spencer,STOXX 600,Europe,0.3492026455026455
74,XEL,75.69,79.13,77.97,-2.9,36.6,triple_bottom_setup,2022-05-03 13:30:00,2026-06-01 13:30:00,2026-08-07 13:30:00,71.82,76.16,76.08,74.69,3.84,84.23,1069,,,,11.28,0.0,Xcel Energy,S&P 500,US,0.34840000000000004
75,AFG,142.55,142.08,132.92,7.2,47.3,triple_bottom_setup,2025-01-10 14:30:00,2025-12-03 14:30:00,2026-07-15 13:30:00,127.6,130.0,136.73,131.44,4.02,150.02,377,,,,5.24,0.0,American Financial Group,S&P MidCap 400,US,0.3459010582010582
76,BBOX.L,157.4,163.23,156.32,0.7,38.6,triple_bottom_setup,2022-12-20 08:00:00,2023-08-02 07:00:00,2026-06-08 07:00:00,133.8,134.4,143.24,137.15,4.44,174.0,872,,,,10.55,0.0,Tritax Big Box REIT,STOXX 600,Europe,0.34548333333333336
77,FRT,116.03,121.24,109.29,6.2,33.6,triple_bottom_setup,2022-03-16 13:30:00,2024-10-08 13:30:00,2026-07-01 13:30:00,114.68,109.41,119.97,114.69,4.61,128.13,1076,,,,10.43,0.0,Federal Realty Investment Trust,S&P 500,US,0.3439333333333333
78,UBSI,47.13,47.42,42.52,10.8,41.4,triple_bottom_breakout,2023-01-19 14:30:00,2026-03-12 13:30:00,2026-05-15 13:30:00,38.5,38.46,41.43,39.46,4.98,45.93,833,2026-06-25 13:30:00,46.0,2.61,,1.53,United Bankshares,S&P MidCap 400,US,0.3439106382978724
79,FANG,200.48,192.74,177.64,12.9,51.1,triple_bottom_setup,2024-06-04 13:30:00,2024-08-05 13:30:00,2026-07-02 13:30:00,185.1,179.61,170.1,178.27,4.58,214.51,520,,,,7.0,0.0,Diamondback Energy,S&P 500,US,0.3417497354497354
80,VLY,13.64,14.54,12.96,5.3,29.4,triple_bottom_setup,2021-10-29 13:30:00,2022-01-28 14:30:00,2026-07-23 13:30:00,13.15,13.17,14.01,13.44,4.22,15.2,1185,,,,11.44,0.0,Valley Bank,S&P MidCap 400,US,0.3413666666666667
81,PATH,18.67,13.31,12.82,45.6,78.3,triple_bottom_setup,2024-08-05 13:30:00,2025-03-13 13:30:00,2026-06-26 13:30:00,10.37,9.5,9.87,9.91,4.61,19.84,474,,,,6.27,0.0,UiPath,S&P MidCap 400,US,0.3412984126984127
82,QLYS,186.14,158.66,124.1,50.0,61.6,triple_bottom_breakout,2025-07-14 13:30:00,2026-01-07 14:30:00,2026-07-30 13:30:00,134.06,127.79,131.0,130.95,2.41,167.86,263,2026-08-05 13:30:00,18.0,10.89,,2.08,Qualys,S&P MidCap 400,US,0.3405907268170426
83,HAS,94.1,87.95,87.97,7.0,55.5,triple_bottom_setup,2021-10-04 13:30:00,2022-01-28 14:30:00,2026-06-10 13:30:00,86.05,85.97,82.16,84.73,3.03,106.98,1175,,,,13.69,0.0,Hasbro,S&P 500,US,0.3404666666666667
84,VOD.L,118.45,112.91,108.76,8.9,53.4,triple_bottom_setup,2022-10-12 07:00:00,2026-03-09 08:00:00,2026-07-09 07:00:00,97.4,104.25,96.92,99.52,4.75,131.1,944,,,,10.68,0.0,Vodafone Group,STOXX 600,Europe,0.33975
85,V,379.37,357.89,331.79,14.3,63.9,triple_bottom_breakout,2025-04-07 13:30:00,2026-04-01 13:30:00,2026-06-03 13:30:00,299.0,293.89,309.0,300.63,2.78,375.51,290,2026-08-24 13:30:00,4.0,1.03,,1.04,Visa Inc.,S&P 500,US,0.33971746031746036
86,ALLY,42.21,44.28,42.24,-0.1,39.8,triple_bottom_setup,2022-03-08 14:30:00,2026-01-21 14:30:00,2026-07-24 13:30:00,39.85,39.7,42.21,40.59,4.0,47.29,1098,,,,12.04,0.0,Ally Financial,S&P MidCap 400,US,0.3396666666666667
87,ZION,66.69,69.47,61.24,8.9,36.9,triple_bottom_breakout,2022-05-20 13:30:00,2025-11-18 14:30:00,2026-03-19 13:30:00,50.62,48.5,52.7,50.61,4.16,66.18,959,2026-06-12 13:30:00,54.0,0.77,,1.18,Zions Bancorporation,S&P MidCap 400,US,0.33962828282828283
88,EGP,199.5,207.24,192.29,3.8,36.8,triple_bottom_setup,2022-01-28 14:30:00,2026-04-30 13:30:00,2026-08-12 13:30:00,188.37,195.81,199.51,194.56,3.18,226.71,1137,,,,13.64,0.0,EastGroup Properties,S&P MidCap 400,US,0.33863333333333334
89,D,66.01,68.95,63.32,4.3,35.9,triple_bottom_setup,2022-10-13 13:30:00,2026-05-08 13:30:00,2026-08-07 13:30:00,61.7,61.04,66.0,62.91,4.91,72.99,956,,,,10.57,0.0,Dominion Energy,S&P 500,US,0.33826666666666666
90,YUM,153.31,153.23,154.0,-0.4,52.6,triple_bottom_setup,2023-05-04 13:30:00,2024-03-25 13:30:00,2026-07-21 13:30:00,135.38,134.42,144.64,138.15,4.7,170.14,804,,,,10.98,0.0,Yum! Brands,S&P 500,US,0.33799999999999997
91,SBUX,106.25,104.68,96.19,10.5,51.3,triple_bottom_setup,2023-07-07 13:30:00,2026-06-05 13:30:00,2026-08-04 13:30:00,95.55,93.64,101.8,97.0,4.95,117.46,771,,,,10.55,0.0,Starbucks,S&P 500,US,0.3378333333333333
92,IQV,261.19,223.12,200.99,30.0,71.5,triple_bottom_breakout,2024-07-05 13:30:00,2025-12-04 14:30:00,2026-07-22 13:30:00,205.06,214.01,197.6,205.56,4.11,252.88,512,2026-08-20 13:30:00,7.0,3.29,,1.22,IQVIA,S&P 500,US,0.33716507936507933
93,BG,116.21,112.27,112.39,3.4,56.8,triple_bottom_setup,2022-03-16 13:30:00,2022-05-12 13:30:00,2026-07-01 13:30:00,102.96,106.58,104.12,104.55,1.94,134.87,1076,,,,16.06,0.0,Bunge Global,S&P 500,US,0.3370666666666667
94,HSIC,89.8,86.56,78.65,14.2,59.5,triple_bottom_breakout,2022-08-05 13:30:00,2026-02-03 14:30:00,2026-05-11 13:30:00,73.56,73.08,68.7,71.78,4.29,89.72,943,2026-08-12 13:30:00,12.0,0.09,,0.75,Henry Schein,S&P 500,US,0.3366358974358974
95,PEN,323.1,320.73,323.67,-0.2,50.0,triple_bottom_setup,2023-05-23 13:30:00,2026-01-13 14:30:00,2026-06-30 13:30:00,301.43,290.0,314.8,302.08,4.21,362.41,777,,,,12.17,0.0,"Penumbra, Inc.",S&P MidCap 400,US,0.33543333333333336
96,AMGN,429.88,385.89,351.46,22.3,62.4,triple_bottom_breakout,2024-09-25 13:30:00,2026-04-07 13:30:00,2026-06-18 13:30:00,312.16,335.06,334.05,327.09,4.56,391.29,433,2026-08-05 13:30:00,17.0,9.86,,2.13,Amgen,S&P 500,US,0.335268253968254
97,MSFT,507.29,432.55,429.41,18.1,68.7,triple_bottom_setup,2025-04-07 13:30:00,2026-03-30 13:30:00,2026-06-25 13:30:00,344.79,356.28,349.2,350.09,1.77,555.45,305,,,,9.49,0.0,Microsoft,S&P 500,US,0.334710582010582
98,BEN,34.15,33.61,27.82,22.7,51.7,triple_bottom_setup,2021-09-20 13:30:00,2022-01-24 14:30:00,2026-07-21 13:30:00,29.31,30.21,31.73,30.42,4.32,38.27,1212,,,,12.06,0.0,Franklin Resources,S&P 500,US,0.3347
99,VEEV,285.69,210.26,198.82,43.7,77.3,triple_bottom_setup,2024-08-05 13:30:00,2026-02-12 14:30:00,2026-07-23 13:30:00,177.41,168.14,179.25,174.93,3.88,310.5,492,,,,8.68,0.0,Veeva Systems,S&P 500,US,0.3345460317460317
100,CART,50.52,47.44,42.13,19.9,58.0,triple_bottom_setup,2024-11-19 14:30:00,2025-05-01 13:30:00,2026-07-01 13:30:00,40.17,38.64,42.24,40.35,4.69,53.5,402,,,,5.9,0.0,Maplebear Inc.,S&P MidCap 400,US,0.3336579365079365
101,CCK,116.39,115.51,105.22,10.6,46.6,triple_bottom_setup,2021-10-26 13:30:00,2026-03-30 13:30:00,2026-06-08 13:30:00,98.2,97.2,91.31,95.57,4.46,130.42,1157,,,,12.05,0.0,Crown Holdings,S&P MidCap 400,US,0.33268333333333333
102,ELS,63.45,64.75,63.08,0.6,40.9,triple_bottom_setup,2025-04-09 13:30:00,2025-06-30 13:30:00,2026-06-22 13:30:00,58.86,60.58,61.42,60.29,2.37,69.0,300,,,,8.75,0.0,Equity Lifestyle Properties,S&P MidCap 400,US,0.33121587301587296
103,KIM,23.71,25.01,22.69,4.5,32.6,triple_bottom_setup,2022-04-07 13:30:00,2024-10-04 13:30:00,2026-07-10 13:30:00,23.57,22.54,24.7,23.6,4.65,26.57,1066,,,,12.06,0.0,Kimco Realty,S&P 500,US,0.32975
104,DVN,48.51,44.35,42.91,13.0,62.1,triple_bottom_setup,2024-08-05 13:30:00,2024-10-28 13:30:00,2026-07-02 13:30:00,40.87,37.97,40.0,39.61,4.15,52.71,478,,,,8.66,0.0,Devon Energy,S&P 500,US,0.3288108465608466
105,CHD,99.78,98.87,94.08,6.1,48.5,triple_bottom_setup,2025-07-16 13:30:00,2026-05-11 13:30:00,2026-07-31 13:30:00,95.28,90.05,94.88,93.4,3.59,106.04,262,,,,6.27,0.0,Church & Dwight,S&P 500,US,0.32855608465608466
106,LIVN,79.81,80.54,69.26,15.2,50.0,triple_bottom_setup,2021-12-17 14:30:00,2022-03-14 13:30:00,2026-08-07 13:30:00,76.75,70.64,74.67,74.02,4.57,89.69,1162,,,,12.38,0.0,LivaNova,S&P MidCap 400,US,0.32828333333333326
107,GPC,135.67,127.04,118.23,14.7,57.3,triple_bottom_setup,2024-10-22 13:30:00,2024-12-20 14:30:00,2026-07-21 13:30:00,112.74,113.48,109.5,111.91,2.15,151.57,435,,,,11.72,0.0,Genuine Parts Company,S&P 500,US,0.3276230158730159
108,MSA,186.77,179.21,172.97,8.0,51.3,triple_bottom_setup,2021-11-01 13:30:00,2023-07-28 13:30:00,2026-06-11 13:30:00,147.76,162.73,155.78,155.42,4.93,208.92,1156,,,,11.86,0.0,MSA Safety,S&P MidCap 400,US,0.3272166666666667
109,DT,54.59,46.16,41.4,31.9,72.1,triple_bottom_setup,2025-04-07 13:30:00,2025-11-21 14:30:00,2026-07-23 13:30:00,39.3,42.72,40.4,40.81,4.7,57.55,324,,,,5.42,0.0,Dynatrace,S&P MidCap 400,US,0.3271904761904762
110,PSA,306.99,321.89,293.52,4.6,33.0,triple_bottom_setup,2024-12-19 14:30:00,2025-05-22 13:30:00,2026-07-21 13:30:00,288.67,292.14,307.56,296.12,3.86,331.79,394,,,,8.08,0.0,Public Storage,S&P 500,US,0.3268830687830688
111,NLY,22.92,22.78,21.52,6.5,48.3,triple_bottom_setup,2025-03-12 13:30:00,2026-03-20 13:30:00,2026-07-22 13:30:00,20.88,20.62,22.03,21.18,4.03,24.52,341,,,,6.98,0.0,Annaly Capital Management,S&P MidCap 400,US,0.3264891534391534
112,VRSN,288.28,275.04,259.49,11.1,53.7,triple_bottom_setup,2025-05-27 13:30:00,2026-04-24 13:30:00,2026-07-23 13:30:00,265.24,253.51,255.21,257.99,2.81,312.48,290,,,,8.39,0.0,Verisign,S&P 500,US,0.3262931216931217
113,WPC,69.96,72.36,69.61,0.5,37.0,triple_bottom_setup,2024-01-05 14:30:00,2026-03-25 13:30:00,2026-07-08 13:30:00,63.88,66.89,70.31,67.03,4.9,76.97,626,,,,10.02,0.0,W. P. Carey,S&P MidCap 400,US,0.3258042328042328
114,DRI,214.26,208.76,198.1,8.2,49.5,triple_bottom_setup,2025-01-13 14:30:00,2025-03-14 13:30:00,2026-06-04 13:30:00,179.0,180.22,191.73,183.65,4.4,228.27,349,,,,6.54,0.0,Darden Restaurants,S&P 500,US,0.32566402116402116
115,SHEL.L,3344.5,3201.29,3071.89,8.9,52.8,triple_bottom_setup,2023-02-22 08:00:00,2023-08-18 07:00:00,2026-07-08 07:00:00,2439.5,2331.5,2559.5,2443.5,4.75,3758.5,851,,,,12.38,0.0,Shell plc,STOXX 600,Europe,0.32558333333333334
116,BRK-B,504.03,501.68,492.4,2.4,49.8,triple_bottom_setup,2024-10-03 13:30:00,2025-02-03 14:30:00,2026-07-23 13:30:00,450.92,454.6,486.06,463.86,4.79,542.07,450,,,,7.55,0.0,Berkshire Hathaway,S&P 500,US,0.32475714285714286
117,CRL,288.24,245.04,197.14,46.2,64.6,triple_bottom_breakout,2024-01-17 14:30:00,2024-07-05 13:30:00,2026-07-21 13:30:00,201.01,197.5,213.4,203.97,4.62,275.0,628,2026-08-10 13:30:00,14.0,4.81,,1.16,Charles River Laboratories,S&P 500,US,0.3233142857142857
118,ALSN,125.71,120.06,113.34,10.9,52.6,triple_bottom_setup,2024-12-19 14:30:00,2026-05-21 13:30:00,2026-08-04 13:30:00,106.3,106.12,111.86,108.09,3.48,137.62,404,,,,9.47,0.0,Allison Transmission,S&P MidCap 400,US,0.32232248677248676
119,ESS,282.96,288.94,262.92,7.6,44.6,triple_bottom_setup,2025-05-23 13:30:00,2025-09-04 13:30:00,2026-07-31 13:30:00,269.1,258.82,279.32,269.08,3.81,303.35,297,,,,7.21,0.0,Essex Property Trust,S&P 500,US,0.322052380952381
120,RGEN,180.98,152.76,141.62,27.8,68.4,triple_bottom_breakout,2025-03-10 13:30:00,2025-11-07 14:30:00,2026-07-21 13:30:00,135.69,139.4,129.0,134.7,4.23,175.77,342,2026-08-19 13:30:00,8.0,2.96,,1.68,Repligen,S&P MidCap 400,US,0.3210349206349206
121,ECL,283.2,278.35,271.52,4.3,52.3,triple_bottom_setup,2024-09-11 13:30:00,2025-06-20 13:30:00,2026-07-23 13:30:00,243.93,259.05,261.5,254.83,4.28,309.27,466,,,,9.21,0.0,Ecolab,S&P 500,US,0.32069021164021166
122,DCC.L,6370.0,6300.7,5418.42,17.6,57.6,triple_bottom_breakout,2024-06-17 07:00:00,2025-02-10 08:00:00,2026-07-01 07:00:00,5510.0,5265.0,5730.0,5501.67,4.3,6345.0,516,2026-07-13 07:00:00,34.0,0.39,,1.67,DCC Energy,STOXX 600,Europe,0.32058730158730164
123,USB,61.58,62.78,55.71,10.5,39.7,triple_bottom_breakout,2022-05-12 13:30:00,2026-03-09 13:30:00,2026-05-15 13:30:00,47.68,50.32,52.33,50.11,4.85,61.19,1005,2026-07-01 13:30:00,42.0,0.64,,1.04,U.S. Bancorp,S&P 500,US,0.32008010335917314
124,J,149.05,136.15,132.12,12.8,61.1,triple_bottom_setup,2021-12-20 14:30:00,2024-05-30 13:30:00,2026-06-23 13:30:00,107.79,110.13,117.13,111.68,4.88,168.44,1129,,,,13.01,0.0,Jacobs Solutions,S&P 500,US,0.31838333333333335
125,INF.L,901.4,896.12,855.21,5.4,52.3,triple_bottom_setup,2023-11-30 08:00:00,2024-03-11 08:00:00,2026-06-08 07:00:00,731.2,788.2,788.6,769.33,4.96,1000.0,634,,,,10.94,0.0,Informa,STOXX 600,Europe,0.3182957671957672
126,CACI,623.01,539.12,559.41,11.4,56.5,triple_bottom_setup,2024-07-05 13:30:00,2024-09-11 13:30:00,2026-06-22 13:30:00,421.24,456.98,434.7,437.64,4.42,683.5,491,,,,9.71,0.0,CACI International,S&P MidCap 400,US,0.3177304232804232
127,SHW,338.81,342.03,332.65,1.9,43.7,triple_bottom_setup,2025-04-08 13:30:00,2026-03-20 13:30:00,2026-07-23 13:30:00,308.84,301.58,301.1,303.84,1.65,379.65,323,,,,12.05,0.0,Sherwin-Williams,S&P 500,US,0.3175582010582011
128,CL,89.82,91.68,86.63,3.7,44.0,triple_bottom_setup,2025-04-09 13:30:00,2025-06-25 13:30:00,2026-06-04 13:30:00,87.48,87.07,84.3,86.28,2.3,99.33,289,,,,10.59,0.0,Colgate-Palmolive,S&P 500,US,0.3154775132275132
129,SYY,81.08,82.89,78.5,3.3,39.4,triple_bottom_setup,2021-10-28 13:30:00,2025-11-05 14:30:00,2026-07-21 13:30:00,75.93,72.58,79.91,76.14,4.95,91.85,1184,,,,13.28,0.0,Sysco,S&P 500,US,0.3150833333333334
130,KEY,21.61,22.82,21.11,2.4,34.4,triple_bottom_setup,2022-03-08 14:30:00,2026-05-15 13:30:00,2026-07-29 13:30:00,22.1,20.69,22.13,21.64,4.39,24.71,1101,,,,14.35,0.0,KeyCorp,S&P 500,US,0.31456666666666666
131,MTD,1405.14,1341.97,1320.74,6.4,55.7,triple_bottom_setup,2025-07-16 13:30:00,2026-03-13 13:30:00,2026-07-21 13:30:00,1157.9,1162.77,1216.9,1179.19,3.2,1525.17,254,,,,8.54,0.0,Mettler Toledo,S&P 500,US,0.3144312169312169
132,HUM,383.23,385.35,275.36,39.2,50.3,triple_bottom_setup,2024-05-29 13:30:00,2024-08-08 13:30:00,2026-08-05 13:30:00,328.09,343.17,353.69,341.65,3.97,428.88,547,,,,11.91,0.0,Humana,S&P 500,US,0.3135544973544973
133,RGA,246.04,234.19,210.76,16.7,59.7,triple_bottom_breakout,2024-12-18 14:30:00,2026-03-20 13:30:00,2026-06-03 13:30:00,201.07,196.43,195.1,197.53,1.79,232.97,363,2026-07-13 13:30:00,35.0,5.61,,1.19,Reinsurance Group of America,S&P MidCap 400,US,0.31344603174603175
134,ITRK.L,5845.0,5826.6,4934.26,18.5,61.5,triple_bottom_breakout,2021-10-06 07:00:00,2025-09-26 07:00:00,2026-02-03 08:00:00,4724.0,4572.0,4364.0,4553.33,4.16,5824.0,1091,2026-07-15 07:00:00,32.0,0.36,,0.62,Intertek,STOXX 600,Europe,0.31336565656565657
135,PB,71.56,73.18,69.78,2.6,37.4,triple_bottom_setup,2025-06-17 13:30:00,2026-01-28 14:30:00,2026-07-06 13:30:00,66.91,65.12,69.79,67.27,3.74,77.2,262,,,,7.88,0.0,Prosperity Bancshares,S&P MidCap 400,US,0.312889417989418
136,ACGL,98.07,99.52,95.93,2.2,44.7,triple_bottom_setup,2024-11-04 14:30:00,2025-01-13 14:30:00,2026-08-12 13:30:00,94.95,89.47,96.95,93.79,4.61,107.09,442,,,,9.2,0.0,Arch Capital Group,S&P 500,US,0.31264894179894176
137,OGS,79.27,78.69,80.37,-1.4,48.7,triple_bottom_setup,2022-05-02 13:30:00,2022-09-01 13:30:00,2026-06-17 13:30:00,81.84,77.85,75.35,78.35,4.46,90.78,1035,,,,14.52,0.0,One Gas,S&P MidCap 400,US,0.31210000000000004
138,ADC,72.25,76.22,74.2,-2.6,31.8,triple_bottom_setup,2021-10-06 13:30:00,2022-06-14 13:30:00,2026-06-04 13:30:00,66.18,66.14,71.22,67.85,4.97,82.08,1169,,,,13.61,0.0,Agree Realty,S&P MidCap 400,US,0.3120333333333334
139,SIGI,91.29,94.67,85.11,7.3,42.3,triple_bottom_setup,2025-01-13 14:30:00,2025-04-30 13:30:00,2026-07-28 13:30:00,87.68,85.25,91.41,88.11,3.74,100.4,385,,,,9.98,0.0,Selective Insurance Group,S&P MidCap 400,US,0.31165925925925925
140,ALLE,155.25,150.46,150.6,3.1,43.9,triple_bottom_setup,2021-10-06 13:30:00,2021-12-20 14:30:00,2026-06-24 13:30:00,127.14,122.99,128.69,126.27,2.6,183.11,1182,,,,17.95,0.0,Allegion,S&P 500,US,0.3114166666666667
141,SREN.SW,141.15,134.69,126.31,11.7,62.7,triple_bottom_setup,2024-12-20 08:00:00,2025-04-07 07:00:00,2026-07-23 07:00:00,126.8,121.75,128.8,125.78,3.21,156.8,391,,,,11.09,0.0,Swiss Reinsurance Company Ltd,STOXX 600,Europe,0.31115291005291007
142,DLTR,126.59,125.75,116.46,8.7,46.5,triple_bottom_setup,2024-07-10 13:30:00,2025-11-20 14:30:00,2026-06-17 13:30:00,101.83,98.4,105.22,101.82,3.36,142.4,486,,,,12.49,0.0,Dollar Tree,S&P 500,US,0.30980238095238094
143,STE,232.64,223.52,232.84,-0.1,52.3,triple_bottom_setup,2021-10-01 13:30:00,2022-01-27 14:30:00,2026-06-17 13:30:00,202.03,211.99,198.01,204.01,3.91,269.44,1181,,,,15.82,0.0,Steris,S&P 500,US,0.30951666666666666
144,BIO,386.12,327.93,300.59,28.5,74.6,triple_bottom_breakout,2025-05-06 13:30:00,2025-07-22 13:30:00,2026-05-13 13:30:00,228.91,237.63,236.73,234.42,2.35,343.12,256,2026-08-05 13:30:00,18.0,12.53,,1.52,Bio-Rad Laboratories,S&P MidCap 400,US,0.3092907268170426
145,AWK,138.23,133.26,129.67,6.6,56.8,triple_bottom_setup,2025-05-14 13:30:00,2026-02-09 14:30:00,2026-08-04 13:30:00,131.65,121.28,129.74,127.56,4.92,147.87,306,,,,6.97,0.0,American Water Works,S&P 500,US,0.30859285714285717
146,MCO,504.64,484.41,470.76,7.2,57.5,triple_bottom_setup,2025-01-10 14:30:00,2026-05-15 13:30:00,2026-07-24 13:30:00,449.45,426.21,468.37,448.01,4.87,546.88,384,,,,8.37,0.0,Moody's Corporation,S&P 500,US,0.3079936507936508
147,BEKB.BR,38.7,39.62,39.07,-0.9,49.0,triple_bottom_setup,2024-06-28 07:00:00,2025-09-11 07:00:00,2026-06-30 07:00:00,38.8,37.65,38.35,38.27,1.61,45.0,510,,,,16.28,0.0,Bekaert,STOXX 600,Europe,0.30764365079365075
148,SF,80.78,79.03,78.25,3.2,47.8,triple_bottom_setup,2024-12-20 14:30:00,2025-10-10 13:30:00,2026-06-29 13:30:00,67.83,71.31,67.81,68.98,3.37,89.83,378,,,,11.2,0.0,Stifel,S&P MidCap 400,US,0.30611666666666665
149,FTV,58.84,61.0,57.84,1.7,41.5,triple_bottom_setup,2025-03-13 13:30:00,2026-05-20 13:30:00,2026-07-30 13:30:00,54.08,57.38,57.48,56.31,3.96,64.56,346,,,,9.72,0.0,Fortive,S&P 500,US,0.3053671957671958
150,ADP,286.16,255.52,234.05,22.3,68.2,triple_bottom_setup,2021-09-20 13:30:00,2022-05-20 13:30:00,2026-06-22 13:30:00,196.1,203.63,213.8,204.51,4.54,329.93,1192,,,,15.3,0.0,Automatic Data Processing,S&P 500,US,0.3044
151,SCHW,109.82,103.07,96.49,13.8,56.4,triple_bottom_breakout,2025-06-13 13:30:00,2026-04-23 13:30:00,2026-06-26 13:30:00,85.76,87.84,87.63,87.08,1.51,107.5,259,2026-08-05 13:30:00,17.0,2.16,,1.09,Charles Schwab Corporation,S&P 500,US,0.30396666666666666
152,UNP,300.67,290.01,256.34,17.3,53.9,triple_bottom_breakout,2021-12-20 14:30:00,2022-02-24 14:30:00,2026-06-22 13:30:00,238.07,236.81,255.22,243.37,4.87,279.7,1128,2026-07-02 13:30:00,41.0,7.5,,0.75,Union Pacific Corporation,S&P 500,US,0.30379047619047617
153,TRYG.CO,156.3,152.6,151.77,3.0,61.0,triple_bottom_setup,2025-04-07 07:00:00,2026-06-08 07:00:00,2026-08-04 07:00:00,141.5,146.5,149.8,145.93,3.04,173.9,326,,,,11.26,0.0,Tryg,STOXX 600,Europe,0.3036883597883598
154,EMR,152.44,148.56,141.18,8.0,46.7,triple_bottom_setup,2025-02-05 14:30:00,2025-10-14 13:30:00,2026-07-16 13:30:00,122.37,125.72,133.55,127.21,4.98,165.15,361,,,,8.34,0.0,Emerson Electric,S&P 500,US,0.30355132275132274
155,BNZL.L,2792.0,2735.0,2357.61,18.4,56.0,triple_bottom_breakout,2025-04-16 07:00:00,2026-03-30 07:00:00,2026-06-02 07:00:00,2218.0,2134.0,2276.0,2209.33,3.41,2609.42,282,2026-06-24 07:00:00,47.0,7.0,,1.93,Bunzl,STOXX 600,Europe,0.3033079365079365
156,SW,46.9,46.41,41.45,13.2,46.8,triple_bottom_setup,2025-06-23 13:30:00,2025-10-06 13:30:00,2026-07-08 13:30:00,41.34,40.03,41.13,40.83,1.97,52.65,261,,,,12.26,0.0,Smurfit Westrock,S&P 500,US,0.30280714285714283
157,VMRK,65.14,67.21,62.81,3.7,44.2,triple_bottom_setup,2025-05-23 13:30:00,2025-08-01 13:30:00,2026-06-22 13:30:00,66.95,61.71,63.62,64.09,4.46,70.31,269,,,,7.94,0.0,Vivmark Residential,S&P 500,US,0.30251534391534396
158,ZBH,100.04,94.12,90.84,10.1,56.3,triple_bottom_setup,2025-05-05 13:30:00,2025-08-01 13:30:00,2026-06-30 13:30:00,89.92,89.33,83.72,87.66,4.49,108.29,289,,,,8.25,0.0,Zimmer Biomet,S&P 500,US,0.3021275132275132
159,SON,55.15,56.1,50.09,10.1,41.8,triple_bottom_setup,2024-05-02 13:30:00,2026-03-20 13:30:00,2026-07-15 13:30:00,55.29,50.27,52.95,52.84,4.86,61.73,550,,,,11.93,0.0,Sonoco,S&P MidCap 400,US,0.30043465608465614
160,DIS,107.55,100.69,103.31,4.1,57.8,triple_bottom_setup,2022-10-13 13:30:00,2023-04-26 13:30:00,2026-06-10 13:30:00,90.71,96.46,97.95,95.04,4.56,124.69,916,,,,15.94,0.0,Walt Disney Company (The),S&P 500,US,0.2987666666666667
161,NSC,342.79,332.37,305.77,12.1,52.2,triple_bottom_breakout,2021-12-20 14:30:00,2026-03-20 13:30:00,2026-06-17 13:30:00,277.5,277.9,297.45,284.28,4.63,326.0,1126,2026-07-10 13:30:00,36.0,5.15,,0.55,Norfolk Southern,S&P 500,US,0.29876636636636633
162,SCMN.SW,629.0,628.11,628.16,0.1,48.0,triple_bottom_setup,2023-03-30 07:00:00,2025-10-30 08:00:00,2026-08-05 07:00:00,571.6,571.0,613.5,585.37,4.81,727.0,835,,,,15.58,0.0,Swisscom AG,STOXX 600,Europe,0.2980166666666667
163,DOC,20.82,21.4,18.11,15.0,43.7,triple_bottom_setup,2025-02-12 14:30:00,2026-06-02 13:30:00,2026-08-17 13:30:00,19.23,18.9,20.4,19.51,4.56,22.95,378,,,,10.23,0.0,Healthpeak Properties,S&P 500,US,0.29635
164,NVG.LS,3.27,3.24,3.18,2.8,55.0,triple_bottom_setup,2025-06-30 08:00:00,2025-10-28 09:00:00,2026-07-15 08:00:00,3.18,2.96,3.1,3.08,3.98,3.59,266,,,,9.72,0.0,The Navigator Company,STOXX 600,Europe,0.2944851851851852
165,WST,341.11,349.78,291.89,16.9,43.1,triple_bottom_setup,2024-06-18 13:30:00,2024-11-20 14:30:00,2026-07-27 13:30:00,310.0,299.36,325.27,311.54,4.41,386.0,526,,,,13.16,0.0,West Pharmaceutical Services,S&P 500,US,0.2937600529100529
166,ULVR.L,4776.0,4645.24,4666.45,2.3,58.0,triple_bottom_setup,2022-06-16 07:00:00,2024-04-17 07:00:00,2026-07-07 07:00:00,3776.79,3989.07,3646.0,3803.95,4.87,5542.11,1024,,,,16.04,0.0,Unilever,STOXX 600,Europe,0.29328333333333334
167,CI,276.08,283.3,277.44,-0.5,45.6,triple_bottom_setup,2025-08-01 13:30:00,2025-12-08 14:30:00,2026-08-05 13:30:00,256.89,258.27,263.11,259.42,1.42,315.47,253,,,,14.27,0.0,Cigna,S&P 500,US,0.2932489417989418
168,CFR.SW,194.55,189.76,166.46,16.9,56.6,triple_bottom_breakout,2024-06-21 07:00:00,2026-01-29 08:00:00,2026-04-30 07:00:00,137.4,147.0,143.65,142.68,3.7,187.55,463,2026-06-29 07:00:00,44.0,3.73,,1.19,Compagnie Financière Richemont SA,STOXX 600,Europe,0.2928650793650794
169,OXY,60.18,55.4,51.76,16.3,59.5,triple_bottom_setup,2024-09-26 13:30:00,2026-05-08 13:30:00,2026-08-05 13:30:00,49.75,52.99,53.66,52.13,4.57,67.45,464,,,,12.08,0.0,Occidental Petroleum,S&P 500,US,0.29215899470899465
170,RNR,327.64,320.84,296.25,10.6,55.7,triple_bottom_breakout,2024-11-14 14:30:00,2026-01-23 14:30:00,2026-06-02 13:30:00,254.72,268.46,275.6,266.26,4.33,318.2,385,2026-06-26 13:30:00,45.0,2.97,,1.68,RenaissanceRe,S&P MidCap 400,US,0.29181787439613527
171,CPAY,404.3,378.41,334.27,20.9,54.3,triple_bottom_breakout,2024-12-30 14:30:00,2025-07-15 13:30:00,2026-06-26 13:30:00,333.93,319.42,321.19,324.85,2.8,400.81,372,2026-08-10 13:30:00,15.0,0.87,,0.88,Corpay,S&P 500,US,0.2916984126984127
172,SUI,121.42,121.13,124.03,-2.1,48.2,triple_bottom_setup,2025-07-30 13:30:00,2026-05-15 13:30:00,2026-08-12 13:30:00,115.53,120.19,117.74,117.82,2.01,137.85,260,,,,13.53,0.0,Sun Communities,S&P MidCap 400,US,0.2914915343915344
173,GEBN.SW,577.8,540.4,560.42,3.1,63.5,triple_bottom_setup,2025-04-07 07:00:00,2026-03-23 08:00:00,2026-07-15 07:00:00,495.6,515.4,508.2,506.4,2.13,659.8,315,,,,14.19,0.0,Geberit AG,STOXX 600,Europe,0.2914666666666667
174,DBX,35.19,31.41,27.57,27.6,60.4,triple_bottom_breakout,2025-01-13 14:30:00,2025-12-10 14:30:00,2026-07-23 13:30:00,29.01,26.83,27.89,27.91,3.95,33.33,382,2026-08-04 13:30:00,19.0,5.58,,1.34,Dropbox,S&P MidCap 400,US,0.29123809523809524
175,PSON.L,1233.5,1224.08,1073.73,14.9,55.4,triple_bottom_setup,2025-01-21 08:00:00,2025-03-21 08:00:00,2026-07-23 07:00:00,1235.0,1169.5,1190.5,1198.33,3.06,1401.0,380,,,,13.58,0.0,Pearson plc,STOXX 600,Europe,0.2911978835978836
176,DIE.BR,176.6,175.76,169.24,4.4,50.6,triple_bottom_setup,2025-03-11 08:00:00,2026-03-23 08:00:00,2026-06-09 07:00:00,149.3,153.6,157.6,153.5,2.74,199.9,316,,,,13.19,0.0,D'Ieteren,STOXX 600,Europe,0.2907822751322751
177,ICE,160.7,145.45,154.36,4.1,66.2,triple_bottom_setup,2021-10-01 13:30:00,2022-01-28 14:30:00,2026-06-29 13:30:00,113.9,120.58,121.79,118.76,4.09,189.35,1188,,,,17.83,0.0,Intercontinental Exchange,S&P 500,US,0.2900666666666667
178,BBY,80.15,83.19,70.03,14.4,41.0,triple_bottom_setup,2024-11-26 14:30:00,2025-02-03 14:30:00,2026-08-07 13:30:00,83.81,81.11,79.0,81.31,3.08,91.72,423,,,,14.44,0.0,Best Buy,S&P 500,US,0.28941904761904763
179,SR,81.84,81.15,84.28,-2.9,48.7,triple_bottom_setup,2022-05-03 13:30:00,2023-01-20 14:30:00,2026-06-22 13:30:00,72.11,68.9,75.85,72.29,4.93,95.31,1036,,,,16.46,0.0,Spire,S&P MidCap 400,US,0.28888333333333327
180,AMCR,45.89,44.97,42.02,9.2,48.0,triple_bottom_setup,2025-04-09 13:30:00,2025-06-23 13:30:00,2026-08-17 13:30:00,41.85,44.55,44.81,43.74,4.31,50.94,339,,,,11.0,0.0,Amcor,S&P 500,US,0.28852460317460316
181,EXPE,317.12,288.21,256.61,23.6,53.8,triple_bottom_breakout,2024-12-18 14:30:00,2025-08-01 13:30:00,2026-02-23 14:30:00,176.06,174.05,185.34,178.48,3.84,303.8,293,2026-07-29 13:30:00,22.0,4.38,,1.61,Expedia Group,S&P 500,US,0.28817066942719116
182,CUBE,39.72,40.95,38.3,3.7,35.6,triple_bottom_setup,2025-05-22 13:30:00,2026-05-19 13:30:00,2026-07-30 13:30:00,40.68,38.24,40.5,39.81,3.94,44.13,297,,,,11.1,0.0,CubeSmart,S&P MidCap 400,US,0.2876857142857143
183,TGT,160.88,143.39,118.88,35.3,60.3,triple_bottom_breakout,2024-11-20 14:30:00,2026-04-14 13:30:00,2026-07-06 13:30:00,120.21,116.83,124.7,120.58,3.42,145.08,403,2026-08-03 13:30:00,19.0,10.89,,1.01,Target Corporation,S&P 500,US,0.2876714285714286
184,FFIN,33.23,34.62,32.11,3.5,36.1,triple_bottom_setup,2025-05-23 13:30:00,2025-08-14 13:30:00,2026-07-23 13:30:00,33.48,33.52,33.94,33.65,0.87,38.74,291,,,,16.58,0.0,First Financial Bankshares,S&P MidCap 400,US,0.2872753968253968
185,REG,74.77,79.0,74.94,-0.2,30.7,triple_bottom_setup,2024-10-10 13:30:00,2025-05-22 13:30:00,2026-08-11 13:30:00,69.47,70.53,75.35,71.78,4.97,83.66,458,,,,11.89,0.0,Regency Centers,S&P 500,US,0.28694867724867723
186,HBAN,16.69,17.56,16.75,-0.4,35.5,triple_bottom_setup,2021-10-13 13:30:00,2024-12-20 14:30:00,2026-07-29 13:30:00,15.39,15.83,16.81,16.01,5.0,19.46,1201,,,,16.6,0.0,Huntington Bancshares,S&P 500,US,0.2866666666666666
187,MSCI,570.64,577.22,569.2,0.3,50.2,triple_bottom_setup,2025-06-23 13:30:00,2026-03-27 13:30:00,2026-06-25 13:30:00,539.65,520.0,542.33,533.99,2.62,644.68,253,,,,12.97,0.0,MSCI,S&P 500,US,0.28608227513227513
188,MTDR,58.01,51.94,50.72,14.4,63.1,triple_bottom_setup,2025-03-05 14:30:00,2025-08-20 13:30:00,2026-07-28 13:30:00,43.89,45.37,45.44,44.9,2.25,66.84,350,,,,15.22,0.0,Matador Resources,S&P MidCap 400,US,0.28571296296296295
189,PRU.L,1018.0,1043.86,1090.91,-6.7,43.8,triple_bottom_setup,2023-08-21 07:00:00,2026-06-10 07:00:00,2026-08-05 07:00:00,932.8,910.2,949.4,930.8,2.21,1238.0,748,,,,21.61,0.0,Prudential plc,STOXX 600,Europe,0.28570846560846563
190,COR,323.6,307.42,321.26,0.7,57.1,triple_bottom_setup,2025-05-12 13:30:00,2025-08-06 13:30:00,2026-06-22 13:30:00,271.0,273.43,269.3,271.24,0.81,377.54,278,,,,16.67,0.0,Cencora,S&P 500,US,0.2857058201058201
191,MRK,147.76,132.13,116.23,27.1,61.5,triple_bottom_breakout,2024-05-30 13:30:00,2026-03-20 13:30:00,2026-07-14 13:30:00,122.7,112.72,120.16,118.53,4.9,134.63,530,2026-08-13 13:30:00,12.0,9.75,,0.86,Merck & Co.,S&P 500,US,0.28570573870573873
192,DUK,119.91,124.3,122.33,-2.0,39.3,triple_bottom_setup,2024-09-19 13:30:00,2025-08-18 13:30:00,2026-07-15 13:30:00,113.95,121.33,124.1,119.79,4.88,134.49,454,,,,12.16,0.0,Duke Energy,S&P 500,US,0.28551957671957673
193,WEC,106.17,111.23,110.05,-3.5,40.3,triple_bottom_setup,2025-07-02 13:30:00,2026-06-01 13:30:00,2026-08-11 13:30:00,102.49,108.59,105.48,105.52,2.91,119.91,278,,,,12.94,0.0,WEC Energy Group,S&P 500,US,0.28528915343915345
194,COLB,29.64,31.3,28.86,2.7,34.4,triple_bottom_setup,2024-11-20 14:30:00,2026-05-15 13:30:00,2026-07-29 13:30:00,29.6,28.49,30.75,29.61,3.84,33.68,420,,,,13.63,0.0,Columbia Banking System,S&P MidCap 400,US,0.28437222222222225
195,DLR,185.59,187.41,176.91,4.9,43.1,triple_bottom_setup,2025-06-26 13:30:00,2026-03-09 13:30:00,2026-07-15 13:30:00,163.64,172.91,171.03,169.19,3.28,208.14,263,,,,12.15,0.0,Digital Realty,S&P 500,US,0.2843383597883598
196,ELAN,23.92,24.59,23.68,1.0,47.2,triple_bottom_setup,2022-05-12 13:30:00,2026-05-19 13:30:00,2026-08-10 13:30:00,20.51,19.4,21.32,20.41,4.95,27.98,1063,,,,16.97,0.0,Elanco,S&P MidCap 400,US,0.2843333333333333
197,ESNT,67.56,65.84,61.81,9.3,51.0,triple_bottom_breakout,2024-09-11 13:30:00,2026-05-01 13:30:00,2026-07-15 13:30:00,60.74,59.28,63.01,61.01,3.28,67.09,460,2026-07-29 13:30:00,23.0,0.7,,0.72,Essent Group Ltd.,S&P MidCap 400,US,0.28233650793650794
198,DHR,213.56,198.89,202.47,5.5,60.0,triple_bottom_setup,2025-04-09 13:30:00,2026-05-15 13:30:00,2026-07-21 13:30:00,171.0,160.93,165.75,165.89,3.08,242.8,320,,,,13.69,0.0,Danaher Corporation,S&P 500,US,0.282044708994709
199,COST,943.89,944.94,957.64,-1.4,47.6,triple_bottom_setup,2024-09-05 13:30:00,2024-11-01 13:30:00,2026-07-10 13:30:00,868.7,867.34,907.21,881.08,2.97,1096.5,461,,,,16.17,0.0,Costco,S&P 500,US,0.281678835978836
200,PM,187.3,187.16,171.87,9.0,47.1,triple_bottom_setup,2025-07-02 13:30:00,2026-06-02 13:30:00,2026-08-12 13:30:00,175.13,170.0,184.02,176.38,4.33,207.76,279,,,,10.92,0.0,Philip Morris International,S&P 500,US,0.2809547619047619
201,DXCM,91.06,79.23,70.13,29.8,64.0,triple_bottom_breakout,2025-03-13 13:30:00,2026-01-05 14:30:00,2026-07-24 13:30:00,68.3,65.19,69.79,67.76,3.79,89.98,342,2026-08-12 13:30:00,12.0,1.2,,1.04,Dexcom,S&P 500,US,0.2806041514041514
202,EQH,50.13,48.22,43.92,14.1,53.3,triple_bottom_setup,2024-12-18 14:30:00,2025-03-07 14:30:00,2026-08-03 13:30:00,44.3,47.89,46.78,46.32,4.37,56.61,404,,,,12.93,0.0,Equitable Holdings,S&P MidCap 400,US,0.2801391534391534
203,BMRN,65.23,61.82,57.62,13.2,52.7,triple_bottom_setup,2025-01-16 14:30:00,2025-08-08 13:30:00,2026-07-23 13:30:00,60.63,56.36,57.42,58.14,4.29,73.51,379,,,,12.69,0.0,BioMarin Pharmaceutical,S&P MidCap 400,US,0.28003227513227513
204,TEX,63.51,66.64,60.54,4.9,43.1,triple_bottom_setup,2023-07-27 13:30:00,2026-01-30 14:30:00,2026-07-30 13:30:00,56.57,55.87,60.44,57.63,4.88,74.69,754,,,,17.6,0.0,Terex,S&P MidCap 400,US,0.27986878306878304
205,UNM,93.22,89.2,79.92,16.6,60.5,triple_bottom_breakout,2025-02-20 14:30:00,2025-12-08 14:30:00,2026-03-30 13:30:00,73.66,71.72,71.72,72.37,1.79,84.48,277,2026-06-05 13:30:00,59.0,10.35,,0.96,Unum,S&P MidCap 400,US,0.27916031746031744
206,NDSN,321.72,303.27,276.48,16.4,56.9,triple_bottom_breakout,2024-04-25 13:30:00,2024-11-20 14:30:00,2026-05-19 13:30:00,255.78,248.28,270.26,258.11,4.71,305.28,517,2026-08-04 13:30:00,19.0,5.39,,0.9,Nordson Corporation,S&P 500,US,0.2783793650793651
207,RSG,220.92,216.39,213.8,3.3,56.4,triple_bottom_setup,2025-01-03 14:30:00,2026-06-02 13:30:00,2026-08-05 13:30:00,199.43,197.62,204.8,200.62,2.09,258.75,396,,,,17.12,0.0,Republic Services,S&P 500,US,0.27836428571428573
208,NG.L,1170.0,1213.18,1234.12,-5.2,42.8,triple_bottom_setup,2022-04-22 07:00:00,2026-03-23 08:00:00,2026-06-19 07:00:00,1149.5,1207.25,1174.5,1177.08,2.56,1428.5,1048,,,,22.09,0.0,National Grid plc,STOXX 600,Europe,0.27751666666666663
209,SSD,182.61,193.18,183.15,-0.3,39.1,triple_bottom_setup,2024-11-19 14:30:00,2026-05-20 13:30:00,2026-07-21 13:30:00,176.51,175.77,182.87,178.38,2.52,213.49,415,,,,16.91,0.0,Simpson Manufacturing,S&P MidCap 400,US,0.2761775132275132
210,NXT.L,15575.0,14978.51,13752.44,13.3,60.3,triple_bottom_breakout,2025-05-13 07:00:00,2026-03-23 08:00:00,2026-06-29 07:00:00,11861.42,11789.29,11695.0,11781.9,0.74,14880.0,285,2026-07-16 07:00:00,31.0,4.67,,0.39,Next plc,STOXX 600,Europe,0.2759142857142858
211,RIO.L,7674.0,7147.98,6884.04,11.5,63.0,triple_bottom_setup,2022-12-20 08:00:00,2026-03-23 08:00:00,2026-07-22 07:00:00,5549.0,6049.0,5758.0,5785.33,4.56,9117.0,903,,,,18.8,0.0,Rio Tinto,STOXX 600,Europe,0.27493333333333336
212,VLTO,98.57,94.21,93.26,5.7,57.4,triple_bottom_setup,2025-04-09 13:30:00,2026-02-04 14:30:00,2026-06-22 13:30:00,83.86,88.4,81.57,84.61,4.48,110.11,300,,,,11.71,0.0,Veralto,S&P 500,US,0.2748992063492063
213,KDP,31.86,31.15,28.69,11.1,55.7,triple_bottom_setup,2024-11-19 14:30:00,2025-02-10 14:30:00,2026-08-11 13:30:00,30.91,30.67,28.66,30.08,4.72,36.12,430,,,,13.37,0.0,Keurig Dr Pepper,S&P 500,US,0.2746616402116402
214,BP.L,514.5,513.51,503.02,2.3,43.8,triple_bottom_setup,2022-09-28 07:00:00,2022-12-09 08:00:00,2026-07-02 07:00:00,421.1,455.0,450.6,442.23,4.78,609.4,948,,,,18.45,0.0,BP,STOXX 600,Europe,0.27454999999999996
215,MTG,30.65,29.45,27.45,11.7,54.2,triple_bottom_breakout,2025-05-23 13:30:00,2026-03-12 13:30:00,2026-06-03 13:30:00,25.79,25.41,24.69,25.3,2.4,29.97,257,2026-07-28 13:30:00,24.0,2.27,,1.0,MGIC Investment Corporation,S&P MidCap 400,US,0.27454761904761904
216,PLTR,186.38,144.9,151.35,23.1,69.3,triple_bottom_setup,2025-07-01 13:30:00,2026-04-10 13:30:00,2026-07-28 13:30:00,128.51,122.68,117.89,123.03,4.46,207.52,269,,,,11.34,0.0,Palantir Technologies,S&P 500,US,0.2741820105820106
217,NFG,83.06,80.72,82.84,0.3,55.8,triple_bottom_setup,2025-04-30 13:30:00,2025-11-07 14:30:00,2026-06-18 13:30:00,75.73,77.22,75.17,76.04,1.55,97.06,285,,,,16.86,0.0,National Fuel Gas,S&P MidCap 400,US,0.27394841269841275
218,BDX,188.11,165.83,157.62,19.3,68.5,triple_bottom_breakout,2025-04-09 13:30:00,2025-12-09 14:30:00,2026-06-22 13:30:00,151.75,148.21,140.11,146.69,4.49,187.35,300,2026-08-19 13:30:00,7.0,0.41,,0.97,Becton Dickinson,S&P 500,US,0.2736126984126984
219,THC,265.91,231.16,206.89,28.5,58.3,triple_bottom_breakout,2024-10-08 13:30:00,2025-07-25 13:30:00,2026-06-08 13:30:00,147.12,146.6,157.58,150.43,4.75,247.21,416,2026-07-28 13:30:00,24.0,7.56,,1.26,Tenet Health,S&P MidCap 400,US,0.2735396825396825
220,CTAS,201.79,194.46,185.65,8.7,51.0,triple_bottom_setup,2025-04-07 13:30:00,2026-02-03 14:30:00,2026-08-17 13:30:00,184.61,186.14,196.5,189.08,3.92,229.24,341,,,,13.6,0.0,Cintas,S&P 500,US,0.27297248677248676
221,GLEN.L,595.6,541.65,508.25,17.2,63.5,triple_bottom_setup,2022-02-22 08:00:00,2022-05-12 07:00:00,2026-07-08 07:00:00,405.7,440.4,432.3,426.13,4.8,707.2,1099,,,,18.74,0.0,Glencore,STOXX 600,Europe,0.27183333333333337
222,KGF.L,315.5,302.78,307.43,2.6,50.1,triple_bottom_setup,2025-06-10 07:00:00,2026-03-27 08:00:00,2026-07-08 07:00:00,269.2,271.5,266.4,269.03,0.98,372.3,273,,,,18.0,0.0,Kingfisher plc,STOXX 600,Europe,0.2714111111111111
223,LH,332.66,300.45,272.95,21.9,66.6,triple_bottom_breakout,2025-02-12 14:30:00,2026-05-05 13:30:00,2026-07-14 13:30:00,240.42,248.59,262.11,250.37,4.69,293.72,354,2026-07-24 13:30:00,26.0,13.26,,1.44,Labcorp,S&P 500,US,0.2712529100529101
224,NEE,82.34,86.22,86.52,-4.8,33.2,triple_bottom_setup,2021-09-28 13:30:00,2024-10-09 13:30:00,2026-06-09 13:30:00,77.01,79.66,83.38,80.02,4.2,98.75,1178,,,,19.93,0.0,NextEra Energy,S&P 500,US,0.2709166666666667
225,CPT,105.8,111.58,105.82,-0.0,37.0,triple_bottom_setup,2025-05-23 13:30:00,2025-08-12 13:30:00,2026-06-22 13:30:00,111.9,103.38,107.97,107.75,4.06,119.0,269,,,,12.48,0.0,Camden Property Trust,S&P 500,US,0.2706820105820106
226,IRM,115.35,124.03,108.1,6.7,35.7,triple_bottom_setup,2024-09-06 13:30:00,2024-11-06 14:30:00,2026-07-08 13:30:00,107.59,112.11,114.33,111.34,3.37,134.68,458,,,,16.76,0.0,Iron Mountain,S&P 500,US,0.2703653439153439
227,IRT,16.18,16.7,16.26,-0.5,40.0,triple_bottom_setup,2025-07-15 13:30:00,2026-02-12 14:30:00,2026-07-22 13:30:00,17.05,15.83,16.28,16.39,4.05,18.18,256,,,,12.36,0.0,Independence Realty Trust,S&P MidCap 400,US,0.2701124338624339
228,AIG,76.36,77.8,76.78,-0.5,45.1,triple_bottom_setup,2025-04-07 13:30:00,2025-08-07 13:30:00,2026-06-03 13:30:00,76.09,75.26,72.15,74.5,3.15,87.46,290,,,,14.54,0.0,American International Group,S&P 500,US,0.26994312169312173
229,WM,218.92,228.31,223.84,-2.2,37.4,triple_bottom_setup,2025-07-02 13:30:00,2026-06-02 13:30:00,2026-08-04 13:30:00,222.15,210.12,222.16,218.14,3.68,248.13,273,,,,13.34,0.0,Waste Management,S&P 500,US,0.26974444444444445
230,ALW.L,1379.0,1352.31,1293.21,6.6,58.1,triple_bottom_breakout,2025-01-02 08:00:00,2026-04-30 07:00:00,2026-07-20 07:00:00,1218.0,1267.6,1310.0,1265.2,3.73,1356.0,390,2026-08-03 07:00:00,19.0,1.7,,0.84,Alliance Witan,STOXX 600,Europe,0.26944761904761905
231,AVNT,44.06,39.72,36.0,22.4,57.7,triple_bottom_setup,2024-02-05 14:30:00,2025-05-23 13:30:00,2026-07-29 13:30:00,35.58,35.14,35.57,35.43,0.82,54.68,621,,,,24.1,0.0,Avient,S&P MidCap 400,US,0.2690095238095238
232,FOX,60.22,52.83,56.82,6.0,61.0,triple_bottom_setup,2024-12-09 14:30:00,2025-03-13 13:30:00,2026-06-25 13:30:00,43.49,47.03,44.08,44.87,4.82,68.18,385,,,,13.21,0.0,Fox Corporation (Class B),S&P 500,US,0.2685425925925926
233,T,25.89,23.09,24.66,5.0,68.2,triple_bottom_setup,2024-12-19 14:30:00,2026-05-18 13:30:00,2026-08-05 13:30:00,22.41,23.85,22.55,22.94,3.98,29.79,405,,,,15.06,0.0,AT&T,S&P 500,US,0.2683714285714286
234,LLY,1156.73,1186.72,1057.56,9.4,42.8,triple_bottom_breakout,2024-09-30 13:30:00,2025-03-13 13:30:00,2026-04-29 13:30:00,858.81,795.38,850.51,834.9,4.73,1133.95,395,2026-06-08 13:30:00,58.0,2.01,,1.4,Lilly (Eli),S&P 500,US,0.2683304546677428
235,MDLZ,62.07,61.4,58.31,6.4,47.3,triple_bottom_setup,2025-01-13 14:30:00,2025-08-11 13:30:00,2026-06-30 13:30:00,55.97,60.26,57.78,58.0,3.89,71.15,366,,,,14.63,0.0,Mondelez International,S&P 500,US,0.26814603174603174
236,XYZ,82.02,79.71,68.39,19.9,52.4,triple_bottom_setup,2022-05-12 13:30:00,2023-06-26 13:30:00,2026-06-11 13:30:00,65.1,61.65,65.46,64.07,3.78,99.26,1023,,,,21.02,0.0,"Block, Inc.",S&P 500,US,0.26813333333333333
237,CNH,11.83,10.79,10.61,11.5,61.8,triple_bottom_setup,2023-11-13 14:30:00,2024-07-02 13:30:00,2026-06-24 13:30:00,9.77,9.42,9.97,9.72,3.09,14.27,653,,,,20.63,0.0,CNH Industrial,S&P MidCap 400,US,0.26810899470899474
238,AR,38.48,35.59,36.17,6.4,63.4,triple_bottom_setup,2022-08-05 13:30:00,2026-04-17 13:30:00,2026-07-10 13:30:00,34.96,35.31,32.58,34.28,4.97,45.75,984,,,,18.89,0.0,Antero Resources,S&P MidCap 400,US,0.26803333333333335
239,WSM,228.25,233.18,202.53,12.7,39.9,triple_bottom_breakout,2024-12-20 14:30:00,2026-03-12 13:30:00,2026-05-19 13:30:00,177.01,175.35,165.51,172.62,4.12,222.0,351,2026-06-12 13:30:00,54.0,2.82,,1.32,"Williams-Sonoma, Inc.",S&P 500,US,0.2678489177489177
240,LIN,489.58,504.17,477.58,2.5,48.3,triple_bottom_setup,2025-08-01 13:30:00,2026-06-01 13:30:00,2026-08-17 13:30:00,449.32,488.88,473.05,470.42,4.48,548.2,261,,,,11.97,0.0,Linde plc,S&P 500,US,0.2675738095238095
241,ICG.L,2022.0,1888.54,1844.0,9.7,58.1,triple_bottom_setup,2025-04-09 07:00:00,2026-02-04 08:00:00,2026-06-26 07:00:00,1539.0,1607.0,1604.0,1583.33,2.8,2340.0,305,,,,15.73,0.0,ICG,STOXX 600,Europe,0.267260582010582
242,WFC,86.39,85.96,84.05,2.8,51.8,triple_bottom_setup,2025-07-15 13:30:00,2025-11-21 14:30:00,2026-07-29 13:30:00,77.72,81.05,83.71,80.83,3.84,97.76,261,,,,13.16,0.0,Wells Fargo,S&P 500,US,0.26725714285714286
243,AYI,331.79,342.06,319.36,3.9,41.7,triple_bottom_setup,2025-02-03 14:30:00,2026-01-29 14:30:00,2026-07-21 13:30:00,302.7,306.57,323.51,310.93,4.05,380.17,366,,,,14.58,0.0,Acuity Brands,S&P MidCap 400,US,0.2661626984126984
244,TOL,143.45,151.15,143.88,-0.3,43.3,triple_bottom_setup,2024-10-29 13:30:00,2026-01-27 14:30:00,2026-07-23 13:30:00,137.83,141.72,145.28,141.61,2.67,169.52,432,,,,18.17,0.0,Toll Brothers,S&P MidCap 400,US,0.26567619047619045
245,VRTX,544.52,502.41,463.8,17.4,62.5,triple_bottom_breakout,2025-04-07 13:30:00,2026-04-07 13:30:00,2026-07-23 13:30:00,448.14,425.26,465.0,446.13,4.68,533.67,324,2026-08-19 13:30:00,8.0,2.03,,0.9,Vertex Pharmaceuticals,S&P 500,US,0.2651301587301587
246,PHM,126.32,129.35,124.76,1.2,45.6,triple_bottom_setup,2024-10-29 13:30:00,2026-03-30 13:30:00,2026-07-21 13:30:00,122.08,113.26,121.77,119.04,4.85,144.5,430,,,,14.39,0.0,PulteGroup,S&P 500,US,0.26421164021164023
247,WEX,190.58,172.1,157.14,21.3,53.0,triple_bottom_breakout,2025-06-02 13:30:00,2025-11-18 14:30:00,2026-06-18 13:30:00,128.91,133.65,125.29,129.28,3.38,186.86,263,2026-07-29 13:30:00,23.0,1.99,,1.11,WEX Inc.,S&P MidCap 400,US,0.26291587301587305
248,RRC,41.32,38.62,39.06,5.8,60.1,triple_bottom_setup,2024-04-16 13:30:00,2024-07-01 13:30:00,2026-06-24 13:30:00,34.19,32.95,35.93,34.36,4.58,48.31,548,,,,16.92,0.0,Range Resources,S&P MidCap 400,US,0.26278677248677246
249,LMP.L,189.0,191.78,192.09,-1.6,40.0,triple_bottom_setup,2025-05-14 07:00:00,2026-03-23 08:00:00,2026-07-08 07:00:00,187.0,175.3,184.0,182.1,3.73,216.2,291,,,,14.39,0.0,LondonMetric Property,STOXX 600,Europe,0.2626253968253968
250,BMY,66.81,61.82,56.88,17.5,59.3,triple_bottom_breakout,2025-02-18 14:30:00,2026-04-15 13:30:00,2026-06-18 13:30:00,53.54,57.22,53.44,54.73,4.54,63.33,335,2026-07-28 13:30:00,24.0,5.5,,1.27,Bristol Myers Squibb,S&P 500,US,0.2622238095238095
251,ORI,41.73,42.03,40.77,2.4,44.0,triple_bottom_setup,2025-06-09 13:30:00,2026-05-04 13:30:00,2026-07-23 13:30:00,36.24,38.31,39.85,38.13,4.97,46.76,281,,,,12.05,0.0,Old Republic International,S&P MidCap 400,US,0.26220264550264555
252,ALTR.LS,4.7,4.74,4.58,2.8,44.2,triple_bottom_setup,2025-06-23 08:00:00,2025-09-19 08:00:00,2026-07-20 08:00:00,4.83,4.82,4.57,4.74,3.55,5.39,274,,,,14.56,0.0,Altri,STOXX 600,Europe,0.2616600529100529
253,MAS,72.16,76.18,68.8,4.9,42.6,triple_bottom_setup,2024-11-19 14:30:00,2025-09-02 13:30:00,2026-07-30 13:30:00,75.8,71.53,70.93,72.75,4.19,83.64,422,,,,15.91,0.0,Masco,S&P 500,US,0.2603867724867725
254,SYF,77.08,76.44,74.43,3.6,46.4,triple_bottom_setup,2024-12-18 14:30:00,2025-08-01 13:30:00,2026-06-11 13:30:00,63.22,66.28,68.36,65.95,4.14,88.77,369,,,,15.17,0.0,Synchrony Financial,S&P 500,US,0.26029285714285716
255,WFRD,97.77,86.75,91.39,7.0,65.1,triple_bottom_setup,2024-09-26 13:30:00,2026-03-18 13:30:00,2026-07-21 13:30:00,83.06,83.53,77.7,81.43,4.58,113.15,453,,,,15.73,0.0,Weatherford International,S&P MidCap 400,US,0.2601373015873016
256,KHC,25.67,25.14,23.54,9.1,53.1,triple_bottom_setup,2025-06-27 13:30:00,2025-11-06 14:30:00,2026-08-12 13:30:00,25.44,23.7,24.1,24.41,4.21,29.19,282,,,,13.71,0.0,Kraft Heinz,S&P 500,US,0.25990158730158724
257,EXPD,189.65,176.23,157.2,20.6,65.8,triple_bottom_breakout,2024-01-09 14:30:00,2025-09-22 13:30:00,2026-02-12 14:30:00,122.31,118.84,129.59,123.58,4.86,167.19,525,2026-07-02 13:30:00,41.0,13.43,,0.78,Expeditors International,S&P 500,US,0.2598238095238095
258,FOXA,67.35,58.99,63.28,6.4,60.3,triple_bottom_setup,2025-03-13 13:30:00,2026-02-25 14:30:00,2026-06-25 13:30:00,50.93,53.03,48.34,50.77,4.78,76.39,322,,,,13.42,0.0,Fox Corporation (Class A),S&P 500,US,0.2590592592592592
259,SN,192.49,163.99,126.45,52.2,72.3,triple_bottom_breakout,2024-12-20 14:30:00,2026-03-20 13:30:00,2026-05-20 13:30:00,92.88,96.86,100.1,96.61,3.86,133.99,352,2026-06-11 13:30:00,55.0,43.66,,1.06,SharkNinja,S&P MidCap 400,US,0.25867301587301583
260,SPX.L,7110.0,6956.2,7059.06,0.7,51.4,triple_bottom_setup,2025-01-13 08:00:00,2026-06-16 07:00:00,2026-08-11 07:00:00,6375.0,6475.0,6830.0,6560.0,4.12,8245.0,399,,,,15.96,0.0,Spirax Group,STOXX 600,Europe,0.25797777777777775
261,VNOM,44.79,42.69,42.0,6.6,58.6,triple_bottom_setup,2025-03-10 13:30:00,2026-03-10 13:30:00,2026-08-07 13:30:00,39.38,42.98,40.75,41.04,4.74,51.13,355,,,,14.15,0.0,Viper Energy,S&P MidCap 400,US,0.2579410052910053
262,RJF,178.17,170.46,159.2,11.9,55.8,triple_bottom_breakout,2025-01-13 14:30:00,2026-01-02 14:30:00,2026-07-23 13:30:00,152.67,159.64,163.01,158.44,3.64,177.66,382,2026-08-03 13:30:00,20.0,0.29,,0.64,Raymond James Financial,S&P 500,US,0.2575968253968254
263,CBT,82.71,87.08,76.3,8.4,40.7,triple_bottom_setup,2025-06-20 13:30:00,2026-05-21 13:30:00,2026-08-04 13:30:00,72.71,76.09,78.58,75.79,4.07,94.53,281,,,,14.29,0.0,Cabot Corp,S&P MidCap 400,US,0.25703597883597884
264,AVY,174.11,169.03,171.91,1.3,47.5,triple_bottom_setup,2025-04-08 13:30:00,2025-08-01 13:30:00,2026-06-08 13:30:00,157.0,164.19,152.42,157.87,4.0,199.54,292,,,,14.61,0.0,Avery Dennison,S&P 500,US,0.2568743386243386
265,MET,95.17,93.14,80.63,18.0,49.8,triple_bottom_breakout,2025-02-21 14:30:00,2025-10-17 13:30:00,2026-06-24 13:30:00,80.64,77.72,84.18,80.85,4.12,89.62,335,2026-07-06 13:30:00,40.0,6.19,,1.13,MetLife,S&P 500,US,0.2566021293070073
266,HOG,27.6,26.19,22.74,21.4,54.9,triple_bottom_setup,2025-07-29 13:30:00,2026-05-21 13:30:00,2026-07-31 13:30:00,22.85,22.4,24.19,23.15,4.51,31.25,253,,,,13.22,0.0,Harley-Davidson,S&P MidCap 400,US,0.25564894179894176
267,CDP,36.0,36.92,32.13,12.0,37.0,triple_bottom_breakout,2024-09-11 13:30:00,2026-04-02 13:30:00,2026-06-04 13:30:00,28.81,30.35,30.93,30.03,4.06,34.22,433,2026-06-12 13:30:00,54.0,5.2,,0.78,COPT Defense Properties,S&P MidCap 400,US,0.255318759018759
268,APO,136.58,126.11,126.65,7.8,59.5,triple_bottom_setup,2025-03-10 13:30:00,2025-10-10 13:30:00,2026-06-29 13:30:00,123.39,118.14,114.03,118.52,4.11,157.28,327,,,,15.16,0.0,Apollo Global Management,S&P 500,US,0.25527063492063495
269,UBSG.SW,44.53,42.47,35.56,25.2,66.7,triple_bottom_breakout,2025-03-11 08:00:00,2025-11-24 08:00:00,2026-03-23 08:00:00,27.5,29.43,28.25,28.39,3.65,38.39,257,2026-06-12 07:00:00,55.0,15.99,,1.26,UBS Group AG,STOXX 600,Europe,0.2551349206349206
270,LEA,124.99,132.24,125.79,-0.6,45.0,triple_bottom_setup,2024-05-01 13:30:00,2026-05-19 13:30:00,2026-08-06 13:30:00,123.86,126.28,118.79,122.98,3.4,150.33,567,,,,20.27,0.0,Lear,S&P MidCap 400,US,0.25508333333333333
271,NESN.SW,78.62,81.9,77.58,1.3,40.5,triple_bottom_setup,2025-04-09 07:00:00,2025-10-31 08:00:00,2026-06-08 07:00:00,81.6,76.31,76.18,78.03,4.58,89.43,286,,,,13.75,0.0,Nestlé SA,STOXX 600,Europe,0.2545473544973545
272,UDR,36.95,38.68,36.51,1.2,39.0,triple_bottom_setup,2025-05-23 13:30:00,2026-06-02 13:30:00,2026-08-12 13:30:00,39.25,36.41,37.04,37.57,4.48,42.22,305,,,,14.26,0.0,"UDR, Inc.",S&P 500,US,0.254310582010582
273,JLL,365.87,345.05,325.77,12.3,49.8,triple_bottom_breakout,2024-11-20 14:30:00,2026-02-12 14:30:00,2026-05-15 13:30:00,254.05,259.83,276.03,263.3,4.83,363.06,370,2026-08-03 13:30:00,20.0,0.77,,1.05,Jones Lang LaSalle,S&P MidCap 400,US,0.2541936507936508
274,WAT,414.63,388.12,360.19,15.1,59.2,triple_bottom_breakout,2025-06-18 13:30:00,2026-05-20 13:30:00,2026-07-21 13:30:00,334.0,323.85,345.21,334.35,3.25,414.15,272,2026-08-11 13:30:00,14.0,0.12,,0.69,Waters Corporation,S&P 500,US,0.25396825396825395
275,GPN,91.05,82.59,75.01,21.4,56.8,triple_bottom_breakout,2025-04-21 13:30:00,2026-04-07 13:30:00,2026-06-11 13:30:00,65.93,62.45,61.16,63.18,4.35,90.64,287,2026-08-13 13:30:00,12.0,0.45,,0.95,Global Payments,S&P 500,US,0.25349145299145304
276,EDPR.LS,13.83,13.75,13.19,4.8,55.1,triple_bottom_setup,2024-02-29 09:00:00,2026-01-20 09:00:00,2026-06-17 08:00:00,12.05,12.28,13.1,12.48,5.0,16.3,584,,,,17.86,0.0,EDP Renováveis,STOXX 600,Europe,0.2534153439153439
277,M,21.96,23.89,21.28,3.2,35.6,triple_bottom_setup,2022-01-21 14:30:00,2022-04-07 13:30:00,2026-07-10 13:30:00,22.57,22.37,22.32,22.42,0.67,28.21,1119,,,,28.46,0.0,Macy's,S&P MidCap 400,US,0.25278333333333336
278,ASB,30.61,30.98,27.68,10.6,42.8,triple_bottom_breakout,2025-02-03 14:30:00,2026-01-02 14:30:00,2026-03-09 13:30:00,24.04,25.36,23.87,24.42,3.84,29.52,274,2026-06-12 13:30:00,54.0,3.69,,1.22,Associated Bank,S&P MidCap 400,US,0.2526155844155844
279,HAL,36.85,33.89,34.43,7.0,64.3,triple_bottom_setup,2024-07-10 13:30:00,2026-03-09 13:30:00,2026-07-30 13:30:00,32.6,33.49,30.98,32.36,4.25,43.59,515,,,,18.29,0.0,Halliburton,S&P 500,US,0.25195502645502643
280,NTNX,68.57,58.5,48.82,40.5,65.9,triple_bottom_setup,2024-01-05 14:30:00,2024-07-18 13:30:00,2026-06-18 13:30:00,44.5,46.93,44.84,45.42,3.32,83.36,614,,,,21.57,0.0,Nutanix,S&P MidCap 400,US,0.25166693121693123
281,AON,321.52,352.05,336.51,-4.5,31.5,triple_bottom_setup,2025-04-25 13:30:00,2025-10-29 13:30:00,2026-06-22 13:30:00,323.73,324.28,313.62,320.54,2.16,381.0,289,,,,18.5,0.0,Aon plc,S&P 500,US,0.25166084656084653
282,TT,444.4,472.03,442.8,0.4,37.6,triple_bottom_setup,2025-06-10 13:30:00,2026-03-30 13:30:00,2026-07-30 13:30:00,416.82,403.14,439.82,419.93,4.74,505.87,285,,,,13.83,0.0,Trane Technologies,S&P 500,US,0.2513484126984127
283,SGE.L,1092.0,934.02,929.54,17.5,64.2,triple_bottom_setup,2023-01-20 08:00:00,2026-03-26 08:00:00,2026-06-26 07:00:00,749.6,797.4,784.0,777.0,3.53,1349.0,866,,,,23.53,0.0,Sage Group,STOXX 600,Europe,0.25096666666666667
284,CME,285.5,254.77,274.98,3.8,71.2,triple_bottom_setup,2025-06-20 13:30:00,2026-06-02 13:30:00,2026-08-12 13:30:00,263.21,244.56,256.83,254.87,4.04,329.16,287,,,,15.29,0.0,CME Group,S&P 500,US,0.24994629629629633
285,BKNG,199.09,192.48,185.41,7.4,46.4,triple_bottom_setup,2025-04-09 13:30:00,2026-03-27 13:30:00,2026-07-09 13:30:00,163.85,161.21,170.31,165.12,3.14,233.58,312,,,,17.32,0.0,Booking Holdings,S&P 500,US,0.2498365079365079
286,VOYA,101.32,97.48,80.09,26.5,58.1,triple_bottom_breakout,2024-11-05 14:30:00,2026-01-02 14:30:00,2026-05-28 13:30:00,74.51,74.02,79.53,76.02,4.62,84.3,389,2026-06-05 13:30:00,59.0,20.19,,1.05,Voya Financial,S&P MidCap 400,US,0.24978253968253972
287,UMBF,141.63,144.82,126.67,11.8,40.0,triple_bottom_breakout,2025-01-10 14:30:00,2026-01-02 14:30:00,2026-03-19 13:30:00,105.99,113.61,107.12,108.91,4.32,136.11,297,2026-06-22 13:30:00,49.0,4.06,,1.24,UMB Financial Corp.,S&P MidCap 400,US,0.24941746031746032
288,SEIC,110.98,100.48,87.68,26.6,76.1,triple_bottom_breakout,2025-06-12 13:30:00,2026-01-02 14:30:00,2026-06-29 13:30:00,82.43,81.63,85.94,83.33,3.13,93.96,261,2026-07-06 13:30:00,40.0,18.11,,0.9,SEI Investments Company,S&P MidCap 400,US,0.2489418118466899
289,GMED,81.37,81.15,85.99,-5.4,45.2,triple_bottom_setup,2021-10-18 13:30:00,2023-01-19 14:30:00,2026-06-17 13:30:00,74.33,71.08,74.67,73.36,3.11,101.4,1170,,,,24.62,0.0,Globus Medical,S&P MidCap 400,US,0.24818333333333334
290,ADM.L,4024.0,3717.68,3283.92,22.5,62.1,triple_bottom_breakout,2025-07-10 07:00:00,2025-10-16 07:00:00,2026-07-17 07:00:00,3218.0,3192.0,3428.0,3279.33,4.53,3730.0,258,2026-07-28 07:00:00,23.0,7.88,,1.25,Admiral Group,STOXX 600,Europe,0.2467015873015873
291,PII,64.54,68.72,64.31,0.4,40.2,triple_bottom_setup,2024-10-24 13:30:00,2026-01-27 14:30:00,2026-06-08 13:30:00,68.59,62.58,65.56,65.58,4.6,75.25,404,,,,16.59,0.0,Polaris,S&P MidCap 400,US,0.24618915343915343
292,AGCO,118.31,110.79,114.06,3.7,66.7,triple_bottom_setup,2023-03-17 13:30:00,2023-06-01 13:30:00,2026-06-11 13:30:00,117.22,109.81,108.01,111.68,4.96,143.78,811,,,,21.53,0.0,AGCO,S&P MidCap 400,US,0.24618333333333334
293,ENTG,135.29,145.12,124.95,8.3,44.2,triple_bottom_setup,2022-01-27 14:30:00,2022-04-11 13:30:00,2026-07-29 13:30:00,107.41,106.92,106.91,107.08,0.31,186.94,1128,,,,38.18,0.0,Entegris,S&P MidCap 400,US,0.24534999999999998
294,EXC,43.72,46.03,45.54,-4.0,36.0,triple_bottom_setup,2025-03-12 13:30:00,2026-03-20 13:30:00,2026-06-04 13:30:00,42.55,46.18,44.15,44.29,4.26,50.65,309,,,,15.85,0.0,Exelon,S&P 500,US,0.24488968253968255
295,PG,145.12,146.45,145.78,-0.5,49.8,triple_bottom_setup,2025-07-15 13:30:00,2025-10-13 13:30:00,2026-07-29 13:30:00,151.9,146.97,140.2,146.36,4.21,167.25,261,,,,15.25,0.0,Procter & Gamble,S&P 500,US,0.24429047619047617
296,ELV,392.54,394.89,355.73,10.3,48.0,triple_bottom_setup,2024-10-17 13:30:00,2024-12-19 14:30:00,2026-06-24 13:30:00,397.98,362.21,381.24,380.48,4.8,458.75,420,,,,16.87,0.0,Elevance Health,S&P 500,US,0.24297222222222223
297,HON,213.53,231.22,227.86,-6.3,34.9,triple_bottom_setup,2021-10-01 13:30:00,2021-12-01 14:30:00,2026-06-10 13:30:00,209.2,196.88,215.54,207.21,4.98,260.28,1176,,,,21.9,0.0,Honeywell Technologies,S&P 500,US,0.2428
298,CPG.L,30.65,31.85,30.58,0.2,42.2,triple_bottom_setup,2025-04-08 07:00:00,2025-12-03 08:00:00,2026-07-23 07:00:00,30.16,30.72,29.71,30.2,1.73,37.07,325,,,,20.93,0.0,Compass Group,STOXX 600,Europe,0.24262275132275132
299,KRC,36.3,37.98,34.82,4.3,41.5,triple_bottom_setup,2022-10-13 13:30:00,2023-01-05 14:30:00,2026-07-28 13:30:00,38.91,37.15,36.4,37.49,3.8,45.03,948,,,,24.05,0.0,Kilroy Realty Corp,S&P MidCap 400,US,0.24258333333333335
300,TSLA,367.95,359.82,400.57,-8.1,58.7,triple_bottom_setup,2021-12-21 14:30:00,2025-08-01 13:30:00,2026-07-29 13:30:00,295.37,297.82,297.38,296.86,0.5,498.83,1153,,,,35.57,0.0,"Tesla, Inc.",S&P 500,US,0.2425
301,AAL,13.43,15.56,13.92,-3.6,36.0,triple_bottom_setup,2022-07-28 13:30:00,2022-11-03 13:30:00,2026-07-23 13:30:00,13.29,13.2,13.31,13.27,0.5,19.1,999,,,,42.22,0.0,American Airlines Group,S&P MidCap 400,US,0.2425
302,RMD,240.1,211.88,227.5,5.5,69.2,triple_bottom_setup,2022-06-16 13:30:00,2022-10-13 13:30:00,2026-07-23 13:30:00,194.3,206.3,190.21,196.94,4.75,293.81,1027,,,,22.37,0.0,ResMed|,S&P 500,US,0.24233333333333332
303,GD,371.35,375.55,351.66,5.6,38.9,triple_bottom_breakout,2024-10-31 13:30:00,2025-09-09 13:30:00,2026-04-28 13:30:00,291.31,318.81,306.77,305.63,4.69,369.7,371,2026-07-02 13:30:00,40.0,0.45,,0.94,General Dynamics,S&P 500,US,0.24178943089430893
304,AXP,330.17,342.38,336.53,-1.9,40.6,triple_bottom_setup,2025-05-23 13:30:00,2026-03-20 13:30:00,2026-06-03 13:30:00,281.46,290.97,300.03,290.82,3.22,387.49,257,,,,17.36,0.0,American Express,S&P 500,US,0.2410280423280423
305,HPQ,30.02,26.52,22.37,34.2,56.8,triple_bottom_breakout,2025-06-23 13:30:00,2025-11-20 14:30:00,2026-07-02 13:30:00,23.45,22.27,21.67,22.46,4.39,29.65,258,2026-08-07 13:30:00,16.0,1.25,,0.97,HP Inc.,S&P 500,US,0.24080877684407098
306,BRKR,58.01,58.7,47.64,21.8,50.3,triple_bottom_setup,2022-09-27 13:30:00,2024-11-19 14:30:00,2026-08-05 13:30:00,48.42,48.07,48.63,48.37,0.63,94.86,966,,,,63.52,0.0,Bruker,S&P MidCap 400,US,0.24055
307,BC,75.9,80.44,77.67,-2.3,35.3,triple_bottom_setup,2024-04-25 13:30:00,2024-08-05 13:30:00,2026-06-11 13:30:00,79.09,73.09,78.31,76.83,4.87,90.25,533,,,,18.91,0.0,Brunswick,S&P MidCap 400,US,0.23986931216931218
308,ASH,73.33,69.79,60.32,21.6,55.0,triple_bottom_breakout,2025-02-03 14:30:00,2026-02-03 14:30:00,2026-06-29 13:30:00,60.6,57.87,62.11,60.19,3.86,68.26,351,2026-07-15 13:30:00,33.0,7.43,,0.64,Ashland Global,S&P MidCap 400,US,0.23976311858076566
309,JD.L,86.7,87.72,80.67,7.5,46.7,triple_bottom_setup,2025-01-23 08:00:00,2025-07-17 07:00:00,2026-07-09 07:00:00,80.2,82.14,80.56,80.97,1.45,106.18,368,,,,22.47,0.0,JD Sports,STOXX 600,Europe,0.23967724867724868
310,NOVT,146.22,151.93,136.81,6.9,45.5,triple_bottom_setup,2025-01-13 14:30:00,2026-02-05 14:30:00,2026-07-29 13:30:00,143.18,132.51,135.9,137.2,4.36,171.85,386,,,,17.53,0.0,Novanta,S&P MidCap 400,US,0.23957486772486772
311,OC,138.15,144.56,123.12,12.2,36.7,triple_bottom_setup,2025-04-09 13:30:00,2025-10-14 13:30:00,2026-06-10 13:30:00,123.41,123.23,114.68,120.44,4.78,159.42,293,,,,15.4,0.0,Owens Corning,S&P MidCap 400,US,0.23872328042328045
312,CVNA,73.46,68.05,72.8,0.9,55.2,triple_bottom_setup,2021-10-06 13:30:00,2025-06-16 13:30:00,2026-07-30 13:30:00,56.0,56.73,56.12,56.28,0.8,97.38,1207,,,,32.56,0.0,Carvana,S&P 500,US,0.23800000000000002
313,LAND.L,686.5,684.22,631.39,8.7,45.7,triple_bottom_breakout,2025-06-17 07:00:00,2025-12-15 08:00:00,2026-06-22 07:00:00,611.5,578.5,612.75,600.92,3.73,679.5,256,2026-07-16 07:00:00,31.0,1.03,,0.87,Land Securities,STOXX 600,Europe,0.23702698412698414
314,LDOS,140.21,119.84,153.89,-8.9,61.4,triple_bottom_setup,2022-05-20 13:30:00,2022-08-11 13:30:00,2026-06-30 13:30:00,98.88,97.59,98.86,98.44,0.87,205.77,1029,,,,46.76,0.0,Leidos,S&P 500,US,0.23695
315,SAIC,128.22,118.27,102.69,24.9,60.3,triple_bottom_breakout,2025-06-02 13:30:00,2026-04-10 13:30:00,2026-06-22 13:30:00,98.04,91.35,98.34,95.91,4.75,123.41,264,2026-08-06 13:30:00,17.0,3.9,,1.0,Science Applications Intl Corp,S&P MidCap 400,US,0.23515873015873018
316,MUR,36.42,35.36,34.62,5.2,52.5,triple_bottom_setup,2024-09-11 13:30:00,2026-05-27 13:30:00,2026-08-07 13:30:00,33.15,35.19,32.54,33.63,4.65,43.34,477,,,,19.0,0.0,Murphy Oil,S&P MidCap 400,US,0.23501190476190476
317,ALL,257.8,253.51,219.3,17.6,49.9,triple_bottom_breakout,2025-02-11 14:30:00,2026-01-22 14:30:00,2026-06-01 13:30:00,184.74,191.13,202.21,192.69,4.94,227.62,326,2026-06-23 13:30:00,47.0,13.26,,1.09,Allstate,S&P 500,US,0.23477142857142858
318,BA.L,2044.0,2013.62,1986.3,2.9,40.8,triple_bottom_setup,2025-05-12 07:00:00,2025-08-20 07:00:00,2026-06-15 07:00:00,1621.5,1675.0,1529.0,1608.5,4.94,2360.0,276,,,,15.46,0.0,BAE Systems,STOXX 600,Europe,0.23357460317460318
319,GSK.L,1853.5,1930.57,1947.49,-4.8,41.4,triple_bottom_setup,2022-06-17 07:00:00,2025-12-10 08:00:00,2026-07-21 07:00:00,1678.26,1769.5,1850.5,1766.09,4.97,2282.0,1033,,,,23.12,0.0,GSK plc,STOXX 600,Europe,0.23278333333333331
320,MIDD,110.84,129.13,120.35,-7.9,29.9,triple_bottom_setup,2022-03-07 14:30:00,2025-02-12 14:30:00,2026-07-21 13:30:00,130.94,129.27,128.09,129.43,1.17,148.55,1096,,,,34.02,0.0,Middleby,S&P MidCap 400,US,0.23245
321,UHS,170.33,160.7,187.16,-9.0,51.9,triple_bottom_setup,2022-04-05 13:30:00,2023-01-27 14:30:00,2026-06-08 13:30:00,138.19,141.36,140.08,139.88,1.21,246.33,1046,,,,44.62,0.0,Universal Health Services,S&P 500,US,0.23185
322,PEP,140.34,139.78,147.17,-4.6,49.2,triple_bottom_setup,2025-01-10 14:30:00,2025-03-21 13:30:00,2026-06-08 13:30:00,141.51,144.75,139.26,141.84,2.05,171.48,352,,,,22.19,0.0,PepsiCo,S&P 500,US,0.23089417989417987
323,CMS,68.06,72.65,72.62,-6.3,34.1,triple_bottom_setup,2025-03-12 13:30:00,2026-03-20 13:30:00,2026-06-04 13:30:00,70.94,74.19,68.84,71.32,4.02,80.36,309,,,,18.07,0.0,CMS Energy,S&P 500,US,0.22998968253968252
324,ELF,109.05,84.25,75.38,44.7,72.7,triple_bottom_setup,2023-01-12 14:30:00,2025-04-16 13:30:00,2026-06-05 13:30:00,48.1,49.4,48.82,48.77,1.38,221.83,851,,,,103.42,0.0,e.l.f. Beauty,S&P MidCap 400,US,0.2293
325,IBS.LS,10.36,9.69,10.07,2.9,67.8,triple_bottom_setup,2025-05-16 08:00:00,2025-07-31 08:00:00,2026-07-16 08:00:00,8.98,9.24,8.84,9.02,2.44,12.52,298,,,,20.85,0.0,Ibersol,STOXX 600,Europe,0.2290679894179894
326,LYV,179.89,180.92,159.43,12.8,46.6,triple_bottom_breakout,2025-01-13 14:30:00,2025-05-29 13:30:00,2026-02-05 14:30:00,127.08,134.74,136.42,132.75,4.27,175.25,267,2026-06-15 13:30:00,52.0,2.65,,0.97,Live Nation Entertainment,S&P 500,US,0.22901224917640015
327,EL,102.3,86.75,91.33,12.0,67.9,triple_bottom_setup,2024-09-11 13:30:00,2025-09-25 13:30:00,2026-06-30 13:30:00,82.39,83.12,76.83,80.78,4.89,121.64,450,,,,18.91,0.0,Estée Lauder Companies (The),S&P 500,US,0.2285904761904762
328,UPS,104.23,106.69,101.57,2.6,48.4,triple_bottom_setup,2025-05-23 13:30:00,2026-01-02 14:30:00,2026-06-10 13:30:00,95.23,98.41,102.83,98.82,4.05,122.41,262,,,,17.44,0.0,United Parcel Service,S&P 500,US,0.22857275132275132
329,ULTA,537.1,499.07,555.74,-3.4,55.7,triple_bottom_setup,2022-12-20 14:30:00,2023-08-04 13:30:00,2026-06-30 13:30:00,436.15,432.26,443.6,437.34,1.43,714.97,882,,,,33.12,0.0,Ulta Beauty,S&P 500,US,0.22855
330,LVS,43.81,46.23,54.13,-19.1,36.2,triple_bottom_setup,2023-10-05 13:30:00,2023-12-08 14:30:00,2026-07-23 13:30:00,43.77,44.6,44.21,44.19,0.96,70.45,700,,,,60.81,0.0,Las Vegas Sands,S&P 500,US,0.2281925925925926
331,TRU,84.91,78.21,76.3,11.3,61.0,triple_bottom_setup,2025-04-07 13:30:00,2025-10-02 13:30:00,2026-07-23 13:30:00,66.38,70.2,72.79,69.79,4.89,99.39,324,,,,17.05,0.0,TransUnion,S&P MidCap 400,US,0.22742380952380953
332,POST,83.36,86.33,96.91,-14.0,49.2,triple_bottom_setup,2022-08-29 13:30:00,2022-11-11 14:30:00,2026-06-04 13:30:00,86.09,84.51,86.85,85.82,1.52,125.84,944,,,,50.96,0.0,Post Holdings,S&P MidCap 400,US,0.22719999999999999
333,CHE,518.71,509.69,445.05,16.6,45.1,triple_bottom_setup,2021-10-12 13:30:00,2026-02-26 14:30:00,2026-06-15 13:30:00,403.0,385.0,411.02,399.67,3.67,654.62,1172,,,,26.2,0.0,Chemed Corp.,S&P MidCap 400,US,0.22661666666666666
334,FAF,73.92,72.12,66.02,12.0,53.8,triple_bottom_breakout,2025-03-11 13:30:00,2026-01-12 14:30:00,2026-06-03 13:30:00,61.64,58.5,63.97,61.37,4.68,71.47,309,2026-07-16 13:30:00,32.0,3.43,,0.84,First American Financial Corporation,S&P MidCap 400,US,0.22649740259740261
335,BAC,61.94,61.12,54.3,14.1,48.6,triple_bottom_breakout,2025-02-03 14:30:00,2025-10-14 13:30:00,2026-03-19 13:30:00,45.11,48.53,46.12,46.59,4.17,57.55,282,2026-06-23 13:30:00,47.0,7.63,,0.82,Bank of America,S&P 500,US,0.22644126984126983
336,WRB,67.56,71.09,68.8,-1.8,35.5,triple_bottom_setup,2025-06-11 13:30:00,2026-04-21 13:30:00,2026-07-16 13:30:00,71.09,65.08,68.56,68.24,4.64,78.96,274,,,,16.87,0.0,W. R. Berkley Corporation,S&P 500,US,0.2260600529100529
337,BLDR,66.4,74.59,90.91,-27.0,39.8,triple_bottom_setup,2022-12-28 14:30:00,2026-05-20 13:30:00,2026-07-31 13:30:00,63.52,65.1,65.1,64.57,1.63,214.7,899,,,,223.34,0.0,Builders FirstSource,S&P 500,US,0.22555
338,DPZ,342.06,328.46,363.44,-5.9,50.7,triple_bottom_setup,2023-02-27 14:30:00,2023-05-31 13:30:00,2026-06-23 13:30:00,291.0,285.84,282.0,286.28,1.65,542.75,832,,,,58.67,0.0,Domino's,S&P 500,US,0.22525
339,COLM,57.4,60.73,58.44,-1.8,43.1,triple_bottom_setup,2025-06-23 13:30:00,2026-05-20 13:30:00,2026-08-12 13:30:00,58.89,57.12,55.7,57.24,2.89,69.06,286,,,,20.31,0.0,Columbia Sportswear,S&P MidCap 400,US,0.22523068783068784
340,TXT,80.56,88.5,90.06,-10.5,33.2,triple_bottom_setup,2024-02-21 14:30:00,2024-04-25 13:30:00,2026-06-22 13:30:00,84.0,82.02,85.94,83.99,2.34,101.57,584,,,,26.08,0.0,Textron,S&P 500,US,0.2248153439153439
341,CDNS,338.78,347.47,327.33,3.5,52.8,triple_bottom_setup,2024-03-15 13:30:00,2024-07-01 13:30:00,2026-07-17 13:30:00,298.11,304.12,320.07,307.43,4.11,416.69,585,,,,23.0,0.0,Cadence Design Systems,S&P 500,US,0.22406428571428572
342,REXR,37.04,36.12,36.39,1.8,51.9,triple_bottom_setup,2024-12-20 14:30:00,2025-03-13 13:30:00,2026-08-17 13:30:00,37.67,38.58,35.68,37.31,4.37,44.38,412,,,,19.82,0.0,Rexford Industrial Realty,S&P MidCap 400,US,0.22378068783068783
343,TREX,45.58,46.65,40.89,11.5,43.7,triple_bottom_setup,2022-12-22 14:30:00,2026-01-30 14:30:00,2026-07-23 13:30:00,40.69,40.56,41.7,40.98,1.75,101.91,896,,,,123.58,0.0,Trex,S&P MidCap 400,US,0.22375
344,CBRE,145.81,143.37,147.34,-1.0,46.9,triple_bottom_setup,2024-10-07 13:30:00,2024-12-19 14:30:00,2026-06-22 13:30:00,118.24,125.38,128.55,124.06,4.69,174.27,426,,,,19.52,0.0,CBRE Group,S&P 500,US,0.22333253968253966
345,PAG,216.59,203.99,170.35,27.1,57.2,triple_bottom_breakout,2025-04-30 13:30:00,2026-03-20 13:30:00,2026-05-20 13:30:00,148.14,140.12,154.12,147.46,4.98,189.51,265,2026-07-09 13:30:00,37.0,14.29,,1.07,Penske Automotive Group,S&P MidCap 400,US,0.2229501253132832
346,FERG,224.51,236.05,238.14,-5.7,36.7,triple_bottom_setup,2025-07-16 13:30:00,2026-05-19 13:30:00,2026-07-29 13:30:00,214.61,214.44,222.48,217.18,2.44,271.64,260,,,,20.99,0.0,Ferguson Enterprises,S&P 500,US,0.22287486772486773
347,MCD,263.54,270.6,294.9,-10.6,42.2,triple_bottom_setup,2022-11-15 14:30:00,2023-01-24 14:30:00,2026-06-04 13:30:00,266.34,261.22,271.85,266.47,2.02,341.75,889,,,,29.68,0.0,McDonald's,S&P 500,US,0.22236666666666668
348,LOW,204.7,214.08,234.63,-12.8,38.1,triple_bottom_setup,2021-10-04 13:30:00,2022-02-24 14:30:00,2026-07-23 13:30:00,201.58,206.24,199.4,202.41,1.89,293.06,1204,,,,43.17,0.0,Lowe's,S&P 500,US,0.22164999999999999
349,COF,214.51,209.66,205.95,4.2,49.5,triple_bottom_setup,2024-12-18 14:30:00,2025-05-23 13:30:00,2026-06-11 13:30:00,173.96,183.38,174.24,177.19,3.49,259.64,369,,,,21.04,0.0,Capital One,S&P 500,US,0.22112619047619048
350,APPF,234.21,186.2,188.2,24.4,73.9,triple_bottom_setup,2023-05-31 13:30:00,2026-04-10 13:30:00,2026-06-22 13:30:00,138.49,142.73,142.56,141.26,1.96,326.04,766,,,,39.21,0.0,AppFolio,S&P MidCap 400,US,0.22060000000000002
351,DOV,194.23,209.67,208.74,-7.0,33.6,triple_bottom_setup,2024-10-09 13:30:00,2025-01-10 14:30:00,2026-07-23 13:30:00,185.0,182.75,193.75,187.17,3.52,237.54,446,,,,22.3,0.0,Dover Corporation,S&P 500,US,0.22036137566137565
352,MTN,136.91,146.24,135.18,1.3,36.1,triple_bottom_setup,2025-08-11 13:30:00,2025-10-15 13:30:00,2026-08-13 13:30:00,146.68,144.71,140.07,143.82,2.61,165.5,253,,,,20.88,0.0,Vail Resorts,S&P MidCap 400,US,0.2203156084656085
353,CHWY,23.8,21.79,26.02,-8.5,56.7,triple_bottom_setup,2022-05-24 13:30:00,2026-03-24 13:30:00,2026-08-13 13:30:00,22.22,22.74,21.92,22.29,2.0,52.88,1058,,,,122.18,0.0,Chewy,S&P MidCap 400,US,0.22
354,VMC,269.58,285.58,287.75,-6.3,40.7,triple_bottom_setup,2024-04-25 13:30:00,2025-01-13 14:30:00,2026-07-31 13:30:00,250.77,249.36,266.68,255.6,4.33,331.09,567,,,,22.82,0.0,Vulcan Materials Company,S&P 500,US,0.21988333333333332
355,OTIS,71.13,72.14,79.44,-10.5,45.7,triple_bottom_setup,2022-02-24 14:30:00,2022-05-19 13:30:00,2026-07-01 13:30:00,73.1,71.21,70.61,71.64,2.04,106.83,1090,,,,50.19,0.0,Otis Worldwide,S&P 500,US,0.2194
356,KD,13.45,12.55,16.41,-18.0,55.9,triple_bottom_setup,2022-12-29 14:30:00,2026-02-09 14:30:00,2026-06-22 13:30:00,10.49,10.1,10.36,10.32,2.1,44.2,870,,,,228.62,0.0,Kyndryl,S&P MidCap 400,US,0.2185
357,PGR,218.08,216.98,208.23,4.7,53.1,triple_bottom_setup,2024-04-11 13:30:00,2024-06-12 13:30:00,2026-07-16 13:30:00,202.09,201.34,203.08,202.17,0.45,292.99,566,,,,34.35,0.0,Progressive Corporation,S&P 500,US,0.21811772486772485
358,BR,182.38,157.81,176.6,3.3,66.3,triple_bottom_setup,2022-02-24 14:30:00,2022-05-12 13:30:00,2026-06-22 13:30:00,137.58,132.68,133.83,134.7,2.14,271.91,1083,,,,49.09,0.0,Broadridge Financial Solutions,S&P 500,US,0.2179
359,MP,54.75,51.67,57.73,-5.2,50.8,triple_bottom_setup,2021-12-06 14:30:00,2022-03-04 14:30:00,2026-07-29 13:30:00,38.95,37.64,37.81,38.13,2.14,100.25,1164,,,,83.11,0.0,MP Materials,S&P MidCap 400,US,0.2179
360,BF-B,26.57,27.27,26.97,-1.5,40.2,triple_bottom_setup,2025-06-17 13:30:00,2025-10-15 13:30:00,2026-07-14 13:30:00,25.53,26.5,24.9,25.64,3.34,31.92,268,,,,20.14,0.0,Brown–Forman,S&P 500,US,0.2175164021164021
361,VAL,86.37,79.78,79.15,9.1,57.4,triple_bottom_setup,2023-02-02 14:30:00,2023-08-08 13:30:00,2026-07-01 13:30:00,68.82,69.52,71.47,69.94,2.19,114.12,854,,,,32.13,0.0,Valaris,S&P MidCap 400,US,0.21715
362,ABT,110.36,102.18,105.64,4.5,53.8,triple_bottom_setup,2022-10-21 13:30:00,2023-10-12 13:30:00,2026-07-15 13:30:00,93.25,89.67,87.64,90.19,3.4,141.23,933,,,,27.97,0.0,Abbott Laboratories,S&P 500,US,0.21591666666666667
363,GLPI,42.07,44.0,44.57,-5.6,39.2,triple_bottom_setup,2025-07-31 13:30:00,2026-04-02 13:30:00,2026-08-17 13:30:00,45.3,43.64,41.73,43.56,4.19,49.95,262,,,,18.73,0.0,Gaming and Leisure Properties,S&P MidCap 400,US,0.21572275132275132
364,ISRG,376.86,384.3,468.59,-19.6,48.2,triple_bottom_setup,2021-10-04 13:30:00,2021-12-03 14:30:00,2026-07-23 13:30:00,321.05,313.69,328.57,321.1,2.32,616.0,1204,,,,63.46,0.0,Intuitive Surgical,S&P 500,US,0.2152
365,LSTR,180.63,194.36,169.85,6.3,43.6,triple_bottom_setup,2021-10-11 13:30:00,2023-01-05 14:30:00,2026-07-30 13:30:00,154.03,160.05,167.58,160.55,4.38,228.46,1204,,,,26.48,0.0,Landstar System,S&P MidCap 400,US,0.21363333333333334
366,TTEK,36.14,32.82,32.82,10.1,60.0,triple_bottom_setup,2025-03-03 14:30:00,2025-05-07 13:30:00,2026-07-24 13:30:00,28.17,30.19,30.41,29.59,4.8,43.14,350,,,,19.37,0.0,Tetra Tech,S&P MidCap 400,US,0.2128796296296296
367,DSV.CO,1373.0,1493.54,1572.82,-12.7,41.8,triple_bottom_setup,2021-10-11 07:00:00,2024-11-14 08:00:00,2026-06-18 07:00:00,1441.0,1451.5,1501.0,1464.5,2.49,1913.5,1170,,,,39.37,0.0,DSV,STOXX 600,Europe,0.21265
368,SMCI,37.28,31.34,31.33,19.0,57.3,triple_bottom_setup,2023-08-18 13:30:00,2023-10-31 13:30:00,2026-07-17 13:30:00,23.51,22.66,23.38,23.18,2.27,122.9,729,,,,229.67,0.0,Supermicro,S&P 500,US,0.21237857142857142
369,PNR,60.46,68.06,86.07,-29.8,34.0,triple_bottom_setup,2023-06-01 13:30:00,2023-10-25 13:30:00,2026-07-15 13:30:00,55.26,57.18,57.6,56.68,2.51,113.95,781,,,,88.47,0.0,Pentair,S&P 500,US,0.21234999999999998
370,AMH,33.3,33.76,31.28,6.5,42.2,triple_bottom_setup,2025-04-09 13:30:00,2025-08-12 13:30:00,2026-06-22 13:30:00,31.68,33.96,31.47,32.37,4.91,39.49,300,,,,18.59,0.0,American Homes 4 Rent,S&P MidCap 400,US,0.211115873015873
371,WING,109.48,136.37,191.8,-42.9,38.1,triple_bottom_setup,2022-10-14 13:30:00,2026-05-14 13:30:00,2026-08-11 13:30:00,113.2,116.35,110.44,113.33,2.66,433.86,957,,,,296.29,0.0,Wingstop,S&P MidCap 400,US,0.2101
372,TSN,55.14,57.89,59.93,-8.0,35.9,triple_bottom_setup,2022-12-22 14:30:00,2023-03-23 13:30:00,2026-06-18 13:30:00,59.38,55.81,54.63,56.61,4.9,69.48,873,,,,26.01,0.0,Tyson Foods,S&P 500,US,0.20975
373,CPRT,32.99,29.83,34.62,-4.7,62.4,triple_bottom_setup,2022-06-16 13:30:00,2022-10-13 13:30:00,2026-07-23 13:30:00,25.55,26.44,26.81,26.27,2.73,64.38,1027,,,,95.15,0.0,Copart,S&P 500,US,0.20905
374,TYL,372.22,317.8,359.42,3.6,68.6,triple_bottom_setup,2022-11-07 14:30:00,2026-02-12 14:30:00,2026-06-22 13:30:00,281.11,283.72,270.71,278.51,2.8,661.31,906,,,,77.67,0.0,Tyler Technologies,S&P 500,US,0.20800000000000002
375,WY,23.37,24.28,24.01,-2.7,38.3,triple_bottom_setup,2025-07-01 13:30:00,2026-01-30 14:30:00,2026-07-30 13:30:00,25.16,24.65,23.16,24.32,4.78,27.75,271,,,,18.74,0.0,Weyerhaeuser,S&P 500,US,0.2079798941798942
376,GXO,47.73,49.9,53.0,-9.9,46.8,triple_bottom_setup,2023-10-26 13:30:00,2024-03-05 14:30:00,2026-06-10 13:30:00,49.35,48.12,47.71,48.39,1.98,66.85,656,,,,40.06,0.0,GXO Logistics,S&P MidCap 400,US,0.2070724867724868
377,PNFP,99.97,101.8,95.54,4.6,40.1,triple_bottom_setup,2025-03-11 13:30:00,2026-01-02 14:30:00,2026-06-11 13:30:00,98.03,92.16,91.74,93.98,4.31,120.46,315,,,,20.5,0.0,Pinnacle Financial Partners,S&P MidCap 400,US,0.20618333333333333
378,ODFL,199.96,217.22,195.24,2.4,36.8,triple_bottom_setup,2023-08-18 13:30:00,2026-05-12 13:30:00,2026-07-30 13:30:00,194.12,186.89,205.16,195.39,5.0,252.03,738,,,,26.04,0.0,Old Dominion,S&P 500,US,0.20561904761904762
379,LGEN.L,293.4,295.31,267.75,9.6,47.3,triple_bottom_breakout,2025-03-13 08:00:00,2026-01-23 08:00:00,2026-05-12 07:00:00,237.9,256.8,243.3,246.0,4.39,279.5,292,2026-06-12 07:00:00,55.0,4.97,,0.51,Legal & General,STOXX 600,Europe,0.20561269841269844
380,LEN,84.11,86.18,98.33,-14.5,44.9,triple_bottom_setup,2022-02-24 14:30:00,2026-05-19 13:30:00,2026-07-23 13:30:00,76.98,81.18,79.83,79.33,2.96,187.61,1105,,,,123.05,0.0,Lennar,S&P 500,US,0.2056
381,PPG,112.17,116.01,109.83,2.1,44.0,triple_bottom_setup,2025-06-13 13:30:00,2026-05-19 13:30:00,2026-07-31 13:30:00,106.08,100.0,109.54,105.21,4.95,133.43,283,,,,18.95,0.0,PPG Industries,S&P 500,US,0.20526719576719576
382,F,13.94,13.99,13.2,5.6,48.1,triple_bottom_setup,2022-04-07 13:30:00,2026-02-11 14:30:00,2026-08-06 13:30:00,14.56,13.52,13.75,13.94,4.42,17.78,1085,,,,27.55,0.0,Ford Motor Company,S&P 500,US,0.20411666666666667
383,XYL,110.11,117.58,124.03,-11.2,35.2,triple_bottom_setup,2021-12-20 14:30:00,2022-11-30 14:30:00,2026-06-11 13:30:00,112.64,108.63,106.54,109.27,3.08,154.27,1122,,,,40.11,0.0,Xylem Inc.,S&P 500,US,0.20379999999999998
384,ZEAL.CO,312.9,304.73,360.31,-13.2,49.0,triple_bottom_setup,2023-06-08 07:00:00,2026-03-09 08:00:00,2026-06-08 07:00:00,246.4,233.5,237.5,239.13,3.04,972.0,747,,,,210.64,0.0,Zealand Pharma,STOXX 600,Europe,0.2032095238095238
385,MRSH,189.8,181.93,176.23,7.7,53.4,triple_bottom_setup,2023-05-31 13:30:00,2026-04-10 13:30:00,2026-07-23 13:30:00,171.47,165.06,174.59,170.37,3.12,248.0,788,,,,30.66,0.0,Marsh McLennan,S&P 500,US,0.2032
386,TRMB,59.94,55.05,65.28,-8.2,57.2,triple_bottom_setup,2022-10-13 13:30:00,2022-12-22 14:30:00,2026-06-18 13:30:00,49.99,47.52,47.92,48.48,3.12,87.5,922,,,,45.98,0.0,Trimble Inc.,S&P 500,US,0.2032
387,HWDN.L,794.0,806.91,817.5,-2.9,44.9,triple_bottom_setup,2025-03-12 08:00:00,2026-05-18 07:00:00,2026-07-24 07:00:00,725.5,713.0,753.0,730.5,3.08,981.0,345,,,,23.55,0.0,Howdens Joinery,STOXX 600,Europe,0.2031849206349206
388,OLLI,75.42,72.23,94.17,-19.9,51.9,triple_bottom_setup,2022-07-28 13:30:00,2023-06-30 13:30:00,2026-07-09 13:30:00,57.76,57.31,60.29,58.45,3.14,141.74,989,,,,87.93,0.0,Ollie's Bargain Outlet,S&P MidCap 400,US,0.2029
389,ALB,134.97,129.71,155.53,-13.2,54.2,triple_bottom_setup,2024-02-05 14:30:00,2024-04-22 13:30:00,2026-07-28 13:30:00,108.39,108.3,111.55,109.41,1.95,221.0,620,,,,63.74,0.0,Albemarle Corporation,S&P 500,US,0.202760582010582
390,LII,382.64,485.85,498.05,-23.2,27.9,triple_bottom_setup,2023-11-30 14:30:00,2024-02-05 14:30:00,2026-07-30 13:30:00,397.34,412.09,411.41,406.95,2.36,689.44,666,,,,80.18,0.0,Lennox International,S&P 500,US,0.2026952380952381
391,WDAY,197.45,158.95,160.7,22.9,60.3,triple_bottom_setup,2022-07-13 13:30:00,2022-11-04 13:30:00,2026-07-23 13:30:00,134.1,128.72,127.11,129.98,3.17,311.28,1010,,,,57.65,0.0,"Workday, Inc.",S&P 500,US,0.20245000000000002
392,ERIE,255.56,243.56,252.67,1.1,52.5,triple_bottom_setup,2022-08-30 13:30:00,2023-03-24 13:30:00,2026-06-22 13:30:00,210.45,220.82,210.78,214.02,3.18,547.0,954,,,,114.04,0.0,Erie Indemnity,S&P 500,US,0.20229999999999998
393,NFLX,81.05,74.72,87.52,-7.4,60.3,triple_bottom_setup,2021-11-10 14:30:00,2024-10-17 13:30:00,2026-07-17 13:30:00,64.21,67.79,65.08,65.69,3.19,134.12,1173,,,,65.47,0.0,Netflix,S&P 500,US,0.20215
394,RLI,63.47,61.53,57.25,10.9,51.3,triple_bottom_setup,2022-08-05 13:30:00,2026-04-01 13:30:00,2026-07-23 13:30:00,53.6,55.91,56.61,55.38,3.2,91.14,993,,,,43.6,0.0,RLI Corp.,S&P MidCap 400,US,0.202
395,WSO,309.82,352.07,370.58,-16.4,39.1,triple_bottom_setup,2021-12-02 14:30:00,2023-03-13 13:30:00,2026-07-30 13:30:00,289.21,284.05,300.66,291.31,3.21,571.42,1167,,,,84.44,0.0,Watsco,S&P MidCap 400,US,0.20185000000000003
396,HRB,51.65,44.46,38.1,35.6,59.9,triple_bottom_setup,2022-06-17 13:30:00,2023-01-04 14:30:00,2026-06-22 13:30:00,32.64,34.75,33.56,33.65,3.27,68.45,1004,,,,32.53,0.0,H&R Block,S&P MidCap 400,US,0.20095000000000002
397,EXPN.L,3044.0,2757.15,2841.59,7.1,64.2,triple_bottom_setup,2023-10-25 07:00:00,2026-03-30 07:00:00,2026-06-26 07:00:00,2366.0,2484.0,2435.0,2428.33,2.57,4101.0,674,,,,34.72,0.0,Experian,STOXX 600,Europe,0.20060343915343914
398,TTWO,219.7,241.57,228.31,-3.8,33.8,triple_bottom_setup,2025-03-10 13:30:00,2026-03-27 13:30:00,2026-06-11 13:30:00,197.0,187.63,206.0,196.88,4.7,264.79,316,,,,20.52,0.0,Take-Two Interactive,S&P 500,US,0.20029894179894184
399,SYNA,96.72,112.69,95.57,1.2,39.8,triple_bottom_setup,2022-05-24 13:30:00,2022-08-09 13:30:00,2026-06-05 13:30:00,130.34,126.67,122.18,126.4,3.34,154.68,1011,,,,59.93,0.0,Synaptics,S&P MidCap 400,US,0.19990000000000002
400,ORA,102.0,107.98,115.33,-11.6,39.9,triple_bottom_setup,2022-09-06 13:30:00,2022-11-30 14:30:00,2026-07-29 13:30:00,90.88,87.44,93.09,90.47,3.35,146.39,976,,,,43.52,0.0,Ormat Technologies,S&P MidCap 400,US,0.19975
401,PHR.LS,0.09,0.09,0.08,16.7,52.6,triple_bottom_setup,2021-12-29 09:00:00,2022-03-07 09:00:00,2026-06-10 08:00:00,0.08,0.07,0.07,0.07,3.35,0.12,1136,,,,33.56,0.0,Pharol,STOXX 600,Europe,0.19975
402,BRO,72.17,68.7,69.31,4.1,55.0,triple_bottom_setup,2023-10-23 13:30:00,2026-03-25 13:30:00,2026-07-22 13:30:00,66.73,63.29,64.82,64.95,2.75,125.68,687,,,,74.14,0.0,Brown & Brown,S&P 500,US,0.1996230158730159
403,CHH,103.36,109.23,104.66,-1.2,38.4,triple_bottom_setup,2022-07-13 13:30:00,2022-09-26 13:30:00,2026-06-11 13:30:00,108.7,104.15,102.61,105.15,3.37,157.86,982,,,,52.73,0.0,Choice Hotels,S&P MidCap 400,US,0.19945000000000002
404,GDDY,97.88,91.54,96.73,1.2,54.7,triple_bottom_setup,2021-10-12 13:30:00,2022-01-24 14:30:00,2026-06-12 13:30:00,68.14,67.95,71.59,69.23,3.41,216.0,1171,,,,120.68,0.0,GoDaddy,S&P 500,US,0.19885000000000003
405,NXST,182.13,181.24,195.91,-7.0,46.5,triple_bottom_setup,2021-10-27 13:30:00,2022-05-09 13:30:00,2026-06-25 13:30:00,145.01,151.01,154.47,150.16,3.43,254.3,1168,,,,39.63,0.0,Nexstar Media Group,S&P MidCap 400,US,0.19855
406,ORLY,88.8,88.93,92.45,-3.9,46.1,triple_bottom_setup,2025-06-26 13:30:00,2026-03-20 13:30:00,2026-07-15 13:30:00,86.94,86.77,82.59,85.43,3.33,108.72,263,,,,22.43,0.0,O'Reilly Automotive,S&P 500,US,0.1979216931216931
407,INVH,29.14,29.92,27.48,6.1,39.1,triple_bottom_setup,2025-04-09 13:30:00,2026-05-15 13:30:00,2026-07-31 13:30:00,29.37,27.76,29.34,28.83,3.68,35.8,328,,,,22.85,0.0,Invitation Homes,S&P 500,US,0.1977695767195767
408,TESB.BR,23.3,20.81,22.8,2.2,68.8,triple_bottom_setup,2025-02-10 08:00:00,2026-03-31 07:00:00,2026-06-30 07:00:00,20.4,19.36,19.3,19.69,3.62,28.75,352,,,,23.39,0.0,Tessenderlo,STOXX 600,Europe,0.19734417989417988
409,HQY,96.54,98.18,89.44,7.9,40.3,triple_bottom_setup,2025-03-19 13:30:00,2026-04-13 13:30:00,2026-06-25 13:30:00,80.33,76.03,83.1,79.82,4.75,116.65,318,,,,20.83,0.0,HealthEquity,S&P MidCap 400,US,0.19723015873015876
410,ROP,424.64,376.98,375.37,13.1,69.8,triple_bottom_setup,2022-10-13 13:30:00,2026-03-25 13:30:00,2026-07-22 13:30:00,356.22,340.41,335.5,344.04,3.54,595.17,944,,,,40.16,0.0,Roper Technologies,S&P 500,US,0.19690000000000002
411,GGG,77.43,78.1,81.89,-5.4,39.0,triple_bottom_setup,2024-07-01 13:30:00,2025-11-18 14:30:00,2026-07-09 13:30:00,77.49,78.87,72.51,76.29,4.95,95.69,506,,,,23.58,0.0,Graco Inc.,S&P MidCap 400,US,0.19618121693121698
412,MMS,57.77,57.45,70.21,-17.7,48.8,triple_bottom_setup,2022-10-13 13:30:00,2026-05-20 13:30:00,2026-08-12 13:30:00,54.46,56.92,53.43,54.94,3.61,100.0,959,,,,73.1,0.0,Maximus Inc.,S&P MidCap 400,US,0.19585000000000002
413,KNSL,373.9,354.51,357.8,4.5,52.0,triple_bottom_setup,2022-11-14 14:30:00,2023-03-15 13:30:00,2026-06-22 13:30:00,280.21,277.9,294.55,284.22,3.63,548.47,901,,,,46.69,0.0,Kinsale Capital Group,S&P MidCap 400,US,0.19555
414,ADSK,258.53,226.95,248.23,4.1,59.2,triple_bottom_setup,2023-11-22 14:30:00,2024-05-31 13:30:00,2026-06-22 13:30:00,200.05,195.32,185.5,193.62,4.2,329.09,644,,,,27.29,0.0,Autodesk,S&P 500,US,0.19476851851851854
415,DEMANT.CO,285.4,279.22,230.0,24.1,52.0,triple_bottom_setup,2022-02-24 08:00:00,2022-05-02 07:00:00,2026-06-18 07:00:00,248.7,254.0,237.6,246.77,3.71,373.5,1074,,,,30.87,0.0,Demant,STOXX 600,Europe,0.19435000000000002
416,CNX,36.38,34.53,37.02,-1.7,60.3,triple_bottom_setup,2025-07-03 13:30:00,2026-01-05 14:30:00,2026-07-10 13:30:00,31.36,33.82,31.52,32.23,4.92,43.62,255,,,,19.9,0.0,CNX Resources,S&P MidCap 400,US,0.19409682539682538
417,WAL,78.13,80.93,80.65,-3.1,40.3,triple_bottom_setup,2025-01-10 14:30:00,2025-08-01 13:30:00,2026-07-08 13:30:00,77.12,73.58,77.89,76.2,3.43,97.23,372,,,,24.45,0.0,Western Alliance Bancorporation,S&P MidCap 400,US,0.1940063492063492
418,CNM,42.96,45.26,50.0,-14.1,36.8,triple_bottom_setup,2024-01-26 14:30:00,2024-10-04 13:30:00,2026-07-29 13:30:00,40.13,41.6,41.88,41.2,2.6,67.18,627,,,,56.38,0.0,Core & Main,S&P MidCap 400,US,0.19393650793650796
419,VNT,32.21,31.43,34.63,-7.0,46.6,triple_bottom_setup,2023-10-25 13:30:00,2025-04-07 13:30:00,2026-07-08 13:30:00,28.84,27.22,28.15,28.07,3.03,48.2,675,,,,49.64,0.0,Vontier,S&P MidCap 400,US,0.1938357142857143
420,CAVA,65.75,69.74,71.75,-8.4,44.1,triple_bottom_setup,2024-04-22 13:30:00,2026-02-03 14:30:00,2026-08-11 13:30:00,58.22,58.25,60.15,58.87,2.17,172.43,577,,,,162.25,0.0,Cava Group,S&P MidCap 400,US,0.19377275132275135
421,EGL.LS,4.81,4.61,4.63,3.9,66.6,triple_bottom_setup,2024-03-15 09:00:00,2026-04-27 08:00:00,2026-07-13 08:00:00,4.65,4.51,4.41,4.52,2.83,6.21,591,,,,29.05,0.0,Mota-Engil,STOXX 600,Europe,0.19364126984126984
422,CG,48.39,45.92,50.33,-3.9,52.2,triple_bottom_setup,2022-03-08 14:30:00,2024-01-17 14:30:00,2026-06-29 13:30:00,40.05,37.62,39.6,39.09,3.76,69.85,1080,,,,44.35,0.0,Carlyle Group (The),S&P MidCap 400,US,0.1936
423,CHRD,147.11,130.51,117.78,24.9,61.6,triple_bottom_setup,2023-03-17 13:30:00,2026-04-17 13:30:00,2026-07-01 13:30:00,117.05,119.92,111.25,116.07,4.16,190.23,824,,,,29.31,0.0,Chord Energy,S&P MidCap 400,US,0.19335000000000002
424,CAR,147.49,152.35,157.69,-6.5,51.7,triple_bottom_setup,2022-09-23 13:30:00,2026-05-14 13:30:00,2026-08-04 13:30:00,131.83,140.44,133.56,135.28,3.82,847.7,967,,,,474.75,0.0,Avis Budget Group,S&P MidCap 400,US,0.19269999999999998
425,BSY,36.75,33.61,35.55,3.4,56.7,triple_bottom_setup,2022-11-07 14:30:00,2026-05-13 13:30:00,2026-07-22 13:30:00,31.75,30.52,29.44,30.57,3.85,59.25,927,,,,61.22,0.0,Bentley Systems,S&P MidCap 400,US,0.19225
426,HIMS,29.58,31.99,28.55,3.6,47.5,triple_bottom_setup,2025-01-10 14:30:00,2025-04-04 13:30:00,2026-07-30 13:30:00,24.07,23.97,24.24,24.09,0.61,72.98,388,,,,146.72,0.0,Hims & Hers Health,S&P MidCap 400,US,0.19217275132275133
427,MUSA,515.39,571.55,488.48,5.5,36.0,triple_bottom_setup,2024-10-07 13:30:00,2026-05-29 13:30:00,2026-08-06 13:30:00,471.98,501.7,515.01,496.23,4.89,636.05,458,,,,23.41,0.0,Murphy USA,S&P MidCap 400,US,0.19214867724867724
428,DHI,144.56,150.52,149.03,-3.0,45.0,triple_bottom_setup,2025-01-13 14:30:00,2026-05-19 13:30:00,2026-07-23 13:30:00,136.23,133.84,138.83,136.3,1.86,184.55,382,,,,27.66,0.0,D. R. Horton,S&P 500,US,0.19212910052910054
429,EIX,53.98,73.72,67.37,-19.9,22.2,triple_bottom_setup,2021-12-20 14:30:00,2023-06-29 13:30:00,2026-06-17 13:30:00,65.64,67.54,70.54,67.91,3.88,88.77,1126,,,,64.45,0.0,Edison International,S&P 500,US,0.1918
430,GEHC,71.23,67.77,72.74,-2.1,50.7,triple_bottom_setup,2025-04-09 13:30:00,2026-04-29 13:30:00,2026-07-24 13:30:00,57.65,58.75,60.2,58.87,2.27,89.77,323,,,,26.03,0.0,GE HealthCare,S&P 500,US,0.19175820105820104
431,APTV,44.76,54.9,67.23,-33.4,30.4,triple_bottom_setup,2025-02-03 14:30:00,2026-04-16 13:30:00,2026-07-08 13:30:00,56.22,56.56,56.51,56.43,0.37,88.93,357,,,,98.68,0.0,Aptiv,S&P 500,US,0.19167222222222222
432,WH,73.66,77.43,78.08,-5.7,43.2,triple_bottom_setup,2025-04-07 13:30:00,2025-06-23 13:30:00,2026-06-11 13:30:00,76.65,77.37,74.55,76.19,2.15,92.68,296,,,,25.83,0.0,Wyndham Hotels & Resorts,S&P MidCap 400,US,0.19165343915343916
433,BX,143.24,130.33,128.52,11.5,58.7,triple_bottom_setup,2021-10-04 13:30:00,2021-12-20 14:30:00,2026-06-24 13:30:00,108.81,117.0,112.06,112.62,3.89,200.96,1184,,,,40.3,0.0,Blackstone Inc.,S&P 500,US,0.19165
434,RPM,104.1,108.78,105.77,-1.6,37.8,triple_bottom_setup,2025-04-08 13:30:00,2026-05-20 13:30:00,2026-07-21 13:30:00,95.28,94.24,99.65,96.39,3.38,129.12,321,,,,24.03,0.0,RPM International,S&P MidCap 400,US,0.19151031746031744
435,FICO,1147.21,1171.98,1318.39,-13.0,50.9,triple_bottom_setup,2024-01-05 14:30:00,2024-04-26 13:30:00,2026-06-22 13:30:00,1113.19,1105.65,1065.69,1094.84,2.66,2402.52,615,,,,109.42,0.0,Fair Isaac,S&P 500,US,0.19144920634920634
436,REGN,799.08,719.75,727.46,9.8,57.6,triple_bottom_setup,2023-06-28 13:30:00,2026-04-29 13:30:00,2026-07-23 13:30:00,684.81,668.85,637.8,663.82,3.92,1211.2,769,,,,51.57,0.0,Regeneron Pharmaceuticals,S&P 500,US,0.19119999999999998
437,DOCS,26.71,22.8,29.32,-8.9,62.3,triple_bottom_setup,2023-09-25 13:30:00,2026-04-09 13:30:00,2026-06-11 13:30:00,19.71,20.55,19.45,19.9,3.25,85.21,680,,,,219.02,0.0,Doximity,S&P MidCap 400,US,0.19119708994708995
438,SMG,59.8,64.79,61.19,-2.3,40.9,triple_bottom_setup,2025-03-03 14:30:00,2025-06-04 13:30:00,2026-08-17 13:30:00,55.68,56.81,58.56,57.02,2.71,75.34,366,,,,25.99,0.0,Scotts Miracle-Gro Company,S&P MidCap 400,US,0.19117936507936506
439,AZN.L,11970.0,12753.23,13740.54,-12.9,44.8,triple_bottom_setup,2022-05-12 07:00:00,2022-08-11 07:00:00,2026-07-15 07:00:00,9764.0,10430.2,9892.0,10028.73,4.0,15732.0,1053,,,,31.43,0.0,AstraZeneca,STOXX 600,Europe,0.19
440,PPC,31.38,28.75,34.64,-9.4,59.8,triple_bottom_setup,2024-02-07 14:30:00,2026-06-03 13:30:00,2026-08-11 13:30:00,26.52,27.37,25.9,26.6,2.91,57.16,628,,,,82.15,0.0,Pilgrim's Pride,S&P MidCap 400,US,0.18941878306878307
441,FOUR,42.28,47.98,52.2,-19.0,39.4,triple_bottom_setup,2022-09-26 13:30:00,2026-05-12 13:30:00,2026-08-07 13:30:00,41.97,39.61,39.42,40.33,4.06,127.5,969,,,,201.56,0.0,Shift4,S&P MidCap 400,US,0.18910000000000002
442,LMT,561.23,552.12,551.73,1.7,45.6,triple_bottom_setup,2025-01-08 14:30:00,2026-05-06 13:30:00,2026-07-21 13:30:00,461.24,500.31,487.15,482.9,4.49,692.0,382,,,,23.3,0.0,Lockheed Martin,S&P 500,US,0.18901243386243383
443,ALGM,36.25,47.33,39.2,-7.5,35.6,triple_bottom_setup,2023-03-13 13:30:00,2026-05-19 13:30:00,2026-07-30 13:30:00,41.3,39.57,38.15,39.67,4.1,71.77,848,,,,97.99,0.0,Allegro MicroSystems,S&P MidCap 400,US,0.1885
444,VRSK,193.78,189.41,194.45,-0.3,56.4,triple_bottom_setup,2023-02-24 14:30:00,2026-04-10 13:30:00,2026-08-17 13:30:00,169.74,161.7,174.44,168.63,4.11,322.92,871,,,,66.64,0.0,Verisk Analytics,S&P 500,US,0.18835000000000002
445,CROX,120.38,129.14,102.48,17.5,38.8,triple_bottom_setup,2023-05-04 13:30:00,2024-12-20 14:30:00,2026-07-30 13:30:00,109.4,104.47,113.0,108.96,4.12,165.32,811,,,,37.33,0.0,Crocs,S&P MidCap 400,US,0.18819999999999998
446,CBOE,300.2,279.2,283.57,5.9,53.7,triple_bottom_setup,2025-06-09 13:30:00,2025-10-22 13:30:00,2026-06-29 13:30:00,218.14,231.6,227.15,225.63,3.32,371.18,264,,,,23.64,0.0,Cboe Global Markets,S&P 500,US,0.1881206349206349
447,LSEG.L,9000.0,8678.35,8737.26,3.0,59.2,triple_bottom_setup,2021-09-28 07:00:00,2022-01-28 08:00:00,2026-06-15 07:00:00,7314.0,6820.0,7210.0,7114.67,4.14,12185.0,1187,,,,35.39,0.0,London Stock Exchange Group,STOXX 600,Europe,0.1879
448,AA,49.95,48.99,57.22,-12.7,49.8,triple_bottom_setup,2022-07-14 13:30:00,2022-12-22 14:30:00,2026-07-29 13:30:00,39.56,41.82,42.48,41.29,4.17,84.38,1013,,,,68.93,0.0,Alcoa,S&P MidCap 400,US,0.18745
449,REL.L,2672.0,2523.35,2635.17,1.4,57.3,triple_bottom_setup,2022-10-13 07:00:00,2026-02-12 08:00:00,2026-07-16 07:00:00,2124.0,1991.0,2001.0,2038.67,4.19,4205.0,948,,,,57.37,0.0,RELX,STOXX 600,Europe,0.18714999999999998
450,ST,41.03,45.4,39.83,3.0,34.3,triple_bottom_setup,2023-04-10 13:30:00,2023-06-23 13:30:00,2026-07-17 13:30:00,45.52,42.75,42.8,43.69,4.19,53.89,820,,,,31.34,0.0,Sensata Technologies,S&P MidCap 400,US,0.18714999999999998
451,AKAM,108.62,117.31,109.15,-0.5,41.9,triple_bottom_setup,2023-10-26 13:30:00,2024-02-22 14:30:00,2026-07-29 13:30:00,101.14,106.57,107.11,104.94,3.62,165.45,689,,,,52.32,0.0,Akamai Technologies,S&P 500,US,0.18683756613756614
452,PTC,155.74,133.7,149.29,4.3,63.3,triple_bottom_setup,2022-12-30 14:30:00,2023-04-27 13:30:00,2026-07-22 13:30:00,118.06,120.62,111.93,116.87,4.23,219.69,890,,,,41.06,0.0,PTC Inc.,S&P 500,US,0.18655
453,DOCU,66.27,53.84,53.66,23.5,66.8,triple_bottom_setup,2022-11-09 14:30:00,2023-10-30 13:30:00,2026-06-18 13:30:00,39.57,38.11,41.37,39.68,4.25,107.86,903,,,,62.76,0.0,Docusign,S&P MidCap 400,US,0.18625
454,WYNN,91.28,98.72,107.2,-14.9,30.8,triple_bottom_setup,2023-03-15 13:30:00,2023-07-06 13:30:00,2026-07-06 13:30:00,101.35,97.36,93.15,97.29,4.25,134.72,828,,,,47.59,0.0,Wynn Resorts,S&P 500,US,0.18625
455,BA,207.78,220.18,219.94,-5.5,35.4,triple_bottom_setup,2025-06-13 13:30:00,2026-03-30 13:30:00,2026-07-21 13:30:00,195.28,187.72,203.9,195.63,4.23,254.35,275,,,,22.41,0.0,Boeing,S&P 500,US,0.18617566137566138
456,DUOL,148.36,132.38,132.13,12.3,59.4,triple_bottom_setup,2023-05-04 13:30:00,2023-08-18 13:30:00,2026-08-06 13:30:00,116.82,121.89,112.02,116.91,4.26,544.93,816,,,,267.3,0.0,Duolingo,S&P MidCap 400,US,0.18610000000000002
457,ACM,67.43,68.61,84.71,-20.4,50.3,triple_bottom_setup,2021-09-21 13:30:00,2022-01-28 14:30:00,2026-07-08 13:30:00,61.65,65.32,66.28,64.42,4.29,135.52,1202,,,,100.98,0.0,AECOM,S&P MidCap 400,US,0.18564999999999998
458,LPX,70.51,74.4,77.69,-9.2,42.6,triple_bottom_setup,2021-11-30 14:30:00,2024-01-05 14:30:00,2026-07-21 13:30:00,64.43,65.82,69.42,66.56,4.3,122.87,1162,,,,74.26,0.0,Louisiana-Pacific,S&P MidCap 400,US,0.1855
459,HGV,42.41,48.28,46.03,-7.9,36.3,triple_bottom_setup,2022-01-24 14:30:00,2026-01-28 14:30:00,2026-06-10 13:30:00,44.59,43.73,47.41,45.24,4.79,54.76,1098,,,,29.12,0.0,Hilton Grand Vacations,S&P MidCap 400,US,0.18548333333333333
460,MCHP,73.45,81.25,76.16,-3.6,41.9,triple_bottom_setup,2024-09-10 13:30:00,2026-02-06 14:30:00,2026-07-29 13:30:00,73.15,73.38,71.24,72.59,1.86,105.91,471,,,,44.19,0.0,Microchip Technology,S&P 500,US,0.1844015873015873
461,BSX,48.3,46.6,68.15,-29.1,48.7,triple_bottom_setup,2021-10-13 13:30:00,2021-12-20 14:30:00,2026-07-15 13:30:00,41.75,39.27,42.2,41.07,4.39,109.5,1191,,,,126.71,0.0,Boston Scientific,S&P 500,US,0.18415
462,ORCL,149.12,140.71,169.31,-11.9,54.2,triple_bottom_setup,2024-05-31 13:30:00,2025-04-07 13:30:00,2026-07-28 13:30:00,114.55,118.86,114.5,115.97,2.49,345.72,539,,,,131.84,0.0,Oracle Corporation,S&P 500,US,0.18394629629629627
463,GWRE,204.75,154.26,157.66,29.9,73.7,triple_bottom_setup,2021-10-04 13:30:00,2021-12-03 14:30:00,2026-06-22 13:30:00,111.61,107.17,102.3,107.03,4.42,272.6,1182,,,,33.14,0.0,Guidewire Software,S&P MidCap 400,US,0.18370000000000003
464,CELH,31.45,29.99,37.97,-17.2,51.5,triple_bottom_setup,2021-10-15 13:30:00,2022-10-21 13:30:00,2026-06-04 13:30:00,29.03,26.9,27.47,27.8,4.43,99.62,1162,,,,216.76,0.0,Celsius Holdings,S&P MidCap 400,US,0.18355
465,IP,37.93,39.18,37.48,1.2,39.9,triple_bottom_setup,2022-12-22 14:30:00,2023-03-17 13:30:00,2026-07-14 13:30:00,33.75,33.42,35.87,34.35,4.44,60.36,889,,,,59.14,0.0,International Paper,S&P 500,US,0.1834
466,PSN,48.64,51.17,59.62,-18.4,48.3,triple_bottom_setup,2022-07-14 13:30:00,2022-09-23 13:30:00,2026-07-29 13:30:00,38.98,38.67,36.26,37.97,4.5,114.68,1013,,,,135.77,0.0,Parsons Corporation,S&P MidCap 400,US,0.1825
467,MANH,223.19,175.41,157.32,41.9,76.0,triple_bottom_setup,2023-03-13 13:30:00,2025-04-07 13:30:00,2026-07-23 13:30:00,133.81,140.81,145.86,140.16,4.53,312.6,843,,,,40.06,0.0,Manhattan Associates,S&P MidCap 400,US,0.18205
468,CTT.LS,6.6,6.09,6.45,2.3,74.5,triple_bottom_setup,2025-01-13 09:00:00,2026-03-23 09:00:00,2026-07-15 08:00:00,5.2,5.63,5.59,5.47,4.99,8.14,383,,,,23.33,0.0,CTT Correios de Portugal,STOXX 600,Europe,0.181394708994709
469,COIN,188.12,160.88,194.79,-3.4,60.9,triple_bottom_setup,2022-02-24 14:30:00,2024-08-05 13:30:00,2026-06-05 13:30:00,155.92,161.13,147.88,154.98,4.58,444.65,1073,,,,136.37,0.0,Coinbase,S&P 500,US,0.18130000000000002
470,NOW,147.99,113.14,119.15,24.2,74.4,triple_bottom_setup,2023-04-27 13:30:00,2026-05-14 13:30:00,2026-07-23 13:30:00,85.54,85.44,91.53,87.5,4.6,239.62,811,,,,61.91,0.0,ServiceNow,S&P 500,US,0.181
471,UFPI,84.52,88.19,91.87,-8.0,40.2,triple_bottom_setup,2023-06-01 13:30:00,2026-03-20 13:30:00,2026-07-08 13:30:00,77.47,84.82,81.44,81.24,4.64,141.33,776,,,,67.21,0.0,UFP Industries,S&P MidCap 400,US,0.1804
472,HLNE,108.82,91.0,106.07,2.6,67.1,triple_bottom_setup,2022-02-24 14:30:00,2022-09-02 13:30:00,2026-06-24 13:30:00,70.46,66.32,71.88,69.55,4.65,203.72,1085,,,,87.21,0.0,Hamilton Lane,S&P MidCap 400,US,0.18025
473,CRM,257.54,183.01,199.68,29.0,81.1,triple_bottom_setup,2022-05-20 13:30:00,2023-02-24 14:30:00,2026-06-22 13:30:00,154.55,159.66,146.32,153.51,4.68,369.0,1023,,,,43.28,0.0,Salesforce,S&P 500,US,0.17980000000000002
474,WMG,28.21,27.11,28.32,-0.4,59.9,triple_bottom_setup,2025-04-09 13:30:00,2025-06-25 13:30:00,2026-06-30 13:30:00,27.41,26.08,26.19,26.56,3.19,35.42,306,,,,25.56,0.0,Warner Music Group,S&P MidCap 400,US,0.17962619047619047
475,H,166.97,184.38,168.79,-1.1,33.7,triple_bottom_setup,2025-01-10 14:30:00,2026-04-29 13:30:00,2026-07-30 13:30:00,150.0,156.86,164.87,157.24,4.85,206.86,388,,,,23.89,0.0,Hyatt,S&P MidCap 400,US,0.17948941798941798
476,OPCH,23.45,22.61,27.28,-14.0,51.2,triple_bottom_setup,2022-01-24 14:30:00,2024-11-19 14:30:00,2026-06-08 13:30:00,21.32,21.39,19.87,20.86,4.75,36.8,1096,,,,56.93,0.0,Option Care Health,S&P MidCap 400,US,0.17875000000000002
477,SNPS,439.59,416.69,446.85,-1.6,59.4,triple_bottom_setup,2021-12-01 14:30:00,2023-02-21 14:30:00,2026-07-17 13:30:00,334.1,347.97,366.0,349.36,4.76,651.73,1159,,,,48.26,0.0,Synopsys,S&P 500,US,0.1786
478,AZO,2991.24,3042.15,3398.79,-12.0,46.9,triple_bottom_setup,2024-04-25 13:30:00,2024-07-05 13:30:00,2026-06-22 13:30:00,2851.42,2801.49,2949.06,2867.32,2.85,4388.11,539,,,,46.7,0.0,AutoZone,S&P 500,US,0.1785462962962963
479,NVR,6315.23,6437.51,6826.74,-7.5,47.7,triple_bottom_setup,2023-06-01 13:30:00,2023-08-21 13:30:00,2026-07-23 13:30:00,5520.48,5951.32,5919.25,5797.02,4.77,9964.77,787,,,,57.79,0.0,"NVR, Inc.",S&P 500,US,0.17845
480,AUTO.L,528.0,513.32,521.3,1.3,51.0,triple_bottom_setup,2022-10-21 07:00:00,2026-03-27 08:00:00,2026-07-24 07:00:00,479.8,445.8,479.4,468.33,4.81,920.0,948,,,,74.24,0.0,Autotrader Group,STOXX 600,Europe,0.17785
481,EXP,194.26,211.17,210.79,-7.8,37.3,triple_bottom_setup,2025-06-18 13:30:00,2026-05-20 13:30:00,2026-07-23 13:30:00,191.91,188.79,197.79,192.83,2.57,245.53,274,,,,26.39,0.0,Eagle Materials,S&P MidCap 400,US,0.17777671957671956
482,CMG,38.03,34.37,34.72,9.5,64.3,triple_bottom_setup,2023-03-02 14:30:00,2026-05-11 13:30:00,2026-08-11 13:30:00,29.4,31.63,31.64,30.89,4.82,69.26,863,,,,82.12,0.0,Chipotle Mexican Grill,S&P 500,US,0.17770000000000002
483,SYK,323.8,328.88,338.25,-4.3,44.9,triple_bottom_setup,2025-04-07 13:30:00,2026-03-31 13:30:00,2026-07-14 13:30:00,329.16,319.32,306.53,318.34,3.71,404.87,317,,,,25.04,0.0,Stryker Corporation,S&P 500,US,0.17761455026455025
484,RYAN,42.18,41.57,41.72,1.1,47.9,triple_bottom_setup,2022-12-15 14:30:00,2026-02-13 14:30:00,2026-08-11 13:30:00,39.25,37.29,41.03,39.19,4.85,77.16,914,,,,82.93,0.0,Ryan Specialty,S&P MidCap 400,US,0.17725000000000002
485,EFX,189.16,174.92,187.64,0.8,57.4,triple_bottom_setup,2022-06-16 13:30:00,2023-10-30 13:30:00,2026-07-21 13:30:00,169.25,159.95,155.0,161.4,4.86,309.63,1025,,,,63.69,0.0,Equifax,S&P 500,US,0.1771
486,G,37.98,32.61,37.49,1.3,68.2,triple_bottom_setup,2023-05-11 13:30:00,2023-08-08 13:30:00,2026-08-12 13:30:00,35.75,35.31,33.0,34.69,4.86,56.76,815,,,,49.45,0.0,Genpact,S&P MidCap 400,US,0.1771
487,DASH,231.74,198.62,187.93,23.3,69.6,triple_bottom_setup,2025-04-07 13:30:00,2026-02-17 14:30:00,2026-06-11 13:30:00,155.4,158.0,146.11,153.17,4.61,285.5,296,,,,23.2,0.0,DoorDash,S&P 500,US,0.17667010582010584
488,BDC,114.46,117.08,119.39,-4.1,40.4,triple_bottom_setup,2023-06-26 13:30:00,2023-09-26 13:30:00,2026-07-17 13:30:00,90.17,92.05,98.0,93.41,4.92,159.99,767,,,,39.78,0.0,Belden Inc.,S&P MidCap 400,US,0.17620000000000002
489,MRO.L,515.2,480.25,536.26,-3.9,63.2,triple_bottom_setup,2023-07-07 07:00:00,2023-10-09 07:00:00,2026-06-10 07:00:00,477.1,445.4,443.36,455.29,4.79,685.0,739,,,,32.96,0.0,Melrose Industries,STOXX 600,Europe,0.17590132275132275
490,MAA,128.85,133.73,129.86,-0.8,40.4,triple_bottom_setup,2023-03-24 13:30:00,2023-05-25 13:30:00,2026-06-22 13:30:00,138.68,143.72,130.94,137.78,4.96,173.38,812,,,,34.56,0.0,Mid-America Apartment Communities,S&P 500,US,0.1756
491,SN.L,1062.5,1122.68,1194.46,-11.0,39.6,triple_bottom_setup,2022-07-13 07:00:00,2026-03-23 08:00:00,2026-06-30 07:00:00,1112.0,1178.24,1077.0,1122.41,4.97,1441.5,999,,,,35.67,0.0,Smith & Nephew,STOXX 600,Europe,0.17545
492,WEIR.L,2846.0,2578.48,2814.91,1.1,61.9,triple_bottom_setup,2025-05-23 07:00:00,2025-08-18 07:00:00,2026-07-08 07:00:00,2274.0,2410.0,2324.0,2336.0,3.17,3580.0,284,,,,25.79,0.0,Weir,STOXX 600,Europe,0.17509947089947092
493,ROL,36.07,40.2,52.4,-31.2,35.0,triple_bottom_setup,2024-01-25 14:30:00,2024-04-18 13:30:00,2026-06-03 13:30:00,42.48,41.72,44.43,42.88,3.62,66.14,590,,,,83.37,0.0,"Rollins, Inc.",S&P 500,US,0.17374232804232803
494,ATR,131.62,130.47,125.5,4.9,46.3,triple_bottom_setup,2025-04-07 13:30:00,2026-02-05 14:30:00,2026-08-14 13:30:00,130.85,121.96,129.56,127.46,4.31,164.28,340,,,,24.81,0.0,AptarGroup,S&P MidCap 400,US,0.173573544973545
495,BRBY.L,1084.0,1101.56,1150.83,-5.8,45.9,triple_bottom_setup,2025-06-23 07:00:00,2026-05-15 07:00:00,2026-07-23 07:00:00,985.0,1022.5,1026.0,1011.17,2.59,1376.5,275,,,,26.98,0.0,Burberry Group,STOXX 600,Europe,0.17269232804232804
496,LOPE,148.13,146.69,159.47,-7.1,51.0,triple_bottom_setup,2024-08-20 13:30:00,2024-10-22 13:30:00,2026-07-22 13:30:00,138.0,130.69,134.27,134.32,2.74,223.04,480,,,,50.57,0.0,Grand Canyon Education,S&P MidCap 400,US,0.17239206349206349
497,VC,101.82,105.22,101.98,-0.2,42.0,triple_bottom_setup,2024-06-14 13:30:00,2026-05-19 13:30:00,2026-07-23 13:30:00,101.42,103.69,95.14,100.08,4.94,129.1,526,,,,26.79,0.0,Visteon,S&P MidCap 400,US,0.1722267195767196
498,SAIA,355.13,394.95,383.6,-7.4,40.7,triple_bottom_setup,2024-05-02 13:30:00,2024-10-07 13:30:00,2026-07-08 13:30:00,387.99,414.68,401.53,401.4,3.34,624.55,545,,,,75.87,0.0,Saia,S&P MidCap 400,US,0.17198994708994708
499,KVUE,18.88,19.0,17.54,7.6,46.6,triple_bottom_setup,2023-10-30 13:30:00,2024-06-14 13:30:00,2026-06-04 13:30:00,17.82,17.75,16.67,17.41,4.29,25.17,650,,,,33.32,0.0,Kenvue,S&P 500,US,0.171628835978836
500,CARR,58.22,65.81,60.95,-4.5,29.7,triple_bottom_setup,2025-03-04 14:30:00,2026-05-21 13:30:00,2026-07-30 13:30:00,60.17,61.12,59.07,60.12,1.75,81.09,353,,,,39.28,0.0,Carrier Global,S&P 500,US,0.17044312169312167
501,MNST,45.92,76.37,78.4,-41.4,41.6,triple_bottom_setup,2024-08-08 13:30:00,2025-02-05 14:30:00,2026-08-12 13:30:00,43.32,45.7,45.05,44.69,3.07,100.34,502,,,,118.51,0.0,Monster Beverage,S&P 500,US,0.1703521164021164
502,VST,137.37,151.35,158.09,-13.1,40.2,triple_bottom_setup,2025-01-27 14:30:00,2026-06-10 13:30:00,2026-08-07 13:30:00,132.59,137.91,134.75,135.08,2.09,219.82,384,,,,60.02,0.0,Vistra Corp.,S&P 500,US,0.1694436507936508
503,SLGN,41.54,43.7,41.59,-0.1,44.9,triple_bottom_setup,2024-07-05 13:30:00,2026-04-28 13:30:00,2026-07-31 13:30:00,41.14,38.5,39.83,39.82,3.32,58.14,519,,,,39.96,0.0,Silgan Holdings,S&P MidCap 400,US,0.16885079365079364
504,BCO,108.93,110.21,112.3,-3.0,43.5,triple_bottom_setup,2025-02-03 14:30:00,2026-03-20 13:30:00,2026-06-29 13:30:00,89.41,96.49,91.05,92.32,4.52,136.37,351,,,,25.19,0.0,Brink's,S&P MidCap 400,US,0.16871190476190479
505,SPGI,435.84,420.59,428.6,1.7,57.6,triple_bottom_setup,2025-04-07 13:30:00,2026-05-13 13:30:00,2026-08-06 13:30:00,404.11,379.38,403.45,395.64,4.11,547.82,334,,,,25.69,0.0,S&P Global,S&P 500,US,0.16844656084656084
506,PEGA,36.81,31.51,41.81,-12.0,68.5,triple_bottom_setup,2024-07-10 13:30:00,2025-04-07 13:30:00,2026-06-25 13:30:00,28.31,29.83,28.66,28.93,3.12,68.1,491,,,,85.0,0.0,Pegasystems,S&P MidCap 400,US,0.16814708994708993
507,TPL,374.34,388.59,390.3,-4.1,49.5,triple_bottom_setup,2024-12-20 14:30:00,2025-06-03 13:30:00,2026-06-22 13:30:00,362.92,356.22,348.46,355.87,2.08,547.2,373,,,,46.18,0.0,Texas Pacific Land Corporation,S&P 500,US,0.16813862433862434
508,HII,291.2,295.24,345.24,-15.7,40.3,triple_bottom_setup,2024-03-15 13:30:00,2025-09-09 13:30:00,2026-06-22 13:30:00,284.7,264.0,274.81,274.5,3.83,460.0,567,,,,57.97,0.0,Huntington Ingalls Industries,S&P 500,US,0.16755
509,AJG,262.15,248.77,232.86,12.6,56.5,triple_bottom_setup,2024-06-26 13:30:00,2025-12-10 14:30:00,2026-08-04 13:30:00,251.42,236.34,240.82,242.86,3.52,351.23,527,,,,33.98,0.0,Arthur J. Gallagher & Co.,S&P 500,US,0.1669089947089947
510,RTO.L,345.7,401.09,443.31,-22.0,31.5,triple_bottom_setup,2024-07-25 07:00:00,2026-01-20 08:00:00,2026-06-23 07:00:00,439.0,447.2,422.5,436.23,3.15,507.0,482,,,,46.66,0.0,Rentokil Initial,STOXX 600,Europe,0.16650661375661377
511,EXLS,38.08,31.35,33.54,13.5,70.9,triple_bottom_setup,2024-04-05 13:30:00,2026-05-14 13:30:00,2026-07-23 13:30:00,28.16,26.82,26.23,27.07,4.03,52.43,575,,,,37.68,0.0,EXL Service,S&P MidCap 400,US,0.16560820105820107
512,FCN,150.57,154.76,164.98,-8.7,42.8,triple_bottom_setup,2025-04-09 13:30:00,2026-05-13 13:30:00,2026-08-17 13:30:00,151.75,140.84,149.21,147.27,4.36,189.3,339,,,,25.72,0.0,FTI Consulting,S&P MidCap 400,US,0.16510793650793654
513,HD,327.83,340.35,341.87,-4.1,40.6,triple_bottom_setup,2025-04-09 13:30:00,2026-04-07 13:30:00,2026-07-23 13:30:00,326.31,315.31,323.05,321.56,1.94,426.75,322,,,,30.17,0.0,Home Depot (The),S&P 500,US,0.1634925925925926
514,HSY,176.21,177.83,189.67,-7.1,42.0,triple_bottom_setup,2023-12-21 14:30:00,2024-03-04 14:30:00,2026-06-22 13:30:00,178.82,181.16,167.77,175.92,4.63,239.48,624,,,,35.91,0.0,Hershey Company (The),S&P 500,US,0.16308968253968253
515,EXE,98.16,91.6,100.26,-2.1,63.4,triple_bottom_setup,2024-05-03 13:30:00,2025-08-19 13:30:00,2026-07-10 13:30:00,85.08,91.01,84.99,87.03,4.58,126.62,546,,,,28.99,0.0,Expand Energy,S&P 500,US,0.1619388888888889
516,GN.CO,96.28,93.77,98.74,-2.5,50.7,triple_bottom_setup,2025-05-23 07:00:00,2026-03-13 08:00:00,2026-06-29 07:00:00,87.28,85.12,85.32,85.91,1.6,125.9,269,,,,30.76,0.0,GN Store Nord,STOXX 600,Europe,0.16158201058201058
517,AVAV,148.35,158.92,215.53,-31.2,40.0,triple_bottom_setup,2024-04-16 13:30:00,2024-12-11 14:30:00,2026-07-15 13:30:00,143.65,150.5,139.1,144.42,4.21,417.86,562,,,,181.67,0.0,AeroVironment,S&P MidCap 400,US,0.16118862433862435
518,PEG,73.33,77.91,79.32,-7.5,35.9,triple_bottom_setup,2025-07-03 13:30:00,2026-05-18 13:30:00,2026-08-04 13:30:00,80.6,76.05,74.2,76.95,4.74,91.26,272,,,,24.45,0.0,Public Service Enterprise Group,S&P 500,US,0.16112883597883598
519,ENT.L,513.2,548.93,607.16,-15.5,34.6,triple_bottom_setup,2024-08-05 07:00:00,2026-05-12 07:00:00,2026-08-06 07:00:00,498.5,500.4,528.0,508.97,3.74,1031.5,507,,,,100.99,0.0,Entain,STOXX 600,Europe,0.16096349206349206
520,COO,70.09,72.48,73.43,-4.5,35.7,triple_bottom_setup,2025-06-03 13:30:00,2025-11-06 14:30:00,2026-07-14 13:30:00,65.0,67.2,68.37,66.86,2.78,89.83,278,,,,28.16,0.0,Cooper Companies (The),S&P 500,US,0.1604058201058201
521,INGR,103.46,101.36,107.03,-3.3,48.7,triple_bottom_setup,2024-01-09 14:30:00,2026-05-21 13:30:00,2026-07-31 13:30:00,106.03,98.29,98.72,101.01,4.97,155.44,641,,,,50.24,0.0,Ingredion,S&P MidCap 400,US,0.16023835978835982
522,CSL,346.58,357.82,348.54,-0.6,41.7,triple_bottom_setup,2025-02-05 14:30:00,2025-04-09 13:30:00,2026-06-10 13:30:00,340.61,311.41,327.75,326.59,4.65,435.92,337,,,,25.78,0.0,Carlisle Companies,S&P MidCap 400,US,0.15999338624338622
523,SBAC,189.66,181.88,190.57,-0.5,59.0,triple_bottom_setup,2024-05-01 13:30:00,2024-07-02 13:30:00,2026-06-30 13:30:00,183.64,187.06,174.16,181.62,4.11,252.64,541,,,,33.21,0.0,SBA Communications,S&P 500,US,0.15991084656084656
524,AES,14.74,14.63,14.28,3.2,56.9,triple_bottom_setup,2024-02-27 14:30:00,2026-01-20 14:30:00,2026-07-06 13:30:00,14.69,13.63,14.53,14.28,4.57,22.21,589,,,,50.68,0.0,AES Corporation,S&P 500,US,0.1593600529100529
525,CTEC.L,227.6,221.75,225.28,1.0,51.6,triple_bottom_setup,2024-12-30 08:00:00,2026-03-23 08:00:00,2026-07-15 07:00:00,218.0,212.8,206.4,212.4,2.82,311.2,389,,,,36.73,0.0,Convatec,STOXX 600,Europe,0.15915502645502644
526,JMT.LS,17.97,17.12,19.03,-5.6,60.8,triple_bottom_setup,2024-07-30 08:00:00,2024-10-23 08:00:00,2026-07-09 08:00:00,15.2,16.21,16.11,15.84,4.04,23.28,495,,,,29.55,0.0,Jerónimo Martins,STOXX 600,Europe,0.15862619047619048
527,III.L,2828.0,2701.74,2849.35,-0.7,53.4,triple_bottom_setup,2024-02-07 08:00:00,2026-03-26 08:00:00,2026-07-22 07:00:00,2307.0,2255.0,2453.0,2338.33,4.9,4497.0,620,,,,59.02,0.0,3i,STOXX 600,Europe,0.15851058201058202
528,SIRI,28.17,29.42,24.47,15.1,41.5,triple_bottom_setup,2024-08-05 13:30:00,2026-06-05 13:30:00,2026-08-13 13:30:00,28.6,26.46,27.92,27.66,4.34,36.4,507,,,,29.22,0.0,SiriusXM,S&P MidCap 400,US,0.15846349206349208
529,TMUS,180.44,180.18,192.96,-6.5,50.8,triple_bottom_setup,2024-07-30 13:30:00,2026-04-27 13:30:00,2026-07-31 13:30:00,173.74,182.01,169.68,175.14,3.92,276.49,502,,,,53.23,0.0,T-Mobile US,S&P 500,US,0.1576021164021164
530,DECK,87.08,99.19,102.49,-15.0,35.9,triple_bottom_setup,2025-05-23 13:30:00,2025-08-11 13:30:00,2026-06-30 13:30:00,96.1,99.18,98.78,98.02,1.96,126.5,275,,,,45.27,0.0,Deckers Brands,S&P 500,US,0.15697566137566138
531,SFM,82.04,81.66,79.21,3.6,49.2,triple_bottom_setup,2024-06-12 13:30:00,2026-04-29 13:30:00,2026-07-23 13:30:00,74.15,69.29,70.0,71.15,4.22,182.0,528,,,,121.84,0.0,Sprouts Farmers Market,S&P MidCap 400,US,0.15654126984126987
532,EQT,54.18,52.26,55.93,-3.1,56.1,triple_bottom_setup,2025-03-07 14:30:00,2026-01-15 14:30:00,2026-07-10 13:30:00,45.18,49.26,47.94,47.46,4.8,68.24,336,,,,25.95,0.0,EQT Corporation,S&P 500,US,0.15619444444444444
533,IBM,233.87,242.26,260.32,-10.2,49.1,triple_bottom_setup,2025-03-20 13:30:00,2025-08-12 13:30:00,2026-06-18 13:30:00,237.22,233.36,243.68,238.09,2.35,332.46,313,,,,42.16,0.0,IBM,S&P 500,US,0.1561521164021164
534,META,572.34,592.05,621.73,-7.9,47.5,triple_bottom_setup,2024-11-21 14:30:00,2026-03-27 13:30:00,2026-07-30 13:30:00,549.05,520.26,524.49,531.27,3.35,796.25,420,,,,39.12,0.0,Meta Platforms,S&P 500,US,0.15530555555555556
535,TDG,1171.74,1254.35,1272.75,-7.9,37.0,triple_bottom_setup,2025-04-07 13:30:00,2026-05-15 13:30:00,2026-07-22 13:30:00,1183.6,1143.4,1192.08,1173.03,2.53,1623.83,323,,,,38.58,0.0,TransDigm Group,S&P 500,US,0.15477486772486773
536,ARES,143.17,129.06,131.49,8.9,59.4,triple_bottom_setup,2025-04-07 13:30:00,2026-04-30 13:30:00,2026-06-29 13:30:00,110.63,108.78,105.79,108.4,2.41,195.26,307,,,,36.38,0.0,Ares Management,S&P 500,US,0.1544584656084656
537,SLM,25.97,25.88,24.38,6.5,45.4,triple_bottom_setup,2024-03-19 13:30:00,2024-06-10 13:30:00,2026-06-10 13:30:00,20.2,19.49,21.26,20.32,4.64,34.97,558,,,,34.66,0.0,SLM Corp,S&P MidCap 400,US,0.1542095238095238
538,MLM,518.7,560.85,601.87,-13.8,38.6,triple_bottom_setup,2024-04-19 13:30:00,2024-07-02 13:30:00,2026-06-11 13:30:00,572.57,525.69,545.56,547.94,4.5,710.97,537,,,,37.07,0.0,Martin Marietta Materials,S&P 500,US,0.15353174603174605
539,UBER,75.65,73.77,76.65,-1.3,49.9,triple_bottom_setup,2024-05-29 13:30:00,2024-09-11 13:30:00,2026-06-11 13:30:00,62.91,67.12,67.19,65.74,4.3,101.99,510,,,,34.82,0.0,Uber,S&P 500,US,0.15296031746031746
540,ENSG,172.26,173.47,182.36,-5.5,38.8,triple_bottom_setup,2025-01-07 14:30:00,2025-07-23 13:30:00,2026-06-11 13:30:00,128.63,134.79,141.58,135.0,4.87,218.0,357,,,,26.55,0.0,Ensign Group,S&P MidCap 400,US,0.15292222222222224
541,PSH.L,3930.0,3836.54,4245.71,-7.4,55.6,triple_bottom_setup,2025-06-23 07:00:00,2026-03-27 08:00:00,2026-07-23 07:00:00,3752.31,3808.0,3642.0,3734.1,2.47,5095.0,275,,,,29.64,0.0,Pershing Square Holdings,STOXX 600,Europe,0.1523256613756614
542,HLI,133.29,133.91,153.81,-13.3,54.2,triple_bottom_setup,2025-04-07 13:30:00,2026-03-24 13:30:00,2026-07-13 13:30:00,137.99,134.41,130.72,134.37,2.72,211.78,316,,,,58.88,0.0,Houlihan Lokey,S&P MidCap 400,US,0.1509989417989418
543,CDW,151.58,137.1,130.23,16.4,62.7,triple_bottom_setup,2025-04-07 13:30:00,2025-11-21 14:30:00,2026-07-21 13:30:00,137.31,135.63,127.39,133.44,4.54,192.3,322,,,,26.86,0.0,CDW Corporation,S&P 500,US,0.15065925925925927
544,CEG,274.77,264.66,296.5,-7.3,52.6,triple_bottom_setup,2024-10-11 13:30:00,2025-01-28 14:30:00,2026-06-10 13:30:00,249.05,259.09,240.51,249.55,3.82,412.7,415,,,,50.2,0.0,Constellation Energy,S&P 500,US,0.1475941798941799
545,CVLT,137.52,139.04,113.31,21.4,50.9,triple_bottom_setup,2024-05-31 13:30:00,2025-12-05 14:30:00,2026-07-31 13:30:00,105.76,114.47,113.53,111.25,4.94,200.68,542,,,,45.93,0.0,CommVault Systems,S&P MidCap 400,US,0.1475931216931217
546,TOST,34.09,31.66,30.17,13.0,50.0,triple_bottom_setup,2024-09-06 13:30:00,2026-04-09 13:30:00,2026-06-11 13:30:00,22.91,24.8,23.79,23.83,4.06,49.66,441,,,,45.67,0.0,"Toast, Inc.",S&P MidCap 400,US,0.14743333333333336
547,AXON,566.56,560.14,506.29,11.9,46.3,triple_bottom_setup,2024-10-31 13:30:00,2026-02-06 14:30:00,2026-06-18 13:30:00,422.38,396.41,402.0,406.93,3.8,885.92,407,,,,56.37,0.0,Axon Enterprise,S&P 500,US,0.14683597883597885
548,ESAB,75.38,87.97,102.62,-26.5,35.5,triple_bottom_setup,2024-08-02 13:30:00,2026-05-20 13:30:00,2026-07-23 13:30:00,88.54,83.17,82.3,84.67,4.57,137.42,493,,,,82.3,0.0,ESAB,S&P MidCap 400,US,0.1466616402116402
549,IPGP,76.08,93.47,101.46,-25.0,39.7,triple_bottom_setup,2024-06-20 13:30:00,2026-05-05 13:30:00,2026-07-29 13:30:00,80.27,86.0,79.69,81.99,4.9,155.82,527,,,,104.81,0.0,IPG Photonics,S&P MidCap 400,US,0.1462089947089947
550,BJ,90.65,92.12,93.41,-3.0,42.7,triple_bottom_setup,2025-01-03 14:30:00,2026-04-10 13:30:00,2026-07-09 13:30:00,87.46,89.67,83.8,86.98,3.65,121.1,377,,,,33.59,0.0,BJ's Wholesale Club,S&P MidCap 400,US,0.14511772486772487
551,GME,18.38,20.44,22.22,-17.3,39.9,triple_bottom_setup,2025-06-12 13:30:00,2026-03-27 13:30:00,2026-06-23 13:30:00,21.54,22.03,20.93,21.5,2.65,28.1,257,,,,52.88,0.0,GameStop,S&P MidCap 400,US,0.14424470899470898
552,VFC,13.44,15.74,17.51,-23.2,33.0,triple_bottom_setup,2024-08-05 13:30:00,2026-05-21 13:30:00,2026-07-31 13:30:00,14.7,15.56,14.28,14.85,4.8,29.02,498,,,,115.92,0.0,VF Corporation,S&P MidCap 400,US,0.14387301587301587
553,IMB.L,2527.0,2718.61,2959.2,-14.6,36.8,triple_bottom_setup,2024-12-19 08:00:00,2025-02-21 08:00:00,2026-06-22 07:00:00,2536.0,2647.0,2721.0,2634.67,3.74,3632.04,377,,,,43.73,0.0,Imperial Brands,STOXX 600,Europe,0.14376772486772488
554,WMS,135.73,145.57,147.6,-8.0,39.2,triple_bottom_setup,2024-11-21 14:30:00,2026-05-22 13:30:00,2026-07-31 13:30:00,127.62,128.03,136.07,130.58,4.21,179.32,421,,,,32.11,0.0,Advanced Drainage Systems,S&P MidCap 400,US,0.14253783068783069
555,RKT.L,5132.0,5075.37,5466.35,-6.1,51.2,triple_bottom_setup,2025-05-15 07:00:00,2026-04-22 07:00:00,2026-07-23 07:00:00,4942.71,4574.0,4895.0,4803.9,4.79,6522.92,301,,,,27.1,0.0,Reckitt,STOXX 600,Europe,0.14213148148148147
556,NOC,539.7,539.81,598.2,-9.8,43.5,triple_bottom_setup,2025-01-07 14:30:00,2025-05-14 13:30:00,2026-07-21 13:30:00,450.81,453.01,479.02,460.95,3.92,774.0,383,,,,43.41,0.0,Northrop Grumman,S&P 500,US,0.14186137566137566
557,NBA.LS,7.1,7.65,8.63,-17.8,36.6,triple_bottom_setup,2025-07-15 08:00:00,2025-09-30 08:00:00,2026-07-10 08:00:00,7.65,7.7,7.36,7.57,2.77,9.5,252,,,,33.8,0.0,Novabase,STOXX 600,Europe,0.14178333333333332
558,AMT,175.7,171.04,175.39,0.2,54.0,triple_bottom_setup,2025-01-10 14:30:00,2026-01-09 14:30:00,2026-07-06 13:30:00,172.51,166.88,160.06,166.48,3.86,234.33,370,,,,33.37,0.0,American Tower,S&P 500,US,0.14104179894179894
559,FSLR,201.9,222.96,231.68,-12.9,37.2,triple_bottom_setup,2024-09-10 13:30:00,2026-04-21 13:30:00,2026-07-28 13:30:00,202.15,185.13,195.84,194.37,4.76,320.95,470,,,,58.96,0.0,First Solar,S&P 500,US,0.14076931216931218
560,NCLH,16.14,19.16,19.9,-18.9,32.0,triple_bottom_setup,2025-06-23 13:30:00,2026-03-30 13:30:00,2026-07-31 13:30:00,17.42,17.56,18.31,17.76,3.08,27.18,278,,,,68.4,0.0,Norwegian Cruise Line Holdings,S&P 500,US,0.14057248677248677
561,IDXX,556.69,558.99,610.27,-8.8,48.6,triple_bottom_setup,2025-07-16 13:30:00,2026-05-13 13:30:00,2026-08-17 13:30:00,506.91,523.38,538.2,522.83,3.04,769.98,273,,,,38.31,0.0,Idexx Laboratories,S&P 500,US,0.14051111111111111
562,GIVN.SW,3322.0,3341.36,3057.78,8.6,52.7,triple_bottom_setup,2025-04-09 07:00:00,2025-08-27 07:00:00,2026-07-23 07:00:00,3440.0,3296.0,3128.0,3288.0,4.87,4236.0,319,,,,27.51,0.0,Givaudan SA,STOXX 600,Europe,0.13989576719576718
563,RBA,84.58,102.35,103.25,-18.1,32.9,triple_bottom_setup,2025-02-03 14:30:00,2025-04-07 13:30:00,2026-08-17 13:30:00,86.68,87.87,82.03,85.53,4.09,119.58,385,,,,41.38,0.0,RB Global,S&P MidCap 400,US,0.13957592592592594
564,GNRC,185.38,224.88,207.88,-10.8,32.6,triple_bottom_setup,2024-11-20 14:30:00,2025-09-04 13:30:00,2026-07-28 13:30:00,177.34,174.02,187.55,179.64,4.41,296.44,419,,,,59.91,0.0,Generac,S&P 500,US,0.1392732804232804
565,KR,57.54,57.32,63.47,-9.3,50.5,triple_bottom_setup,2025-01-16 14:30:00,2026-01-08 14:30:00,2026-07-23 13:30:00,58.12,58.6,54.83,57.18,4.12,76.58,379,,,,33.09,0.0,Kroger,S&P 500,US,0.1383322751322751
566,KKR,109.72,101.35,105.52,4.0,57.2,triple_bottom_setup,2025-04-07 13:30:00,2026-03-12 13:30:00,2026-06-29 13:30:00,86.15,82.67,88.23,85.68,3.52,153.87,307,,,,40.24,0.0,KKR & Co.,S&P 500,US,0.1378084656084656
567,HCA,414.45,401.06,452.25,-8.4,52.5,triple_bottom_setup,2024-09-09 13:30:00,2025-06-16 13:30:00,2026-06-08 13:30:00,379.26,350.74,356.89,362.3,4.68,556.52,437,,,,34.28,0.0,HCA Healthcare,S&P 500,US,0.13760423280423278
568,OLN,17.4,19.92,22.9,-24.0,34.7,triple_bottom_setup,2025-06-03 13:30:00,2025-08-01 13:30:00,2026-07-01 13:30:00,18.71,18.08,19.25,18.68,3.21,30.46,270,,,,75.06,0.0,Olin Corporation,S&P MidCap 400,US,0.13756428571428572
569,CLF,11.55,10.92,11.39,1.4,50.4,triple_bottom_setup,2024-12-30 14:30:00,2025-03-11 13:30:00,2026-07-01 13:30:00,8.99,8.5,9.11,8.87,4.14,16.7,375,,,,44.59,0.0,Cleveland-Cliffs,S&P MidCap 400,US,0.13750317460317463
570,PINS,21.71,22.79,22.04,-1.5,39.1,triple_bottom_setup,2025-04-07 13:30:00,2025-11-21 14:30:00,2026-08-13 13:30:00,23.68,24.37,22.65,23.57,3.88,39.93,339,,,,83.92,0.0,Pinterest,S&P MidCap 400,US,0.13664126984126984
571,PSN.L,1178.5,1109.85,1215.36,-3.0,57.1,triple_bottom_setup,2025-04-09 07:00:00,2026-04-01 07:00:00,2026-06-22 07:00:00,1082.0,1055.0,1011.5,1049.5,3.62,1552.0,301,,,,31.69,0.0,Persimmon,STOXX 600,Europe,0.1355148148148148
572,HOLN.SW,73.02,73.36,72.16,1.2,54.1,triple_bottom_setup,2025-04-07 07:00:00,2025-12-10 08:00:00,2026-06-10 07:00:00,75.5,73.66,70.66,73.27,3.57,98.46,290,,,,34.84,0.0,Holcim Limited,STOXX 600,Europe,0.13480978835978835
573,FNF,46.45,49.27,50.29,-7.6,36.0,triple_bottom_setup,2025-05-22 13:30:00,2025-10-13 13:30:00,2026-07-23 13:30:00,51.16,52.59,48.08,50.61,5.0,59.21,292,,,,27.47,0.0,Fidelity National Financial,S&P MidCap 400,US,0.13470767195767197
574,KBH,53.3,56.77,56.16,-5.1,41.9,triple_bottom_setup,2025-03-04 14:30:00,2026-01-29 14:30:00,2026-07-21 13:30:00,59.0,56.0,54.01,56.34,4.73,68.71,346,,,,28.91,0.0,KB Home,S&P MidCap 400,US,0.13390052910052908
575,ALGN,159.79,172.52,170.14,-6.1,40.6,triple_bottom_setup,2025-03-13 13:30:00,2026-05-20 13:30:00,2026-07-31 13:30:00,158.13,151.58,164.74,158.15,4.17,208.31,347,,,,30.36,0.0,Align Technology,S&P 500,US,0.13334947089947088
576,GAP,22.31,20.08,23.67,-5.7,60.9,triple_bottom_setup,2024-11-20 14:30:00,2026-05-19 13:30:00,2026-07-24 13:30:00,20.13,20.05,18.68,19.62,4.79,29.36,417,,,,31.6,0.0,Gap Inc.,S&P MidCap 400,US,0.13330873015873015
577,NYR.BR,0.06,0.06,0.07,-19.3,45.0,triple_bottom_setup,2025-03-25 08:00:00,2025-12-31 08:00:00,2026-06-30 07:00:00,0.05,0.05,0.05,0.05,3.97,0.12,321,,,,97.5,0.0,Nyrstar,STOXX 600,Europe,0.13291031746031745
578,PNDORA.CO,854.0,781.61,620.06,37.7,63.1,triple_bottom_setup,2025-04-07 07:00:00,2025-10-15 07:00:00,2026-07-24 07:00:00,805.4,788.0,750.0,781.13,3.99,1225.5,319,,,,43.5,0.0,Pandora,STOXX 600,Europe,0.13234576719576718
579,IR,77.05,81.91,82.0,-6.0,35.4,triple_bottom_setup,2025-06-23 13:30:00,2026-04-02 13:30:00,2026-07-08 13:30:00,79.74,76.01,75.4,77.05,3.49,100.96,261,,,,31.03,0.0,Ingersoll Rand,S&P 500,US,0.13217380952380953
580,DOW,30.52,29.63,30.62,-0.3,50.8,triple_bottom_setup,2025-04-09 13:30:00,2025-07-01 13:30:00,2026-07-01 13:30:00,25.06,26.37,26.8,26.08,3.9,42.74,307,,,,40.04,0.0,Dow Inc.,S&P 500,US,0.13210846560846562
581,NXPI,224.64,256.47,241.93,-7.1,38.4,triple_bottom_setup,2025-06-23 13:30:00,2026-02-03 14:30:00,2026-08-03 13:30:00,205.87,207.01,218.24,210.37,3.74,339.95,279,,,,51.33,0.0,NXP Semiconductors,S&P 500,US,0.1308047619047619
582,JEF,52.64,54.07,52.78,-0.3,43.4,triple_bottom_setup,2025-07-16 13:30:00,2026-05-20 13:30:00,2026-07-31 13:30:00,53.96,50.81,51.45,52.07,3.62,71.04,262,,,,34.95,0.0,Jefferies,S&P MidCap 400,US,0.13035608465608464
583,DKS,135.1,203.23,207.41,-34.9,24.0,triple_bottom_setup,2025-03-13 13:30:00,2025-08-01 13:30:00,2026-07-31 13:30:00,186.09,202.52,195.18,194.6,4.37,244.38,347,,,,80.89,0.0,Dick's Sporting Goods,S&P MidCap 400,US,0.13034947089947088
584,STWD,15.7,16.38,16.8,-6.5,35.0,triple_bottom_setup,2025-04-09 13:30:00,2025-11-18 14:30:00,2026-07-02 13:30:00,16.59,17.46,16.29,16.78,4.05,21.05,308,,,,34.08,0.0,Starwood Property Trust,S&P MidCap 400,US,0.12999074074074074
585,CHDN,87.48,87.17,94.29,-7.2,48.0,triple_bottom_setup,2025-04-25 13:30:00,2026-05-26 13:30:00,2026-07-30 13:30:00,85.58,81.45,79.4,82.14,4.18,118.46,316,,,,35.41,0.0,Churchill Downs Inc.,S&P MidCap 400,US,0.1290989417989418
586,AOS,59.13,61.04,64.67,-8.6,40.4,triple_bottom_setup,2025-04-09 13:30:00,2025-06-20 13:30:00,2026-07-20 13:30:00,58.83,62.2,58.0,59.68,4.23,81.87,319,,,,38.46,0.0,A. O. Smith,S&P 500,US,0.1287457671957672
587,LOGN.SW,79.88,81.97,80.53,-0.8,45.2,triple_bottom_setup,2025-06-23 07:00:00,2026-04-13 07:00:00,2026-06-30 07:00:00,68.04,70.32,73.84,70.73,4.39,102.8,254,,,,28.69,0.0,Logitech International SA,STOXX 600,Europe,0.12866455026455026
588,CCL,23.89,27.18,27.56,-13.3,30.3,triple_bottom_setup,2025-01-07 14:30:00,2026-05-20 13:30:00,2026-07-23 13:30:00,23.27,23.45,25.1,23.94,4.85,34.03,385,,,,42.44,0.0,Carnival Corporation,S&P 500,US,0.12817592592592592
589,GNTX,22.37,23.97,23.27,-3.9,33.3,triple_bottom_setup,2025-03-04 14:30:00,2025-11-20 14:30:00,2026-07-08 13:30:00,23.63,21.69,22.54,22.62,4.47,29.38,337,,,,31.34,0.0,Gentex,S&P MidCap 400,US,0.12752671957671957
590,PVH,74.16,79.54,76.66,-3.3,38.3,triple_bottom_setup,2025-04-30 13:30:00,2025-11-19 14:30:00,2026-06-25 13:30:00,66.84,72.25,69.15,69.41,4.09,100.75,289,,,,35.85,0.0,PVH Corp.,S&P MidCap 400,US,0.12687751322751323
591,CNA.L,155.4,163.48,182.79,-15.0,43.0,triple_bottom_setup,2025-07-18 07:00:00,2025-11-24 08:00:00,2026-08-05 07:00:00,152.45,161.05,151.45,154.98,3.91,220.3,265,,,,41.76,0.0,Centrica,STOXX 600,Europe,0.12640291005291004
592,RYN,20.5,21.45,21.19,-3.2,39.0,triple_bottom_setup,2025-04-09 13:30:00,2025-06-30 13:30:00,2026-07-09 13:30:00,22.8,21.84,20.9,21.85,4.36,27.34,312,,,,33.37,0.0,Rayonier,S&P MidCap 400,US,0.12586984126984127
593,MOS,24.12,22.41,24.25,-0.5,59.0,triple_bottom_setup,2025-04-07 13:30:00,2026-05-19 13:30:00,2026-08-17 13:30:00,22.36,20.89,20.82,21.36,4.7,38.23,341,,,,58.5,0.0,Mosaic Company (The),S&P 500,US,0.12460582010582011
594,CRH,94.29,100.97,110.99,-15.0,41.2,triple_bottom_setup,2025-02-03 14:30:00,2025-07-16 13:30:00,2026-06-10 13:30:00,96.14,91.22,99.95,95.77,4.75,131.55,339,,,,39.52,0.0,CRH plc,S&P 500,US,0.12359126984126985
595,PCG,13.27,17.32,16.75,-20.8,22.0,triple_bottom_setup,2025-02-04 14:30:00,2025-04-09 13:30:00,2026-06-17 13:30:00,14.99,15.47,16.35,15.6,4.79,19.16,343,,,,44.39,0.0,PG&E Corporation,S&P 500,US,0.12352037037037036
596,THO,76.0,76.78,88.12,-13.8,43.9,triple_bottom_setup,2025-03-13 13:30:00,2026-04-02 13:30:00,2026-06-22 13:30:00,75.78,74.66,70.17,73.54,4.58,122.83,319,,,,61.62,0.0,Thor Industries,S&P MidCap 400,US,0.1234957671957672
597,WTB.L,2459.0,2441.24,2493.45,-1.4,49.6,triple_bottom_setup,2025-04-07 07:00:00,2026-04-30 07:00:00,2026-07-14 07:00:00,2253.0,2098.0,2255.0,2202.0,4.72,3302.0,319,,,,34.28,0.0,Whitbread,STOXX 600,Europe,0.12139576719576721
598,QCOM,170.48,173.64,167.08,2.0,55.5,triple_bottom_setup,2025-05-23 13:30:00,2026-02-05 14:30:00,2026-08-03 13:30:00,141.77,132.73,142.89,139.13,4.6,259.92,298,,,,52.46,0.0,Qualcomm,S&P 500,US,0.12041798941798942
599,BROS,48.86,60.99,57.35,-14.8,33.6,triple_bottom_setup,2025-03-10 13:30:00,2026-01-06 14:30:00,2026-07-08 13:30:00,57.36,58.65,62.4,59.47,4.93,77.88,333,,,,59.39,0.0,Dutch Bros Inc.,S&P MidCap 400,US,0.12009761904761904
600,VICI,25.65,26.46,27.36,-6.2,39.8,triple_bottom_setup,2025-04-09 13:30:00,2026-01-30 14:30:00,2026-06-22 13:30:00,28.63,27.58,26.08,27.43,4.93,34.01,300,,,,32.59,0.0,Vici Properties,S&P 500,US,0.11573253968253967
601,SAM,177.81,181.55,203.98,-12.8,43.2,triple_bottom_setup,2025-06-26 13:30:00,2026-05-14 13:30:00,2026-08-11 13:30:00,185.34,169.98,174.78,176.7,4.89,264.46,282,,,,48.73,0.0,Boston Beer Company,S&P MidCap 400,US,0.1139515873015873
602,ALK,41.33,47.24,45.89,-9.9,38.2,triple_bottom_setup,2025-04-24 13:30:00,2025-11-20 14:30:00,2026-06-10 13:30:00,39.79,37.63,41.29,39.57,4.9,65.88,283,,,,59.4,0.0,Alaska Air Group,S&P MidCap 400,US,0.11393386243386244
603,STJ.L,1186.0,1160.54,1267.91,-6.5,56.8,triple_bottom_setup,2025-06-13 07:00:00,2026-05-20 07:00:00,2026-07-29 07:00:00,1067.25,1133.0,1038.75,1079.67,4.94,1575.5,285,,,,32.84,0.0,St. James's Place,STOXX 600,Europe,0.1135984126984127
604,WLK,75.07,75.63,86.68,-13.4,45.5,triple_bottom_setup,2025-06-03 13:30:00,2025-08-01 13:30:00,2026-07-01 13:30:00,68.55,75.07,71.23,71.62,4.82,124.23,270,,,,65.49,0.0,Westlake Corporation,S&P MidCap 400,US,0.11341428571428572
